,length,median,mean
0,60,-0.010051449,-0.000916678
1,120,-0.017306352,-0.001700956
2,180,-0.023784965,-0.003311009
3,240,-0.025758564,-0.004359995
4,300,-0.025462968,-0.004817947
5,360,-0.026045276,-0.005285151
6,420,-0.029464198,-0.005318321
7,480,-0.029992964,-0.004991863
8,540,-0.030869374,-0.004807668
9,600,-0.030035117,-0.005001636
10,660,-0.027642048,-0.004675386
11,720,-0.02889314,-0.004949636
12,780,-0.03045658,-0.005399078
13,840,-0.032273011,-0.005705457
14,900,-0.036035245,-0.006319001
15,960,-0.038149209,-0.006436131
16,1020,-0.037637415,-0.00673444
17,1080,-0.039129471,-0.007774547
18,1140,-0.041589458,-0.009264903
19,1200,-0.045144601,-0.01049287
20,1260,-0.047498566,-0.012084349
21,1320,-0.048844285,-0.013230373
22,1380,-0.050201526,-0.014441983
23,1440,-0.050973394,-0.015679858
24,1500,-0.050025898,-0.016897455
25,1560,-0.047271721,-0.01750961
26,1620,-0.044862002,-0.018048436
27,1680,-0.043531377,-0.018946594
28,1740,-0.043940097,-0.019434862
29,1800,-0.044395502,-0.019558429
30,1860,-0.04598895,-0.019745142
31,1920,-0.045527927,-0.019940059
32,1980,-0.044509566,-0.01979478
33,2040,-0.044362465,-0.019878024
34,2100,-0.044291404,-0.019842201
35,2160,-0.043765205,-0.019978745
36,2220,-0.042384254,-0.019863163
37,2280,-0.039379411,-0.020225456
38,2340,-0.037805555,-0.020454276
39,2400,-0.036843101,-0.020245927
40,2460,-0.034040754,-0.020035112
41,2520,-0.032844499,-0.020061471
42,2580,-0.031267625,-0.020320719
43,2640,-0.030752075,-0.020419885
44,2700,-0.029488482,-0.020229627
45,2760,-0.025952056,-0.019628135
46,2820,-0.024221256,-0.018866407
47,2880,-0.019612554,-0.018084819
48,2940,-0.017811416,-0.017484498
49,3000,-0.014982958,-0.01669413
50,3060,-0.013883811,-0.015882883
51,3120,-0.011997397,-0.014904059
52,3180,-0.01198805,-0.014389608
53,3240,-0.009598405,-0.013644852
54,3300,-0.00768177,-0.012829914
55,3360,-0.005435478,-0.012046668
56,3420,-0.003114691,-0.011074121
57,3480,-0.000946061,-0.010126075
58,3540,-0.002645806,-0.009557972
59,3600,0.000497094,-0.008671062
60,3660,0.002841014,-0.007634831
61,3720,0.004106729,-0.006975436
62,3780,0.005410356,-0.0063455
63,3840,0.008888586,-0.00554885
64,3900,0.010712581,-0.004902339
65,3960,0.014928087,-0.004052627
66,4020,0.01625647,-0.003562598
67,4080,0.019038453,-0.002855226
68,4140,0.022102561,-0.002022437
69,4200,0.024522493,-0.001429263
70,4260,0.02789807,-0.000411082
71,4320,0.029628368,0.000267738
72,4380,0.032082371,0.001135715
73,4440,0.034902211,0.001914003
74,4500,0.03903633,0.002927445
75,4560,0.041430369,0.004126709
76,4620,0.044332977,0.005041673
77,4680,0.04776181,0.005793505
78,4740,0.049695092,0.006970418
79,4800,0.052186878,0.008136457
80,4860,0.054469614,0.009263982
81,4920,0.058269998,0.010056763
82,4980,0.060585694,0.011016315
83,5040,0.062176651,0.011572065
84,5100,0.064492741,0.012385928
85,5160,0.065590542,0.012904545
86,5220,0.067608353,0.013430395
87,5280,0.069682524,0.013812012
88,5340,0.072507798,0.014238472
89,5400,0.073403674,0.014822701
90,5460,0.074548617,0.015029426
91,5520,0.076278191,0.015449423
92,5580,0.077916233,0.015928573
93,5640,0.078414777,0.016561691
94,5700,0.080257235,0.016819374
95,5760,0.081526228,0.017433519
96,5820,0.084469057,0.018484611
97,5880,0.085958628,0.019266656
98,5940,0.08932084,0.020079539
99,6000,0.089839662,0.020499978
100,6060,0.092453124,0.021538502
101,6120,0.092643223,0.022004644
102,6180,0.094231556,0.022864289
103,6240,0.096678975,0.023731523
104,6300,0.098107423,0.024439147
105,6360,0.100258011,0.025071279
106,6420,0.101064889,0.025566648
107,6480,0.101632651,0.026134634
108,6540,0.101452967,0.026503286
109,6600,0.102655826,0.027175027
110,6660,0.104575502,0.02752661
111,6720,0.104196456,0.027917942
112,6780,0.105143192,0.028542364
113,6840,0.105598833,0.029163109
114,6900,0.10711462,0.030035515
115,6960,0.108577496,0.031039991
116,7020,0.110520795,0.032153561
117,7080,0.11305993,0.03323045
118,7140,0.113127986,0.034095024
119,7200,0.115561274,0.035271497
120,7260,0.11697936,0.035982016
121,7320,0.118830005,0.037441884
122,7380,0.118686335,0.03796149
123,7440,0.120853734,0.039182375
124,7500,0.121765764,0.039756536
125,7560,0.121812693,0.04010417
126,7620,0.123045483,0.040834867
127,7680,0.125040611,0.041939085
128,7740,0.126964934,0.043148468
129,7800,0.128636296,0.044583849
130,7860,0.130678512,0.045977377
131,7920,0.131822634,0.047177317
132,7980,0.133713385,0.048269126
133,8040,0.13533494,0.049647586
134,8100,0.136668011,0.0507802
135,8160,0.139594896,0.052205021
136,8220,0.142708505,0.053763519
137,8280,0.146199401,0.055498495
138,8340,0.150695809,0.05729415
139,8400,0.153761257,0.058788358
140,8460,0.157197276,0.060452043
141,8520,0.159853326,0.062054611
142,8580,0.162238411,0.063672696
143,8640,0.165047387,0.065368781
144,8700,0.16855223,0.067144113
145,8760,0.17248943,0.068910241
146,8820,0.174502621,0.070766522
147,8880,0.178131881,0.072494078
148,8940,0.179858685,0.074383374
149,9000,0.182022371,0.076225442
150,9060,0.183098986,0.077619565
151,9120,0.18477417,0.079425795
152,9180,0.187036771,0.081030468
153,9240,0.188823752,0.082306974
154,9300,0.19132955,0.08402421
155,9360,0.194462687,0.085817308
156,9420,0.197848081,0.087568877
157,9480,0.199827959,0.08948286
158,9540,0.202016546,0.091225286
159,9600,0.204441107,0.093066483
160,9660,0.2061886,0.09450183
161,9720,0.20817211,0.096021065
162,9780,0.211665002,0.097953854
163,9840,0.214779331,0.099973451
164,9900,0.218307598,0.101539974
165,9960,0.220797566,0.103003054
166,10020,0.222648774,0.104542094
167,10080,0.224851416,0.106240419
168,10140,0.226954091,0.10773933
169,10200,0.228622379,0.109538887
170,10260,0.230716037,0.110991988
171,10320,0.234079087,0.112734242
172,10380,0.23766221,0.114667848
173,10440,0.238865073,0.116426029
174,10500,0.242127392,0.117939125
175,10560,0.244625367,0.119825816
176,10620,0.247036319,0.121671714
177,10680,0.250278347,0.123166535
178,10740,0.253232756,0.125020427
179,10800,0.255645054,0.126984065
180,10860,0.258811595,0.128488753
181,10920,0.261330116,0.130098597
182,10980,0.264178103,0.131394901
183,11040,0.26636068,0.13295079
184,11100,0.269346703,0.134824553
185,11160,0.270638772,0.136591834
186,11220,0.272899291,0.138472731
187,11280,0.276506525,0.14014293
188,11340,0.278982775,0.142193107
189,11400,0.28180933,0.144590539
190,11460,0.283760205,0.146305918
191,11520,0.286170387,0.148503896
192,11580,0.288706786,0.151124226
193,11640,0.290829258,0.153575257
194,11700,0.293207318,0.155682792
195,11760,0.295877114,0.15769354
196,11820,0.298145492,0.159475162
197,11880,0.299394887,0.161533163
198,11940,0.300880328,0.162969715
199,12000,0.302165895,0.164529724
200,12060,0.304711112,0.166573244
201,12120,0.307592077,0.168569511
202,12180,0.310203107,0.17073819
203,12240,0.312553744,0.173269021
204,12300,0.315318541,0.175821849
205,12360,0.317531921,0.177773368
206,12420,0.318966969,0.179700819
207,12480,0.320179123,0.181661703
208,12540,0.322560261,0.183910325
209,12600,0.324695405,0.185811244
210,12660,0.326742946,0.187602829
211,12720,0.330192638,0.189904447
212,12780,0.331910668,0.192111245
213,12840,0.334304643,0.194502664
214,12900,0.336870763,0.196697535
215,12960,0.33853577,0.198940393
216,13020,0.341398335,0.200864401
217,13080,0.343114692,0.202539634
218,13140,0.344529003,0.203835418
219,13200,0.346869297,0.206102928
220,13260,0.348838967,0.207911592
221,13320,0.350263646,0.209777016
222,13380,0.351479824,0.211691629
223,13440,0.35323705,0.213335336
224,13500,0.354761516,0.215088499
225,13560,0.356821614,0.2170998
226,13620,0.358383211,0.218656686
227,13680,0.360790632,0.220403394
228,13740,0.362461298,0.222540279
229,13800,0.364993105,0.224207515
230,13860,0.366937177,0.225984346
231,13920,0.368925792,0.227802121
232,13980,0.371164336,0.229310092
233,14040,0.373267042,0.230775416
234,14100,0.374772034,0.231938564
235,14160,0.37561883,0.233237107
236,14220,0.377734529,0.235043544
237,14280,0.378936451,0.236737724
238,14340,0.380455387,0.23844935
239,14400,0.38116912,0.239485032
240,14460,0.383111903,0.240885845
241,14520,0.384615075,0.242533866
242,14580,0.385111993,0.243493741
243,14640,0.387291351,0.244721756
244,14700,0.388589416,0.245740667
245,14760,0.389560575,0.2468223
246,14820,0.390824186,0.248004068
247,14880,0.391207747,0.248933857
248,14940,0.392906722,0.249824256
249,15000,0.392734093,0.250662252
250,15060,0.393820944,0.251196795
251,15120,0.394174817,0.251740536
252,15180,0.39446398,0.252238913
253,15240,0.394571211,0.253188041
254,15300,0.394886088,0.253885498
255,15360,0.394795516,0.25487531
256,15420,0.395903703,0.255748461
257,15480,0.396782609,0.257116699
258,15540,0.397729317,0.258205591
259,15600,0.400116853,0.259714864
260,15660,0.401128286,0.260860691
261,15720,0.401941698,0.26216724
262,15780,0.403946502,0.264061133
263,15840,0.406563462,0.266182293
264,15900,0.408634461,0.267792302
265,15960,0.411264607,0.269860537
266,16020,0.413735521,0.271603505
267,16080,0.415435921,0.273153548
268,16140,0.417697422,0.274969061
269,16200,0.419514463,0.276670189
270,16260,0.421084122,0.277963464
271,16320,0.42368927,0.27978997
272,16380,0.425130867,0.281230025
273,16440,0.42718749,0.282499342
274,16500,0.42987359,0.284212834
275,16560,0.431351321,0.286052472
276,16620,0.434102582,0.287702451
277,16680,0.437001604,0.289834578
278,16740,0.439040646,0.291281654
279,16800,0.440038192,0.292424743
280,16860,0.441944642,0.293612305
281,16920,0.443715472,0.295015533
282,16980,0.445574053,0.296362999
283,17040,0.447838329,0.297693969
284,17100,0.449329158,0.299131511
285,17160,0.451314055,0.300560244
286,17220,0.452612547,0.302473969
287,17280,0.453241341,0.304523772
288,17340,0.454715216,0.306354807
289,17400,0.455801537,0.308154846
290,17460,0.457549279,0.31011896
291,17520,0.458340227,0.311423386
292,17580,0.459561411,0.312481813
293,17640,0.46141562,0.313810017
294,17700,0.463089024,0.315313975
295,17760,0.463400666,0.316218461
296,17820,0.464659908,0.316900947
297,17880,0.464438311,0.31738927
298,17940,0.465242007,0.318355955
299,18000,0.465480829,0.31901736
300,18060,0.464905253,0.319949294
301,18120,0.46557782,0.321059189
302,18180,0.468032627,0.322511673
303,18240,0.469625723,0.324179124
304,18300,0.470546478,0.325341452
305,18360,0.472240426,0.326944769
306,18420,0.473196834,0.328348223
307,18480,0.475473819,0.329782637
308,18540,0.477154134,0.331319136
309,18600,0.478530124,0.332966491
310,18660,0.480296299,0.334682808
311,18720,0.481603417,0.336546238
312,18780,0.482575501,0.338000093
313,18840,0.482990483,0.338813651
314,18900,0.485328051,0.340120026
315,18960,0.486142212,0.341322368
316,19020,0.486147507,0.342112539
317,19080,0.486034196,0.342517502
318,19140,0.486742411,0.342717342
319,19200,0.487728267,0.343665301
320,19260,0.487381301,0.344473817
321,19320,0.487639016,0.345302861
322,19380,0.489312026,0.346482681
323,19440,0.489801979,0.34715886
324,19500,0.489707792,0.347573959
325,19560,0.491662996,0.348787727
326,19620,0.493538272,0.35016703
327,19680,0.494065304,0.350946958
328,19740,0.494467597,0.351876699
329,19800,0.494682281,0.352876572
330,19860,0.495022799,0.353800275
331,19920,0.496660767,0.354790317
332,19980,0.496258706,0.355533952
333,20040,0.496235636,0.356349253
334,20100,0.495397161,0.356786745
335,20160,0.495170822,0.357267512
336,20220,0.494217991,0.35804292
337,20280,0.494657622,0.359074109
338,20340,0.493849284,0.359568378
339,20400,0.493705387,0.359939435
340,20460,0.493311616,0.360648857
341,20520,0.493072475,0.361097793
342,20580,0.492521921,0.361665561
343,20640,0.492033056,0.362100198
344,20700,0.493266656,0.363107849
345,20760,0.495609847,0.36465685
346,20820,0.497061783,0.366095159
347,20880,0.498891298,0.367340329
348,20940,0.500258193,0.368709711
349,21000,0.501475456,0.369890878
350,21060,0.502546967,0.371145984
351,21120,0.504854886,0.372410555
352,21180,0.505307253,0.373501953
353,21240,0.50522406,0.374487269
354,21300,0.505347937,0.375502062
355,21360,0.50788453,0.377170891
356,21420,0.509279234,0.378564757
357,21480,0.510680428,0.379398714
358,21540,0.510922939,0.380555232
359,21600,0.511425818,0.381459886
360,21660,0.512532776,0.382776846
361,21720,0.513292084,0.383591529
362,21780,0.514652439,0.384234994
363,21840,0.514987301,0.385329372
364,21900,0.514814423,0.385873278
365,21960,0.514709369,0.386534952
366,22020,0.515128956,0.38747813
367,22080,0.514672347,0.388160682
368,22140,0.515149343,0.388963545
369,22200,0.516056295,0.389769105
370,22260,0.516404263,0.390445891
371,22320,0.517573397,0.391275345
372,22380,0.518212411,0.392241624
373,22440,0.517783118,0.393258008
374,22500,0.518262452,0.394376486
375,22560,0.518854908,0.395350155
376,22620,0.519180305,0.39638312
377,22680,0.521614299,0.397731113
378,22740,0.522510593,0.399178111
379,22800,0.524348546,0.400778328
380,22860,0.525709472,0.402537001
381,22920,0.527689116,0.404282727
382,22980,0.52906645,0.406178894
383,23040,0.530127881,0.408282268
384,23100,0.531272712,0.410263748
385,23160,0.532762732,0.411536724
386,23220,0.534891229,0.412886165
387,23280,0.535754772,0.414053716
388,23340,0.537821873,0.41547365
389,23400,0.539413048,0.416861008
390,23460,0.539761364,0.417855076
391,23520,0.540341411,0.418665188
392,23580,0.539791699,0.419393763
393,23640,0.540559936,0.420380066
394,23700,0.542635339,0.421810425
395,23760,0.543950987,0.422787792
396,23820,0.545221836,0.424056499
397,23880,0.546874462,0.425727204
398,23940,0.548686047,0.427424662
399,24000,0.54966835,0.428429962
400,24060,0.550411118,0.429516496
401,24120,0.551352703,0.430488872
402,24180,0.552600041,0.431238759
403,24240,0.553525422,0.431908519
404,24300,0.553329397,0.432484742
405,24360,0.554018358,0.433111503
406,24420,0.554757805,0.433818731
407,24480,0.5544401,0.434812101
408,24540,0.553883189,0.435787662
409,24600,0.554120603,0.436916769
410,24660,0.554127934,0.437555408
411,24720,0.556723307,0.438902634
412,24780,0.559201134,0.440201234
413,24840,0.560926195,0.441749096
414,24900,0.563236575,0.443506825
415,24960,0.565917534,0.445140108
416,25020,0.567479221,0.446714118
417,25080,0.568159543,0.447613381
418,25140,0.571392097,0.448836096
419,25200,0.57343816,0.450316776
420,25260,0.573576374,0.451387168
421,25320,0.574765608,0.452358913
422,25380,0.574198731,0.45317217
423,25440,0.574514314,0.453689509
424,25500,0.574449275,0.453947557
425,25560,0.573323078,0.454231402
426,25620,0.573438528,0.454778274
427,25680,0.573724448,0.455299482
428,25740,0.575328946,0.456701584
429,25800,0.57590582,0.457339176
430,25860,0.576386033,0.457453092
431,25920,0.576705876,0.457515852
432,25980,0.577298541,0.457234777
433,26040,0.577976814,0.457236317
434,26100,0.577105127,0.457109269
435,26160,0.577321177,0.456866494
436,26220,0.577779619,0.456784275
437,26280,0.578924237,0.457372674
438,26340,0.579855523,0.458198713
439,26400,0.580288641,0.458714426
440,26460,0.581328227,0.45906752
441,26520,0.582282395,0.459133053
442,26580,0.582011714,0.459070589
443,26640,0.582036942,0.458929885
444,26700,0.581923043,0.459177007
445,26760,0.582500442,0.458980955
446,26820,0.583304589,0.459020252
447,26880,0.584021664,0.459292889
448,26940,0.584080879,0.459603187
449,27000,0.585325864,0.459953714
450,27060,0.586027099,0.460682889
451,27120,0.586615548,0.460841926
452,27180,0.586794211,0.461036987
453,27240,0.587560905,0.46137687
454,27300,0.588017532,0.462347124
455,27360,0.588701588,0.462812725
456,27420,0.588695234,0.463984363
457,27480,0.588715081,0.464720248
458,27540,0.589477432,0.465792759
459,27600,0.590097212,0.466752848
460,27660,0.592131529,0.468214677
461,27720,0.594499029,0.469696951
462,27780,0.596599853,0.470861083
463,27840,0.597239897,0.471617527
464,27900,0.597353283,0.472326486
465,27960,0.598140852,0.473351361
466,28020,0.598374087,0.473926099
467,28080,0.598486982,0.474096412
468,28140,0.598581798,0.474062619
469,28200,0.5989985,0.473742527
470,28260,0.598454205,0.47350134
471,28320,0.598754353,0.473354738
472,28380,0.598736483,0.473700494
473,28440,0.599447355,0.474790124
474,28500,0.601089544,0.475052406
475,28560,0.601790814,0.475702582
476,28620,0.602406762,0.476409492
477,28680,0.603594126,0.477162437
478,28740,0.603767671,0.478150571
479,28800,0.604997353,0.479328897
480,28860,0.606201223,0.480596927
481,28920,0.608125289,0.481925239
482,28980,0.607878031,0.482997494
483,29040,0.609420816,0.484475284
484,29100,0.609694845,0.485250335
485,29160,0.609513128,0.486144334
486,29220,0.60996444,0.487109134
487,29280,0.611588354,0.488636267
488,29340,0.612245812,0.48951521
489,29400,0.614296212,0.49072426
490,29460,0.615783527,0.492111781
491,29520,0.617450216,0.493545046
492,29580,0.618973232,0.494723716
493,29640,0.620706448,0.495575953
494,29700,0.623219284,0.497082172
495,29760,0.624943067,0.498507678
496,29820,0.627478933,0.50003289
497,29880,0.627800115,0.500949913
498,29940,0.627989167,0.501839399
499,30000,0.629012181,0.502807068
500,30060,0.62926884,0.503657532
501,30120,0.631614599,0.505225102
502,30180,0.632185333,0.506087083
503,30240,0.633525392,0.507060009
504,30300,0.635461759,0.508290016
505,30360,0.637976498,0.509609578
506,30420,0.639175305,0.510969961
507,30480,0.640976844,0.512438542
508,30540,0.643448513,0.51417915
509,30600,0.645526609,0.516082902
510,30660,0.647124047,0.517684168
511,30720,0.648298387,0.519603517
512,30780,0.649655192,0.521076837
513,30840,0.650440226,0.522190013
514,30900,0.650365302,0.523067228
515,30960,0.653232276,0.524335997
516,31020,0.654582159,0.525650798
517,31080,0.654768734,0.526563669
518,31140,0.656803623,0.527639251
519,31200,0.657779577,0.528659033
520,31260,0.659808289,0.530034732
521,31320,0.661270533,0.531603165
522,31380,0.662435016,0.533096962
523,31440,0.664545401,0.534736948
524,31500,0.666401935,0.535995827
525,31560,0.667103049,0.537045499
526,31620,0.666765246,0.537846935
527,31680,0.66956081,0.53937806
528,31740,0.671727401,0.541106329
529,31800,0.674280467,0.542545252
530,31860,0.676298769,0.544365009
531,31920,0.67853447,0.546374522
532,31980,0.681245645,0.548258399
533,32040,0.683050472,0.550453503
534,32100,0.684073948,0.552283275
535,32160,0.68600208,0.554042353
536,32220,0.687912396,0.556053159
537,32280,0.689706472,0.558200817
538,32340,0.691709613,0.56035575
539,32400,0.693677412,0.562591986
540,32460,0.69554844,0.564506634
541,32520,0.697375018,0.566550196
542,32580,0.698411796,0.568041677
543,32640,0.699912623,0.570042789
544,32700,0.70204742,0.571768014
545,32760,0.703735484,0.573190985
546,32820,0.70579699,0.574600002
547,32880,0.704703628,0.575428098
548,32940,0.706479591,0.576768715
549,33000,0.707893557,0.578494643
550,33060,0.710079163,0.58041297
551,33120,0.71147295,0.582214222
552,33180,0.712830207,0.583906418
553,33240,0.714363879,0.585889943
554,33300,0.715008333,0.588063119
555,33360,0.716583929,0.590230935
556,33420,0.718356968,0.592846323
557,33480,0.72024773,0.595491
558,33540,0.722224852,0.597596303
559,33600,0.724266096,0.599856419
560,33660,0.726233484,0.602412594
561,33720,0.728264403,0.604695629
562,33780,0.729929603,0.607063427
563,33840,0.731350621,0.609386015
564,33900,0.733569352,0.611803519
565,33960,0.73625091,0.614110555
566,34020,0.737901528,0.616317973
567,34080,0.739893294,0.618437706
568,34140,0.742587018,0.620583981
569,34200,0.744707458,0.62256432
570,34260,0.746349652,0.625154773
571,34320,0.748107883,0.62752271
572,34380,0.750094445,0.629385559
573,34440,0.753117542,0.6315363
574,34500,0.753633847,0.633446563
575,34560,0.755852438,0.635438615
576,34620,0.758044081,0.637419008
577,34680,0.759393074,0.639662436
578,34740,0.761140514,0.642122269
579,34800,0.763780559,0.644553521
580,34860,0.765717593,0.647322709
581,34920,0.767515913,0.649867962
582,34980,0.769535484,0.652528934
583,35040,0.771556847,0.655470287
584,35100,0.773959538,0.658403448
585,35160,0.775793242,0.661087763
586,35220,0.778226947,0.663729505
587,35280,0.780253954,0.665582864
588,35340,0.781676986,0.667153216
589,35400,0.782993934,0.668777664
590,35460,0.784136015,0.670533581
591,35520,0.785654129,0.672188242
592,35580,0.787302469,0.67391802
593,35640,0.790436298,0.675895399
594,35700,0.792357341,0.678251651
595,35760,0.794182648,0.680616728
596,35820,0.796205888,0.682657353
597,35880,0.797840069,0.684672506
598,35940,0.799305636,0.687061161
599,36000,0.80142513,0.689302677
600,36060,0.803853861,0.691619603
601,36120,0.806685655,0.694200502
602,36180,0.808703955,0.696334209
603,36240,0.810786561,0.698498785
604,36300,0.813413591,0.700864129
605,36360,0.815290894,0.703177697
606,36420,0.816457787,0.705713566
607,36480,0.819309224,0.708359104
608,36540,0.821818361,0.711377197
609,36600,0.823830269,0.714176764
610,36660,0.825907925,0.716765801
611,36720,0.828430935,0.719465308
612,36780,0.830727015,0.722461032
613,36840,0.833535337,0.725120931
614,36900,0.835662071,0.727361444
615,36960,0.837259297,0.72996452
616,37020,0.839249437,0.732848048
617,37080,0.840742441,0.736050545
618,37140,0.841979412,0.738887856
619,37200,0.843582585,0.742122052
620,37260,0.84599421,0.744956415
621,37320,0.848480971,0.747384175
622,37380,0.850651217,0.750358968
623,37440,0.85309958,0.753001453
624,37500,0.855113386,0.755309167
625,37560,0.857386598,0.757903594
626,37620,0.85939986,0.759521704
627,37680,0.861657472,0.761792737
628,37740,0.863742991,0.76404527
629,37800,0.865885328,0.766610979
630,37860,0.867838139,0.769482463
631,37920,0.871028294,0.7718549
632,37980,0.873017287,0.77391745
633,38040,0.875234018,0.775910628
634,38100,0.878150403,0.778379025
635,38160,0.880449129,0.780543025
636,38220,0.882976296,0.782973786
637,38280,0.885254554,0.784998898
638,38340,0.888293979,0.787241714
639,38400,0.890642457,0.790009744
640,38460,0.89258863,0.792950671
641,38520,0.895275256,0.796202948
642,38580,0.897008486,0.79891104
643,38640,0.899631822,0.801836125
644,38700,0.901320062,0.804735988
645,38760,0.903162627,0.807142927
646,38820,0.904584743,0.809657642
647,38880,0.905818012,0.811959078
648,38940,0.907619244,0.814781867
649,39000,0.909795257,0.817377183
650,39060,0.912092306,0.820258526
651,39120,0.914071752,0.822545925
652,39180,0.916343479,0.825331431
653,39240,0.919279261,0.82817599
654,39300,0.921717305,0.831068435
655,39360,0.924473639,0.833691054
656,39420,0.926745852,0.836179443
657,39480,0.928807892,0.838582812
658,39540,0.930668668,0.841156793
659,39600,0.933396988,0.844074759
660,39660,0.93557166,0.847309296
661,39720,0.937380471,0.850323649
662,39780,0.940086554,0.852564614
663,39840,0.941797468,0.855314486
664,39900,0.943536126,0.858497997
665,39960,0.945636823,0.861811826
666,40020,0.947775345,0.864473143
667,40080,0.950183197,0.866896549
668,40140,0.952580995,0.869077089
669,40200,0.955265122,0.871219543
670,40260,0.956841595,0.873290528
671,40320,0.958553912,0.875130331
672,40380,0.961269086,0.877552233
673,40440,0.963012061,0.880452666
674,40500,0.964601085,0.883042882
675,40560,0.965726854,0.885166967
676,40620,0.968202915,0.887295217
677,40680,0.970207291,0.889099204
678,40740,0.971970107,0.890773374
679,40800,0.974356965,0.892539487
680,40860,0.977685191,0.894792739
681,40920,0.979914745,0.896929331
682,40980,0.981834374,0.899628474
683,41040,0.982928358,0.901516892
684,41100,0.983907906,0.903782127
685,41160,0.985798868,0.906130651
686,41220,0.988223584,0.908012147
687,41280,0.990200874,0.909778677
688,41340,0.992231694,0.911233834
689,41400,0.994564562,0.913406662
690,41460,0.997216746,0.91530753
691,41520,0.999366219,0.917714978
692,41580,1.002471193,0.920593149
693,41640,1.004506882,0.922822459
694,41700,1.006527118,0.92555531
695,41760,1.009143121,0.927743446
696,41820,1.011829407,0.930266321
697,41880,1.01378417,0.932210747
698,41940,1.016132132,0.934825181
699,42000,1.018673143,0.937194263
700,42060,1.021202328,0.939090241
701,42120,1.023939674,0.940871051
702,42180,1.026668017,0.943262784
703,42240,1.028880878,0.945067447
704,42300,1.031362027,0.947234234
705,42360,1.033430542,0.948686546
706,42420,1.035155669,0.950360606
707,42480,1.038282471,0.951889393
708,42540,1.040375619,0.953229587
709,42600,1.042772482,0.954757489
710,42660,1.045356063,0.95646912
711,42720,1.045563058,0.957312744
712,42780,1.045846499,0.957997986
713,42840,1.047666731,0.959355688
714,42900,1.048955761,0.960692311
715,42960,1.050439418,0.962216999
716,43020,1.05158592,0.963862068
717,43080,1.053846164,0.965277357
718,43140,1.055605832,0.96657041
719,43200,1.058021928,0.967821454
720,43260,1.059511424,0.969052494
721,43320,1.061511524,0.970459257
722,43380,1.064165739,0.971939623
723,43440,1.0661263,0.973502438
724,43500,1.068035928,0.975278171
725,43560,1.070064844,0.976978497
726,43620,1.072898343,0.978740906
727,43680,1.074978059,0.980395258
728,43740,1.077529838,0.981904126
729,43800,1.079427347,0.983464954
730,43860,1.082215743,0.985167954
731,43920,1.084557602,0.986899239
732,43980,1.086805335,0.988572615
733,44040,1.089292822,0.990007034
734,44100,1.091199506,0.991786884
735,44160,1.093678873,0.993727034
736,44220,1.096195779,0.995955564
737,44280,1.099008583,0.998071636
738,44340,1.101045894,0.999964926
739,44400,1.103434691,1.00153121
740,44460,1.104945102,1.003322911
741,44520,1.106826501,1.004972668
742,44580,1.109533527,1.006486198
743,44640,1.111940268,1.00814558
744,44700,1.114085062,1.01019575
745,44760,1.115716795,1.012239432
746,44820,1.11773368,1.014047789
747,44880,1.119833529,1.016024888
748,44940,1.122419354,1.017753733
749,45000,1.124619721,1.019107959
750,45060,1.126937534,1.020891412
751,45120,1.128746656,1.022327358
752,45180,1.130911312,1.023697014
753,45240,1.132190247,1.025086548
754,45300,1.133444701,1.02628401
755,45360,1.134983358,1.02786025
756,45420,1.13696379,1.02949525
757,45480,1.139225907,1.031008017
758,45540,1.141123276,1.032553104
759,45600,1.14220896,1.033428212
760,45660,1.143471617,1.034594891
761,45720,1.145807869,1.036122472
762,45780,1.147473788,1.037213162
763,45840,1.148792938,1.037939913
764,45900,1.149494727,1.038818006
765,45960,1.149489872,1.039595647
766,46020,1.150214547,1.040490394
767,46080,1.150850135,1.041189561
768,46140,1.150857929,1.041817203
769,46200,1.150468535,1.042398477
770,46260,1.151868308,1.043474504
771,46320,1.153474827,1.044649478
772,46380,1.154941215,1.04546987
773,46440,1.156199741,1.046558307
774,46500,1.157206556,1.047683481
775,46560,1.157499286,1.048503236
776,46620,1.158579959,1.049430927
777,46680,1.159261523,1.050704093
778,46740,1.160499842,1.052031742
779,46800,1.162438758,1.053496693
780,46860,1.163997088,1.054555267
781,46920,1.164934857,1.055483034
782,46980,1.167230781,1.056666697
783,47040,1.169399385,1.057960858
784,47100,1.171234869,1.059161141
785,47160,1.172664733,1.060713103
786,47220,1.174812299,1.062318586
787,47280,1.176430156,1.063788724
788,47340,1.178784544,1.065083885
789,47400,1.180987764,1.066166565
790,47460,1.183362135,1.067741934
791,47520,1.185544274,1.069257765
792,47580,1.187854229,1.070516609
793,47640,1.191058141,1.072292094
794,47700,1.193836796,1.074188154
795,47760,1.19602967,1.075823731
796,47820,1.198578843,1.077272326
797,47880,1.201044343,1.078930987
798,47940,1.202875009,1.080213352
799,48000,1.205295203,1.081716383
800,48060,1.206899539,1.083165546
801,48120,1.208657027,1.084803367
802,48180,1.21136416,1.086446426
803,48240,1.212580405,1.087876779
804,48300,1.213071138,1.089078637
805,48360,1.214758726,1.090314618
806,48420,1.216686492,1.091689887
807,48480,1.217402898,1.092722924
808,48540,1.220102569,1.094000962
809,48600,1.221940073,1.095216426
810,48660,1.224079447,1.096883866
811,48720,1.226495961,1.098457333
812,48780,1.228983733,1.10006013
813,48840,1.232030455,1.101366677
814,48900,1.234317085,1.102900927
815,48960,1.237340327,1.104537219
816,49020,1.239517362,1.106192043
817,49080,1.241818408,1.108038915
818,49140,1.244396695,1.109498603
819,49200,1.247374525,1.110877003
820,49260,1.249516995,1.112072777
821,49320,1.252310832,1.113519495
822,49380,1.254653853,1.114858252
823,49440,1.256755854,1.11623504
824,49500,1.25892249,1.118136528
825,49560,1.261225739,1.119809461
826,49620,1.26366485,1.121497263
827,49680,1.26564055,1.122635562
828,49740,1.266837601,1.123483112
829,49800,1.268319271,1.124431291
830,49860,1.269098524,1.125217897
831,49920,1.268580749,1.125741585
832,49980,1.270206481,1.126821295
833,50040,1.270625164,1.127420464
834,50100,1.273326894,1.128900132
835,50160,1.275868594,1.130162598
836,50220,1.2782125,1.131476822
837,50280,1.279039107,1.132308862
838,50340,1.28051594,1.133211213
839,50400,1.28054099,1.133697469
840,50460,1.280753855,1.134397513
841,50520,1.280530855,1.134755293
842,50580,1.281521459,1.135599936
843,50640,1.280438098,1.136100789
844,50700,1.280566813,1.13684835
845,50760,1.282584749,1.137901471
846,50820,1.283790761,1.138789679
847,50880,1.284988458,1.139849396
848,50940,1.285743325,1.140615954
849,51000,1.285913326,1.141360018
850,51060,1.287759591,1.142528344
851,51120,1.28947873,1.143883178
852,51180,1.289854868,1.144758137
853,51240,1.289200284,1.144974055
854,51300,1.289635506,1.145807992
855,51360,1.291312666,1.147018942
856,51420,1.291487016,1.148041929
857,51480,1.293229615,1.149343034
858,51540,1.29501631,1.150728059
859,51600,1.296591146,1.15175303
860,51660,1.298785853,1.152781095
861,51720,1.301622806,1.154457935
862,51780,1.304853509,1.156031573
863,51840,1.306705652,1.157083646
864,51900,1.307371074,1.157941073
865,51960,1.308765606,1.158876451
866,52020,1.310005127,1.159866608
867,52080,1.312390086,1.161013507
868,52140,1.315169058,1.162481832
869,52200,1.316875247,1.163752411
870,52260,1.317195629,1.1643569
871,52320,1.316954914,1.164986586
872,52380,1.318388403,1.165969493
873,52440,1.317540204,1.166437699
874,52500,1.317037065,1.167152126
875,52560,1.317001208,1.167647414
876,52620,1.317396941,1.168272467
877,52680,1.317847739,1.169022618
878,52740,1.317859756,1.169752217
879,52800,1.317535371,1.1703852
880,52860,1.320042966,1.171669794
881,52920,1.321817556,1.172567567
882,52980,1.32380623,1.173539147
883,53040,1.325251784,1.174568696
884,53100,1.326822727,1.175997275
885,53160,1.328479343,1.177187173
886,53220,1.331865048,1.17834415
887,53280,1.334627003,1.180035474
888,53340,1.338240118,1.181801241
889,53400,1.340444921,1.183024985
890,53460,1.340617403,1.183685601
891,53520,1.343560675,1.185168839
892,53580,1.346116478,1.186405355
893,53640,1.348893449,1.187869529
894,53700,1.349711804,1.188666007
895,53760,1.350201099,1.189252917
896,53820,1.351692436,1.190583279
897,53880,1.352517098,1.190938392
898,53940,1.351101943,1.191244732
899,54000,1.352002906,1.191987815
900,54060,1.353052956,1.19277207
901,54120,1.353801408,1.193397942
902,54180,1.35554535,1.194562102
903,54240,1.357917483,1.195577623
904,54300,1.360737785,1.196817409
905,54360,1.363262283,1.19826141
906,54420,1.366214879,1.199531695
907,54480,1.3682148,1.200750957
908,54540,1.368500991,1.201379549
909,54600,1.371197827,1.203013769
910,54660,1.372963331,1.204325416
911,54720,1.375548509,1.205533829
912,54780,1.377719422,1.206820441
913,54840,1.380164628,1.208041581
914,54900,1.382534686,1.209667463
915,54960,1.384407662,1.211225746
916,55020,1.386190779,1.212554011
917,55080,1.388451904,1.214318629
918,55140,1.391267897,1.215809513
919,55200,1.393339513,1.217345284
920,55260,1.395774232,1.218927675
921,55320,1.397880764,1.220620188
922,55380,1.401809793,1.222223952
923,55440,1.403501594,1.223872952
924,55500,1.405500321,1.225130878
925,55560,1.405964139,1.225971905
926,55620,1.405941345,1.226491958
927,55680,1.408011891,1.228036619
928,55740,1.411345893,1.22988611
929,55800,1.414438068,1.231759793
930,55860,1.417040437,1.23352288
931,55920,1.420077978,1.235247939
932,55980,1.423005056,1.237661795
933,56040,1.42604847,1.239667307
934,56100,1.428388944,1.241925753
935,56160,1.431381402,1.244020338
936,56220,1.433685622,1.245954124
937,56280,1.436725325,1.248666107
938,56340,1.439401832,1.250393939
939,56400,1.442790823,1.252071429
940,56460,1.445854783,1.253916716
941,56520,1.448510201,1.25568632
942,56580,1.451774674,1.2576207
943,56640,1.454598988,1.25971962
944,56700,1.458467281,1.261809006
945,56760,1.460552253,1.263356056
946,56820,1.462393162,1.265409903
947,56880,1.465020841,1.267662878
948,56940,1.468192914,1.269524799
949,57000,1.469246906,1.272097284
950,57060,1.47197608,1.273691804
951,57120,1.474757096,1.275552869
952,57180,1.476373694,1.277380371
953,57240,1.479032581,1.279066422
954,57300,1.480884497,1.280251688
955,57360,1.48401973,1.281985329
956,57420,1.484672394,1.282975556
957,57480,1.485596676,1.284136904
958,57540,1.487774241,1.28542409
959,57600,1.490866129,1.287604667
960,57660,1.492733636,1.288557132
961,57720,1.49260904,1.289423131
962,57780,1.493801284,1.290208786
963,57840,1.497133575,1.291258773
964,57900,1.497361933,1.291956707
965,57960,1.498662604,1.292806255
966,58020,1.500949782,1.293699504
967,58080,1.502099073,1.294548303
968,58140,1.503285449,1.29563596
969,58200,1.501819725,1.295868304
970,58260,1.500954687,1.296189885
971,58320,1.50121192,1.296599035
972,58380,1.503082224,1.297686887
973,58440,1.505931339,1.299096633
974,58500,1.507901146,1.2999518
975,58560,1.511169235,1.301463345
976,58620,1.513070946,1.302368762
977,58680,1.51261434,1.303221976
978,58740,1.514888851,1.304371531
979,58800,1.516113124,1.305233527
980,58860,1.517501148,1.306362524
981,58920,1.519757585,1.307478505
982,58980,1.520821016,1.308334152
983,59040,1.521308436,1.309114797
984,59100,1.524029678,1.310286228
985,59160,1.526012042,1.311564277
986,59220,1.52711123,1.312461563
987,59280,1.529112953,1.313829305
988,59340,1.531218134,1.314808568
989,59400,1.533362905,1.316098445
990,59460,1.534387431,1.316852083
991,59520,1.535475424,1.317640364
992,59580,1.537901487,1.319090249
993,59640,1.540488563,1.320905084
994,59700,1.543793503,1.322098077
995,59760,1.545771765,1.323005305
996,59820,1.5472338,1.323926062
997,59880,1.550032216,1.325121646
998,59940,1.550842044,1.325737047
999,60000,1.551724419,1.326247997
1000,60060,1.553442809,1.327405678
1001,60120,1.555748529,1.328635693
1002,60180,1.558507066,1.330044341
1003,60240,1.561743095,1.331876791
1004,60300,1.563690358,1.3337226
1005,60360,1.565932393,1.334901326
1006,60420,1.568231695,1.33603695
1007,60480,1.570439138,1.337668771
1008,60540,1.572633796,1.339410043
1009,60600,1.57323238,1.340139957
1010,60660,1.573670614,1.340827134
1011,60720,1.577434254,1.34220289
1012,60780,1.58016096,1.343635956
1013,60840,1.583228919,1.345016538
1014,60900,1.585682288,1.346268654
1015,60960,1.588090409,1.347958724
1016,61020,1.590877005,1.349555527
1017,61080,1.593887553,1.351143723
1018,61140,1.597421667,1.352866588
1019,61200,1.601677571,1.354799343
1020,61260,1.603198396,1.356076848
1021,61320,1.604911662,1.357148224
1022,61380,1.60778361,1.359091283
1023,61440,1.612524471,1.360690225
1024,61500,1.61474903,1.362199669
1025,61560,1.616834251,1.363882629
1026,61620,1.619597627,1.365510996
1027,61680,1.62235814,1.367489749
1028,61740,1.624279601,1.36923138
1029,61800,1.627710603,1.370669659
1030,61860,1.630752617,1.372375236
1031,61920,1.635129674,1.374098981
1032,61980,1.637547896,1.37588586
1033,62040,1.640185696,1.377424015
1034,62100,1.642646388,1.378811512
1035,62160,1.646379287,1.381015743
1036,62220,1.649118963,1.383205867
1037,62280,1.651687164,1.384991278
1038,62340,1.654447051,1.386703099
1039,62400,1.65750301,1.388219177
1040,62460,1.66149945,1.390093682
1041,62520,1.66412295,1.391904253
1042,62580,1.666740198,1.393512824
1043,62640,1.670082885,1.39497196
1044,62700,1.673271242,1.396769163
1045,62760,1.674876899,1.39852388
1046,62820,1.676393068,1.399682767
1047,62880,1.67768095,1.401247142
1048,62940,1.678518284,1.402332393
1049,63000,1.680659667,1.403598563
1050,63060,1.683044584,1.404966971
1051,63120,1.685967037,1.406860408
1052,63180,1.688242801,1.40799748
1053,63240,1.691424425,1.409553847
1054,63300,1.693642196,1.410961621
1055,63360,1.696779073,1.412488976
1056,63420,1.699653474,1.413889069
1057,63480,1.701712588,1.414846434
1058,63540,1.70481219,1.416815454
1059,63600,1.707756717,1.418462679
1060,63660,1.711307112,1.420120656
1061,63720,1.713866253,1.421766089
1062,63780,1.716523188,1.423265185
1063,63840,1.717426904,1.42499282
1064,63900,1.720050773,1.427273992
1065,63960,1.722779151,1.429314789
1066,64020,1.725979243,1.431269165
1067,64080,1.72940001,1.43283494
1068,64140,1.732148184,1.434416032
1069,64200,1.734331997,1.43628569
1070,64260,1.735178318,1.437837065
1071,64320,1.736697445,1.439013641
1072,64380,1.738014679,1.440538031
1073,64440,1.739994173,1.442030985
1074,64500,1.74199798,1.443684084
1075,64560,1.744783637,1.444785117
1076,64620,1.747119303,1.446592145
1077,64680,1.749905858,1.448408849
1078,64740,1.753010767,1.450256816
1079,64800,1.755432503,1.45187028
1080,64860,1.758127839,1.452975646
1081,64920,1.760211809,1.454757513
1082,64980,1.762606036,1.455928379
1083,65040,1.765478608,1.457016755
1084,65100,1.767901865,1.458147024
1085,65160,1.77072695,1.459252823
1086,65220,1.773047611,1.46054761
1087,65280,1.775136909,1.461292413
1088,65340,1.778267478,1.462827559
1089,65400,1.780676981,1.464024078
1090,65460,1.783297579,1.4654039
1091,65520,1.78679191,1.467097867
1092,65580,1.789402363,1.468948664
1093,65640,1.791577134,1.470655568
1094,65700,1.795283549,1.472176499
1095,65760,1.796996829,1.473605302
1096,65820,1.798556085,1.475218037
1097,65880,1.801932895,1.477110869
1098,65940,1.804003157,1.478874341
1099,66000,1.80656028,1.479918561
1100,66060,1.80869072,1.481108981
1101,66120,1.811200764,1.482080274
1102,66180,1.813144603,1.483372206
1103,66240,1.817082685,1.484664055
1104,66300,1.819796222,1.485516672
1105,66360,1.822962076,1.486585157
1106,66420,1.825450225,1.488438465
1107,66480,1.828693416,1.48968988
1108,66540,1.832477723,1.491549593
1109,66600,1.834464116,1.493266567
1110,66660,1.83657407,1.494966102
1111,66720,1.838707301,1.496536854
1112,66780,1.842312463,1.49828151
1113,66840,1.845577016,1.500248785
1114,66900,1.846563598,1.502166672
1115,66960,1.849027691,1.503853634
1116,67020,1.852469682,1.505996583
1117,67080,1.855672523,1.508357797
1118,67140,1.857912514,1.510450251
1119,67200,1.861405532,1.512595022
1120,67260,1.86470441,1.515127576
1121,67320,1.868180083,1.517158757
1122,67380,1.870432433,1.518791728
1123,67440,1.873477632,1.521110239
1124,67500,1.876425794,1.523693548
1125,67560,1.878730884,1.525869491
1126,67620,1.881929506,1.528278739
1127,67680,1.884301321,1.529734774
1128,67740,1.886622021,1.531374004
1129,67800,1.890088767,1.533222971
1130,67860,1.893093329,1.535089504
1131,67920,1.895631474,1.536876077
1132,67980,1.897712186,1.539731242
1133,68040,1.900423833,1.542350398
1134,68100,1.902545122,1.544621729
1135,68160,1.905480854,1.547160024
1136,68220,1.907608452,1.549400699
1137,68280,1.908486937,1.552055378
1138,68340,1.910473802,1.554636745
1139,68400,1.911055735,1.557058175
1140,68460,1.914651407,1.559277535
1141,68520,1.917232237,1.560658115
1142,68580,1.919725728,1.563193323
1143,68640,1.922157305,1.565176494
1144,68700,1.925178054,1.5674825
1145,68760,1.929179798,1.570096726
1146,68820,1.932897696,1.572141957
1147,68880,1.935807374,1.574651814
1148,68940,1.939052756,1.577124223
1149,69000,1.942639589,1.579184575
1150,69060,1.945640722,1.580977204
1151,69120,1.948158717,1.583210694
1152,69180,1.950978513,1.586039887
1153,69240,1.954073589,1.588245844
1154,69300,1.957504085,1.590865013
1155,69360,1.959151776,1.594105207
1156,69420,1.962554749,1.597246593
1157,69480,1.965246238,1.600774772
1158,69540,1.968370775,1.604415447
1159,69600,1.970179968,1.607471894
1160,69660,1.971978261,1.611275855
1161,69720,1.973305141,1.615514129
1162,69780,1.97639993,1.619760424
1163,69840,1.979070373,1.62384889
1164,69900,1.981906407,1.628319687
1165,69960,1.985227474,1.633004087
1166,70020,1.987223108,1.637834417
1167,70080,1.990607961,1.642453457
1168,70140,1.993252101,1.646243108
1169,70200,1.995848971,1.650544609
1170,70260,1.997936562,1.654912946
1171,70320,2.000671196,1.659444704
1172,70380,2.002647117,1.663590396
1173,70440,2.004407302,1.667415627
1174,70500,2.008198186,1.670928379
1175,70560,2.011090041,1.67401177
1176,70620,2.013728062,1.677552655
1177,70680,2.016191644,1.6815474
1178,70740,2.018948163,1.684624797
1179,70800,2.020710544,1.688171161
1180,70860,2.022935254,1.692046774
1181,70920,2.025430751,1.695982272
1182,70980,2.027889385,1.700089043
1183,71040,2.030370575,1.704220211
1184,71100,2.032290484,1.708165114
1185,71160,2.034569656,1.710897567
1186,71220,2.037659962,1.713821761
1187,71280,2.040795119,1.716198001
1188,71340,2.043046904,1.718415131
1189,71400,2.045914396,1.720899406
1190,71460,2.04861345,1.72304932
1191,71520,2.049792616,1.726241932
1192,71580,2.053293215,1.728846058
1193,71640,2.056650024,1.73140145
1194,71700,2.056904279,1.734416032
1195,71760,2.059510485,1.737219395
1196,71820,2.062776732,1.7406441
1197,71880,2.067070772,1.743164132
1198,71940,2.07010069,1.745608973
1199,72000,2.073807958,1.747772019
1200,72060,2.076010164,1.749592708
1201,72120,2.078099186,1.751880249
1202,72180,2.081133348,1.753932861
1203,72240,2.083688497,1.755527211
1204,72300,2.085723543,1.756925062
1205,72360,2.08833943,1.759218556
1206,72420,2.090980638,1.76110151
1207,72480,2.093995219,1.762666557
1208,72540,2.09699527,1.764679449
1209,72600,2.098778156,1.766413924
1210,72660,2.10217569,1.768545248
1211,72720,2.105867899,1.77093955
1212,72780,2.108547735,1.772324087
1213,72840,2.110694122,1.774071707
1214,72900,2.113140776,1.775588476
1215,72960,2.116180005,1.777468774
1216,73020,2.119280515,1.779559479
1217,73080,2.122895799,1.781384337
1218,73140,2.125167528,1.783116377
1219,73200,2.128513292,1.785323374
1220,73260,2.131342075,1.787164876
1221,73320,2.133280033,1.789800677
1222,73380,2.136663312,1.792240779
1223,73440,2.138747411,1.794446913
1224,73500,2.141277532,1.796288549
1225,73560,2.143912785,1.799011655
1226,73620,2.146443904,1.800706374
1227,73680,2.149626545,1.803630278
1228,73740,2.15201394,1.806258293
1229,73800,2.154106545,1.808548306
1230,73860,2.156967893,1.811085381
1231,73920,2.159144289,1.813135188
1232,73980,2.16158453,1.815306793
1233,74040,2.164126264,1.817286355
1234,74100,2.166244004,1.819296284
1235,74160,2.16889158,1.821873653
1236,74220,2.171200526,1.824070407
1237,74280,2.17424643,1.82636677
1238,74340,2.176442193,1.829180195
1239,74400,2.178352384,1.832045095
1240,74460,2.18102868,1.835250552
1241,74520,2.182916956,1.838258854
1242,74580,2.185663105,1.841172221
1243,74640,2.188671113,1.844399488
1244,74700,2.190877785,1.847271285
1245,74760,2.193236223,1.850417162
1246,74820,2.195951522,1.853794412
1247,74880,2.198315164,1.85736992
1248,74940,2.200485796,1.860552146
1249,75000,2.203810429,1.864011623
1250,75060,2.206943999,1.867098458
1251,75120,2.208659025,1.869177513
1252,75180,2.210759749,1.871612022
1253,75240,2.214521525,1.874578212
1254,75300,2.21716899,1.877585989
1255,75360,2.220675205,1.880345663
1256,75420,2.223596892,1.883303694
1257,75480,2.226514596,1.886104048
1258,75540,2.228089086,1.888754936
1259,75600,2.231362771,1.891186459
1260,75660,2.233320117,1.893136011
1261,75720,2.235691233,1.894887825
1262,75780,2.238636981,1.896663983
1263,75840,2.241248897,1.899107648
1264,75900,2.243358084,1.901260978
1265,75960,2.245789386,1.903527204
1266,76020,2.249137724,1.904628197
1267,76080,2.250442967,1.90568462
1268,76140,2.252918147,1.907098158
1269,76200,2.255855413,1.907857405
1270,76260,2.25833681,1.90874248
1271,76320,2.260625086,1.909665736
1272,76380,2.263634363,1.910343984
1273,76440,2.2656961,1.911749825
1274,76500,2.268308997,1.913751904
1275,76560,2.270787364,1.915276002
1276,76620,2.272788369,1.916417575
1277,76680,2.2762965,1.918605717
1278,76740,2.279170003,1.9204148
1279,76800,2.281576491,1.922772312
1280,76860,2.284255909,1.924998532
1281,76920,2.287128798,1.927525639
1282,76980,2.290272237,1.929392855
1283,77040,2.292895249,1.931760359
1284,77100,2.295322575,1.935191326
1285,77160,2.298353934,1.937697432
1286,77220,2.300976356,1.940711324
1287,77280,2.303603957,1.942819206
1288,77340,2.306050371,1.945476101
1289,77400,2.307704647,1.948563746
1290,77460,2.309738389,1.951619018
1291,77520,2.311089658,1.955276315
1292,77580,2.314942867,1.958369382
1293,77640,2.317622429,1.961799858
1294,77700,2.319735929,1.965602968
1295,77760,2.322717811,1.969258704
1296,77820,2.326473293,1.972658766
1297,77880,2.329040828,1.976223835
1298,77940,2.33289881,1.980286126
1299,78000,2.336603054,1.98403212
1300,78060,2.339358049,1.988397457
1301,78120,2.341836023,1.992688119
1302,78180,2.344642097,1.997210915
1303,78240,2.346966423,2.000891678
1304,78300,2.350475273,2.003956677
1305,78360,2.352575803,2.006531735
1306,78420,2.356215851,2.009878037
1307,78480,2.358855049,2.013169646
1308,78540,2.361092964,2.017184944
1309,78600,2.363478784,2.021099765
1310,78660,2.366061833,2.025550936
1311,78720,2.368270893,2.030102934
1312,78780,2.372070591,2.032732547
1313,78840,2.375044818,2.034708675
1314,78900,2.377812967,2.038595067
1315,78960,2.380682422,2.04238457
1316,79020,2.383635278,2.046662063
1317,79080,2.385711526,2.051185865
1318,79140,2.388620405,2.055803275
1319,79200,2.39114071,2.06006177
1320,79260,2.394147328,2.06413783
1321,79320,2.397416507,2.068266742
1322,79380,2.399944353,2.070821334
1323,79440,2.403470531,2.073245471
1324,79500,2.407652295,2.076907972
1325,79560,2.409949946,2.080721126
1326,79620,2.412913771,2.084188242
1327,79680,2.414633046,2.087394932
1328,79740,2.416950554,2.09000062
1329,79800,2.419704448,2.093659362
1330,79860,2.422150718,2.096907542
1331,79920,2.423979555,2.100075008
1332,79980,2.426612693,2.102975992
1333,80040,2.429042742,2.106476299
1334,80100,2.431704541,2.109743678
1335,80160,2.434276334,2.114024776
1336,80220,2.437484843,2.117662792
1337,80280,2.440351628,2.121881072
1338,80340,2.442655712,2.125872165
1339,80400,2.445019961,2.12911082
1340,80460,2.4485987,2.132688481
1341,80520,2.451180345,2.135288389
1342,80580,2.45413908,2.138426059
1343,80640,2.456937376,2.140358321
1344,80700,2.459507014,2.144168308
1345,80760,2.461661969,2.147769254
1346,80820,2.464759489,2.151341979
1347,80880,2.467287159,2.154177024
1348,80940,2.469612354,2.156782778
1349,81000,2.471919819,2.159560348
1350,81060,2.474374551,2.163615436
1351,81120,2.476693673,2.166629621
1352,81180,2.479526401,2.170176501
1353,81240,2.482827358,2.173473439
1354,81300,2.485052834,2.175965253
1355,81360,2.487149095,2.179962658
1356,81420,2.49000587,2.182876665
1357,81480,2.493434379,2.185663052
1358,81540,2.495288628,2.187582386
1359,81600,2.498299483,2.1895402
1360,81660,2.500343032,2.191853468
1361,81720,2.502326192,2.194747887
1362,81780,2.504093335,2.196331788
1363,81840,2.505840957,2.197371282
1364,81900,2.50745053,2.199203116
1365,81960,2.509834334,2.200690202
1366,82020,2.511930714,2.201895826
1367,82080,2.515771825,2.202899498
1368,82140,2.517415172,2.203861018
1369,82200,2.520154053,2.205166206
1370,82260,2.522783552,2.206764503
1371,82320,2.524758919,2.207937966
1372,82380,2.527131772,2.209844505
1373,82440,2.529961718,2.21215081
1374,82500,2.532553987,2.214707648
1375,82560,2.534498047,2.216635692
1376,82620,2.537744702,2.219728606
1377,82680,2.540461722,2.221983581
1378,82740,2.543971006,2.225952942
1379,82800,2.546705665,2.229605613
1380,82860,2.548989433,2.23282377
1381,82920,2.552337727,2.236595625
1382,82980,2.554380525,2.239362779
1383,83040,2.556973459,2.243085789
1384,83100,2.559171753,2.246410321
1385,83160,2.561856362,2.249979514
1386,83220,2.564879659,2.253582867
1387,83280,2.568091596,2.25632888
1388,83340,2.570397306,2.259038949
1389,83400,2.573863013,2.262584208
1390,83460,2.576622322,2.266230913
1391,83520,2.579516437,2.269151981
1392,83580,2.581437616,2.27181872
1393,83640,2.584037806,2.275018478
1394,83700,2.586341853,2.278793401
1395,83760,2.588276644,2.282616975
1396,83820,2.591148314,2.285304226
1397,83880,2.593688068,2.288522224
1398,83940,2.596926478,2.293103962
1399,84000,2.599602997,2.297411614
1400,84060,2.602331048,2.301170007
1401,84120,2.604856597,2.305590963
1402,84180,2.6073419,2.309099557
1403,84240,2.609456537,2.313353164
1404,84300,2.610913657,2.317770135
1405,84360,2.613523093,2.321393995
1406,84420,2.61584803,2.325816367
1407,84480,2.619023727,2.329694564
1408,84540,2.621306933,2.333004936
1409,84600,2.623653353,2.337560799
1410,84660,2.626377131,2.342018706
1411,84720,2.628670417,2.34619507
1412,84780,2.631245201,2.35075309
1413,84840,2.634330404,2.355999402
1414,84900,2.63598938,2.361317663
1415,84960,2.638497112,2.36604944
1416,85020,2.641439649,2.370811305
1417,85080,2.644195531,2.375868321
1418,85140,2.64791451,2.38059832
1419,85200,2.650631191,2.385606718
1420,85260,2.653988405,2.390663508
1421,85320,2.656432392,2.39581209
1422,85380,2.659596452,2.40220518
1423,85440,2.662050615,2.406648931
1424,85500,2.664559912,2.409661351
1425,85560,2.667385201,2.412437619
1426,85620,2.669774999,2.415598239
1427,85680,2.672233828,2.419648355
1428,85740,2.673948665,2.423699108
1429,85800,2.677170647,2.427635937
1430,85860,2.67978841,2.430787761
1431,85920,2.682173339,2.434131239
1432,85980,2.683803008,2.438018715
1433,86040,2.68732098,2.440829029
1434,86100,2.689614184,2.443475727
1435,86160,2.692567434,2.445493138
1436,86220,2.695363508,2.448605616
1437,86280,2.698128612,2.451140532
1438,86340,2.701370251,2.452679439
1439,86400,2.703818281,2.454669227
1440,86460,2.707113283,2.457398308
1441,86520,2.709036734,2.460710896
1442,86580,2.712181355,2.462908187
1443,86640,2.716114144,2.464792736
1444,86700,2.718410756,2.467768958
1445,86760,2.720623699,2.470309658
1446,86820,2.723731156,2.473407469
1447,86880,2.726704492,2.476043482
1448,86940,2.72925932,2.479475221
1449,87000,2.731576124,2.483168446
1450,87060,2.734073213,2.486048274
1451,87120,2.736682992,2.488086205
1452,87180,2.73989276,2.489196561
1453,87240,2.742207087,2.490079628
1454,87300,2.74262634,2.490380689
1455,87360,2.744837,2.491367747
1456,87420,2.747424806,2.492830191
1457,87480,2.748275042,2.493678978
1458,87540,2.751091749,2.495141988
1459,87600,2.75377361,2.496552228
1460,87660,2.755197901,2.497455882
1461,87720,2.755877693,2.497596867
1462,87780,2.755610071,2.497469326
1463,87840,2.757125229,2.498021413
1464,87900,2.758367456,2.498453217
1465,87960,2.75919473,2.498693016
1466,88020,2.761204416,2.499666489
1467,88080,2.759354764,2.498793299
1468,88140,2.757816148,2.498175053
1469,88200,2.755715307,2.497405922
1470,88260,2.754790358,2.496615148
1471,88320,2.754772977,2.496844774
1472,88380,2.754931114,2.49684942
1473,88440,2.756904216,2.497889725
1474,88500,2.757936676,2.498220205
1475,88560,2.758175221,2.498183365
1476,88620,2.7588756,2.499002391
1477,88680,2.759736808,2.499587952
1478,88740,2.762887976,2.500962731
1479,88800,2.7658509,2.50283499
1480,88860,2.769622308,2.504104662
1481,88920,2.772946386,2.506312385
1482,88980,2.775798229,2.507364372
1483,89040,2.779005173,2.508888912
1484,89100,2.779953943,2.509385553
1485,89160,2.782976424,2.510649752
1486,89220,2.786018484,2.512436398
1487,89280,2.789166373,2.514823599
1488,89340,2.792310435,2.517011433
1489,89400,2.794238625,2.518008522
1490,89460,2.796359662,2.518565559
1491,89520,2.79955659,2.519219928
1492,89580,2.798980523,2.518948672
1493,89640,2.799392227,2.519051469
1494,89700,2.801655309,2.519766775
1495,89760,2.804081284,2.521300179
1496,89820,2.806981416,2.522487342
1497,89880,2.808971404,2.523258572
1498,89940,2.811631262,2.524244871
1499,90000,2.814035124,2.525167401
1500,90060,2.815196217,2.525568544
1501,90120,2.817760546,2.527432135
1502,90180,2.819334775,2.528799686
1503,90240,2.82114656,2.530162303
1504,90300,2.823839411,2.531745192
1505,90360,2.82649148,2.533070483
1506,90420,2.828965622,2.534195998
1507,90480,2.831526347,2.535989633
1508,90540,2.835049816,2.538042822
1509,90600,2.837829189,2.539954006
1510,90660,2.840785296,2.541512225
1511,90720,2.843361881,2.543267595
1512,90780,2.845901121,2.54537592
1513,90840,2.850616472,2.547080634
1514,90900,2.854023398,2.547851507
1515,90960,2.856236516,2.549113922
1516,91020,2.858059215,2.551155899
1517,91080,2.861646381,2.553005419
1518,91140,2.865566752,2.554746453
1519,91200,2.868404394,2.557036732
1520,91260,2.870095208,2.559159196
1521,91320,2.872461688,2.56151002
1522,91380,2.876118739,2.564020849
1523,91440,2.879415881,2.566958362
1524,91500,2.882116009,2.569735987
1525,91560,2.884856462,2.571020299
1526,91620,2.886563029,2.572219116
1527,91680,2.889665664,2.574929936
1528,91740,2.891785987,2.576635481
1529,91800,2.894255348,2.578056775
1530,91860,2.897294348,2.5796034
1531,91920,2.901035407,2.580352789
1532,91980,2.90211107,2.581581552
1533,92040,2.903898837,2.583814442
1534,92100,2.906546876,2.584492422
1535,92160,2.910100372,2.586160374
1536,92220,2.914039496,2.588358299
1537,92280,2.916886562,2.590659259
1538,92340,2.919051118,2.591479104
1539,92400,2.921173826,2.592871439
1540,92460,2.924247649,2.594717062
1541,92520,2.925991495,2.595507738
1542,92580,2.927853747,2.596171147
1543,92640,2.930453819,2.597400533
1544,92700,2.929630973,2.597158161
1545,92760,2.932558035,2.598368823
1546,92820,2.934124572,2.598918498
1547,92880,2.935326476,2.599235094
1548,92940,2.935198105,2.599310414
1549,93000,2.936690014,2.599862286
1550,93060,2.937958448,2.600132143
1551,93120,2.937698808,2.600232683
1552,93180,2.938212879,2.600476037
1553,93240,2.936874246,2.600206823
1554,93300,2.938923878,2.600601171
1555,93360,2.939839858,2.601047377
1556,93420,2.941526043,2.601526581
1557,93480,2.942924723,2.601872105
1558,93540,2.942695502,2.602399112
1559,93600,2.944175755,2.603126305
1560,93660,2.944017093,2.603197986
1561,93720,2.944504168,2.603348473
1562,93780,2.946521114,2.604502601
1563,93840,2.948113692,2.605927048
1564,93900,2.94952461,2.606398257
1565,93960,2.948220262,2.606423023
1566,94020,2.950861935,2.607450781
1567,94080,2.952304165,2.607762047
1568,94140,2.952719738,2.608051118
1569,94200,2.953451477,2.608465982
1570,94260,2.955822636,2.610740172
1571,94320,2.95865307,2.613152446
1572,94380,2.962072765,2.615910958
1573,94440,2.965041879,2.616942622
1574,94500,2.968466707,2.618905758
1575,94560,2.97162104,2.620030725
1576,94620,2.972984456,2.620510332
1577,94680,2.975005594,2.621943094
1578,94740,2.978758657,2.623834223
1579,94800,2.981880497,2.626393404
1580,94860,2.984627853,2.628472198
1581,94920,2.987005954,2.631748212
1582,94980,2.99047362,2.633914568
1583,95040,2.993296401,2.63517758
1584,95100,2.996331186,2.637152733
1585,95160,2.999229532,2.639206222
1586,95220,3.001084547,2.640787361
1587,95280,3.005515228,2.641816863
1588,95340,3.006917922,2.642387925
1589,95400,3.009647311,2.644135163
1590,95460,3.012690844,2.645254111
1591,95520,3.016257051,2.646478437
1592,95580,3.018611248,2.647443552
1593,95640,3.020303417,2.649455419
1594,95700,3.022230622,2.652480441
1595,95760,3.024893057,2.654789125
1596,95820,3.028768688,2.655869615
1597,95880,3.030791086,2.658006745
1598,95940,3.032969896,2.660480904
1599,96000,3.035206813,2.662582699
1600,96060,3.037558482,2.664277419
1601,96120,3.041411535,2.666637233
1602,96180,3.04510317,2.668293311
1603,96240,3.04814507,2.669206913
1604,96300,3.050455654,2.671012216
1605,96360,3.054093048,2.672059684
1606,96420,3.054044401,2.672433955
1607,96480,3.054336993,2.672888138
1608,96540,3.056756217,2.673675712
1609,96600,3.057540554,2.67391415
1610,96660,3.059731209,2.675249638
1611,96720,3.063023918,2.676712162
1612,96780,3.064159255,2.677597096
1613,96840,3.068016984,2.67953584
1614,96900,3.07060333,2.680705457
1615,96960,3.074266788,2.683059396
1616,97020,3.076878795,2.684692144
1617,97080,3.080054709,2.687148272
1618,97140,3.081715796,2.688649756
1619,97200,3.083036963,2.691520846
1620,97260,3.085345835,2.693694391
1621,97320,3.088054597,2.69660023
1622,97380,3.089717199,2.699575414
1623,97440,3.092251613,2.702088685
1624,97500,3.095626847,2.705394026
1625,97560,3.098885418,2.70904605
1626,97620,3.10241843,2.712016383
1627,97680,3.105919507,2.71633619
1628,97740,3.108997727,2.72017023
1629,97800,3.112409872,2.723418887
1630,97860,3.11540716,2.725660174
1631,97920,3.118164153,2.730127349
1632,97980,3.120077855,2.733392473
1633,98040,3.123403037,2.73784503
1634,98100,3.126420081,2.741629308
1635,98160,3.12993958,2.745959198
1636,98220,3.133084875,2.750471173
1637,98280,3.136841142,2.756976236
1638,98340,3.139441782,2.763174543
1639,98400,3.142452205,2.769294928
1640,98460,3.146119151,2.77611022
1641,98520,3.150812795,2.783467898
1642,98580,3.154636038,2.791264846
1643,98640,3.157465472,2.800147303
1644,98700,3.159991223,2.810188491
1645,98760,3.163197953,2.820419504
1646,98820,3.166633585,2.828778792
1647,98880,3.169760182,2.838210949
1648,98940,3.173984869,2.846480904
1649,99000,3.177513747,2.854446878
1650,99060,3.181245027,2.861715583
1651,99120,3.185012849,2.869932637
1652,99180,3.189642576,2.877570945
1653,99240,3.192832105,2.884654813
1654,99300,3.196259157,2.891707328
1655,99360,3.199488115,2.900561726
1656,99420,3.202485125,2.908463907
1657,99480,3.204771036,2.91668005
1658,99540,3.206078904,2.926429159
1659,99600,3.208540719,2.934295804
1660,99660,3.210597935,2.938575238
1661,99720,3.212411048,2.944588048
1662,99780,3.214496497,2.949641257
1663,99840,3.216745585,2.955095395
1664,99900,3.219286077,2.959757135
1665,99960,3.222475888,2.964801267
1666,100020,3.226344609,2.969715955
1667,100080,3.229810371,2.97581219
1668,100140,3.232376445,2.982592819
1669,100200,3.234432217,2.985975647
1670,100260,3.237712689,2.990219927
1671,100320,3.241073896,2.995268086
1672,100380,3.244421074,3.00235601
1673,100440,3.246145383,3.010554741
1674,100500,3.250352343,3.016110581
1675,100560,3.254796322,3.02148135
1676,100620,3.258413461,3.027203765
1677,100680,3.261101427,3.032195473
1678,100740,3.263854642,3.039830826
1679,100800,3.268668742,3.046168383
1680,100860,3.273474694,3.051489167
1681,100920,3.276739933,3.054958476
1682,100980,3.280192431,3.05854386
1683,101040,3.283437382,3.062727877
1684,101100,3.286801614,3.066762467
1685,101160,3.290446008,3.067895585
1686,101220,3.291798371,3.070456006
1687,101280,3.294649321,3.073277719
1688,101340,3.298109406,3.074894194
1689,101400,3.300971708,3.078337639
1690,101460,3.304240954,3.081738494
1691,101520,3.307036319,3.085051489
1692,101580,3.308597105,3.085880551
1693,101640,3.311728029,3.087714403
1694,101700,3.313213669,3.088234717
1695,101760,3.314450588,3.089224657
1696,101820,3.31418331,3.089279211
1697,101880,3.317235792,3.090940407
1698,101940,3.321126616,3.093549534
1699,102000,3.324235148,3.096333072
1700,102060,3.327653602,3.098976704
1701,102120,3.330286438,3.102879755
1702,102180,3.332440859,3.104993089
1703,102240,3.335257597,3.107243258
1704,102300,3.33872528,3.108806748
1705,102360,3.341071071,3.109850125
1706,102420,3.342505874,3.110565626
1707,102480,3.344654672,3.112233743
1708,102540,3.346761083,3.11376629
1709,102600,3.349007697,3.116402479
1710,102660,3.350910526,3.119352783
1711,102720,3.355009254,3.12216353
1712,102780,3.357167815,3.12553901
1713,102840,3.360218771,3.127566609
1714,102900,3.361443888,3.128656163
1715,102960,3.364418922,3.13071586
1716,103020,3.367568066,3.134203168
1717,103080,3.370634132,3.136845419
1718,103140,3.371830046,3.13816098
1719,103200,3.375654643,3.141692427
1720,103260,3.37978767,3.144450505
1721,103320,3.383101928,3.14584879
1722,103380,3.385876156,3.148672879
1723,103440,3.388970528,3.150422257
1724,103500,3.393162439,3.153266626
1725,103560,3.39480326,3.154607482
1726,103620,3.397847619,3.157636911
1727,103680,3.40070324,3.160110917
1728,103740,3.403535347,3.161038569
1729,103800,3.405899227,3.16195265
1730,103860,3.409189977,3.163624298
1731,103920,3.408645671,3.163594828
1732,103980,3.411474214,3.165764049
1733,104040,3.412614223,3.166506278
1734,104100,3.412813361,3.16659976
1735,104160,3.412829126,3.166600764
1736,104220,3.414374157,3.167182979
1737,104280,3.416412323,3.168188693
1738,104340,3.4187708,3.169050983
1739,104400,3.42002743,3.169477925
1740,104460,3.422325645,3.170276677
1741,104520,3.422306504,3.170204457
1742,104580,3.424347899,3.172302765
1743,104640,3.427194623,3.174138551
1744,104700,3.428613213,3.174886716
1745,104760,3.428918869,3.175140224
1746,104820,3.426413521,3.172680548
1747,104880,3.425498275,3.172014777
1748,104940,3.426071623,3.172279303
1749,105000,3.427707269,3.17311991
1750,105060,3.429348218,3.173622867
1751,105120,3.431944862,3.174672488
1752,105180,3.43275513,3.174943377
1753,105240,3.433508688,3.175404703
1754,105300,3.433579424,3.175347991
1755,105360,3.436960939,3.178059799
1756,105420,3.439382587,3.179920029
1757,105480,3.439738469,3.181130576
1758,105540,3.443300678,3.184757656
1759,105600,3.447364364,3.18762115
1760,105660,3.450570518,3.190400142
1761,105720,3.453727036,3.19268392
1762,105780,3.456934969,3.196089268
1763,105840,3.461541077,3.197810762
1764,105900,3.463269924,3.198504821
1765,105960,3.466737384,3.199545271
1766,106020,3.469981625,3.202251084
1767,106080,3.471733395,3.20459271
1768,106140,3.472804066,3.204933081
1769,106200,3.47441595,3.205096389
1770,106260,3.476811454,3.205969657
1771,106320,3.478505419,3.206357282
1772,106380,3.480337954,3.207718921
1773,106440,3.483592664,3.211153416
1774,106500,3.486314786,3.214141826
1775,106560,3.490326085,3.215956563
1776,106620,3.493975564,3.217431011
1777,106680,3.493872698,3.216775919
1778,106740,3.493651609,3.216426637
1779,106800,3.493086654,3.216430411
1780,106860,3.495714996,3.217884669
1781,106920,3.497164871,3.219449744
1782,106980,3.499729733,3.2218394
1783,107040,3.50272541,3.224649675
1784,107100,3.506508199,3.22781077
1785,107160,3.509283603,3.230358138
1786,107220,3.514246115,3.232682443
1787,107280,3.51835801,3.236828873
1788,107340,3.52093599,3.238640311
1789,107400,3.523652601,3.241579655
1790,107460,3.52565112,3.242838501
1791,107520,3.528296138,3.245272981
1792,107580,3.529032581,3.24488248
1793,107640,3.529546864,3.244822363
1794,107700,3.528824144,3.24414133
1795,107760,3.530818211,3.244073818
1796,107820,3.529288217,3.243105504
1797,107880,3.528619885,3.242758508
1798,107940,3.526764073,3.24154693
1799,108000,3.52559188,3.240253278
1800,108060,3.526547835,3.240663327
1801,108120,3.525908294,3.240056378
1802,108180,3.523192108,3.23852835
1803,108240,3.519929567,3.236357014
1804,108300,3.519944182,3.235390473
1805,108360,3.519766127,3.234679925
1806,108420,3.517967218,3.233190339
1807,108480,3.515391446,3.231232863
1808,108540,3.51381665,3.22976434
1809,108600,3.511873038,3.228374822
1810,108660,3.510566618,3.227589916
1811,108720,3.510555443,3.226802805
1812,108780,3.509309038,3.225864253
1813,108840,3.512862718,3.22731299
1814,108900,3.516403007,3.229625732
1815,108960,3.520114246,3.230488032
1816,109020,3.521472431,3.231205801
1817,109080,3.524584549,3.233223603
1818,109140,3.525626843,3.234005836
1819,109200,3.524741778,3.232740765
1820,109260,3.522956673,3.23086992
1821,109320,3.522062406,3.22994589
1822,109380,3.522162583,3.229756398
1823,109440,3.521560004,3.229620684
1824,109500,3.520455174,3.228784873
1825,109560,3.521524682,3.228917039
1826,109620,3.521645456,3.229128991
1827,109680,3.524497873,3.23052277
1828,109740,3.527281445,3.231582943
1829,109800,3.528618377,3.233147019
1830,109860,3.532264859,3.234490699
1831,109920,3.533458209,3.235037594
1832,109980,3.535136872,3.237561026
1833,110040,3.535603317,3.237850057
1834,110100,3.534278513,3.236780088
1835,110160,3.532453467,3.235205604
1836,110220,3.531250066,3.23418042
1837,110280,3.530116691,3.23353268
1838,110340,3.530956907,3.233592615
1839,110400,3.531512373,3.233511012
1840,110460,3.530074873,3.232107885
1841,110520,3.527217603,3.22897305
1842,110580,3.525039163,3.227333623
1843,110640,3.523248343,3.226074146
1844,110700,3.521797537,3.224101201
1845,110760,3.517940968,3.221980712
1846,110820,3.515444185,3.218805138
1847,110880,3.514268858,3.217419417
1848,110940,3.512066991,3.215051125
1849,111000,3.511770498,3.214426619
1850,111060,3.514676338,3.215563702
1851,111120,3.51559608,3.215509839
1852,111180,3.513589437,3.214244514
1853,111240,3.513158753,3.214686633
1854,111300,3.513674234,3.215078346
1855,111360,3.517223004,3.21646306
1856,111420,3.521132888,3.218422607
1857,111480,3.522582738,3.218589196
1858,111540,3.523472902,3.218897451
1859,111600,3.521054333,3.218520644
1860,111660,3.522623565,3.219328685
1861,111720,3.526363548,3.221006997
1862,111780,3.530142796,3.222386485
1863,111840,3.529463368,3.221479701
1864,111900,3.531201071,3.222274192
1865,111960,3.534713442,3.223247578
1866,112020,3.538657762,3.223834289
1867,112080,3.540147919,3.224288759
1868,112140,3.543546887,3.224706679
1869,112200,3.540348599,3.223245083
1870,112260,3.537140992,3.221717758
1871,112320,3.536949904,3.220818507
1872,112380,3.539141853,3.221184299
1873,112440,3.539749796,3.2210522
1874,112500,3.542669638,3.221497202
1875,112560,3.543295057,3.221611055
1876,112620,3.541767725,3.220457173
1877,112680,3.544778429,3.221413958
1878,112740,3.549254399,3.222961499
1879,112800,3.554506962,3.22421872
1880,112860,3.559378525,3.227411365
1881,112920,3.562229014,3.229774712
1882,112980,3.568812124,3.232636995
1883,113040,3.573051,3.235411592
1884,113100,3.576394675,3.239446794
1885,113160,3.579558306,3.242937004
1886,113220,3.583793268,3.246675539
1887,113280,3.586027843,3.250543233
1888,113340,3.587735821,3.25195167
1889,113400,3.590969014,3.253984612
1890,113460,3.595125753,3.255963366
1891,113520,3.598556706,3.259086944
1892,113580,3.602438355,3.263393825
1893,113640,3.606063151,3.265533176
1894,113700,3.610764044,3.268830452
1895,113760,3.61606169,3.272476665
1896,113820,3.618166067,3.274162669
1897,113880,3.621987648,3.277606031
1898,113940,3.623263853,3.277888507
1899,114000,3.626978173,3.27998483
1900,114060,3.628301549,3.2797861
1901,114120,3.628569188,3.279249502
1902,114180,3.630574365,3.280590709
1903,114240,3.633771936,3.282475591
1904,114300,3.639452061,3.285588051
1905,114360,3.64290631,3.288873925
1906,114420,3.645968606,3.292654131
1907,114480,3.652819201,3.294558866
1908,114540,3.654302623,3.295413843
1909,114600,3.657591548,3.298310234
1910,114660,3.658350804,3.298336416
1911,114720,3.658869727,3.298449701
1912,114780,3.658986461,3.297305487
1913,114840,3.66146025,3.299157161
1914,114900,3.662331309,3.299578344
1915,114960,3.666503436,3.301697758
1916,115020,3.670132735,3.303374996
1917,115080,3.67376677,3.306146097
1918,115140,3.674296869,3.305660219
1919,115200,3.678717063,3.307443156
1920,115260,3.683576785,3.308619019
1921,115320,3.685699459,3.310238313
1922,115380,3.688147973,3.31236425
1923,115440,3.690924756,3.313947857
1924,115500,3.695367465,3.315908913
1925,115560,3.699521076,3.317541909
1926,115620,3.699424951,3.316635105
1927,115680,3.701895081,3.319010586
1928,115740,3.702827819,3.318510927
1929,115800,3.70287557,3.31798616
1930,115860,3.704713434,3.31847191
1931,115920,3.708846499,3.318549669
1932,115980,3.709871968,3.318305187
1933,116040,3.711357871,3.318654379
1934,116100,3.714202705,3.318684854
1935,116160,3.711421714,3.317395463
1936,116220,3.711581043,3.316878306
1937,116280,3.715698155,3.318811444
1938,116340,3.715987973,3.318312396
1939,116400,3.716910356,3.318171892
1940,116460,3.71776606,3.318173154
1941,116520,3.719430048,3.318068112
1942,116580,3.718151906,3.316992577
1943,116640,3.719429499,3.316592065
1944,116700,3.7156931,3.314882937
1945,116760,3.711575545,3.312409505
1946,116820,3.71395947,3.312335436
1947,116880,3.711887369,3.310475413
1948,116940,3.70920722,3.307725073
1949,117000,3.706918029,3.305752788
1950,117060,3.703339361,3.303462163
1951,117120,3.703200541,3.302904709
1952,117180,3.702220754,3.302398156
1953,117240,3.703667935,3.30189711
1954,117300,3.704009613,3.301699467
1955,117360,3.704725297,3.301067562
1956,117420,3.70633633,3.301039273
1957,117480,3.711576095,3.302903138
1958,117540,3.714151478,3.30347113
1959,117600,3.715594788,3.303167557
1960,117660,3.718833606,3.305221486
1961,117720,3.719260579,3.304406803
1962,117780,3.723272395,3.305371556
1963,117840,3.720801131,3.303409435
1964,117900,3.721759789,3.302905439
1965,117960,3.718554559,3.300822449
1966,118020,3.718722358,3.300268613
1967,118080,3.71784763,3.29944181
1968,118140,3.71252127,3.296632336
1969,118200,3.708102362,3.293277169
1970,118260,3.704741679,3.291249766
1971,118320,3.703182545,3.288938527
1972,118380,3.700205322,3.285922891
1973,118440,3.697064788,3.28325996
1974,118500,3.69367029,3.281927611
1975,118560,3.688653336,3.277683335
1976,118620,3.684802163,3.274275266
1977,118680,3.684044886,3.272594773
1978,118740,3.679244419,3.267928629
1979,118800,3.673899154,3.262912638
1980,118860,3.671258668,3.257463173
1981,118920,3.665653129,3.251517526
1982,118980,3.663761947,3.249241066
1983,119040,3.65980508,3.246703827
1984,119100,3.656495693,3.244267022
1985,119160,3.650504884,3.240732184
1986,119220,3.649533325,3.238039787
1987,119280,3.648058593,3.236192656
1988,119340,3.645247483,3.232675268
1989,119400,3.643720883,3.2313112
1990,119460,3.642167686,3.228818363
1991,119520,3.641368314,3.227312796
1992,119580,3.641744571,3.226331847
1993,119640,3.640266247,3.22548583
1994,119700,3.639860588,3.22482182
1995,119760,3.637007986,3.222657965
1996,119820,3.630492689,3.220160604
1997,119880,3.630527309,3.219824285
1998,119940,3.630521732,3.219369722
1999,120000,3.62484523,3.21692692
2000,120060,3.621711054,3.215747898
2001,120120,3.616005712,3.213121309
2002,120180,3.616438751,3.212324483
2003,120240,3.613677168,3.211275174
2004,120300,3.606789888,3.210630843
2005,120360,3.604236836,3.208771264
2006,120420,3.600010783,3.206332107
2007,120480,3.59578385,3.2031694
2008,120540,3.589702347,3.200672743
2009,120600,3.583762606,3.198289404
2010,120660,3.578020092,3.195348237
2011,120720,3.573481971,3.19152252
2012,120780,3.56659418,3.189150748
2013,120840,3.556978276,3.185308621
2014,120900,3.551880537,3.18291693
2015,120960,3.548820839,3.17926052
2016,121020,3.545637854,3.177332377
2017,121080,3.539982497,3.174732866
2018,121140,3.53186686,3.171489841
2019,121200,3.523734065,3.167827357
2020,121260,3.517283302,3.163979811
2021,121320,3.514432848,3.161830413
2022,121380,3.517126837,3.161675149
2023,121440,3.515917942,3.160738526
2024,121500,3.515204277,3.158444654
2025,121560,3.514089653,3.156826661
2026,121620,3.508629482,3.154341321
2027,121680,3.508842968,3.154756753
2028,121740,3.516542131,3.155450147
2029,121800,3.517943838,3.155634523
2030,121860,3.520496927,3.156939963
2031,121920,3.520750842,3.155805257
2032,121980,3.529983381,3.157530391
2033,122040,3.537542933,3.159808992
2034,122100,3.547163858,3.162106715
2035,122160,3.553053765,3.164087776
2036,122220,3.56583842,3.167002151
2037,122280,3.575613869,3.170130886
2038,122340,3.582848543,3.172983966
2039,122400,3.589037366,3.174374944
2040,122460,3.599621807,3.17846394
2041,122520,3.610374368,3.182447479
2042,122580,3.615600554,3.188165213
2043,122640,3.621153593,3.19088203
2044,122700,3.628677561,3.195164468
2045,122760,3.636943099,3.196166655
2046,122820,3.64690579,3.199126798
2047,122880,3.654618475,3.204723231
2048,122940,3.667548013,3.207827167
2049,123000,3.67337721,3.212979093
2050,123060,3.678531019,3.217730563
2051,123120,3.682997158,3.219698684
2052,123180,3.690324813,3.224210025
2053,123240,3.70013961,3.229539314
2054,123300,3.706392348,3.235104642
2055,123360,3.712424065,3.243125361
2056,123420,3.719534965,3.24945821
2057,123480,3.723659528,3.249602112
2058,123540,3.725889448,3.251620778
2059,123600,3.727320716,3.250650512
2060,123660,3.729516674,3.251728923
2061,123720,3.737164394,3.255297327
2062,123780,3.743830849,3.259419391
2063,123840,3.750730553,3.260702313
2064,123900,3.753138735,3.260547363
2065,123960,3.761988439,3.263789309
2066,124020,3.764512706,3.26412049
2067,124080,3.76510757,3.26286067
2068,124140,3.77047352,3.264521048
2069,124200,3.782137653,3.265932021
2070,124260,3.779420879,3.263857581
2071,124320,3.777818947,3.262398414
2072,124380,3.776771098,3.261592248
2073,124440,3.78026666,3.260903686
2074,124500,3.774075687,3.258665354
2075,124560,3.772885929,3.256827681
2076,124620,3.773406288,3.255054687
2077,124680,3.775940702,3.255408685
2078,124740,3.785997424,3.258011861
2079,124800,3.79366092,3.260017694
2080,124860,3.796999177,3.259039253
2081,124920,3.806156196,3.259253432
2082,124980,3.792783829,3.254128908
2083,125040,3.79257009,3.252136578
2084,125100,3.787578443,3.247443475
2085,125160,3.777593246,3.242769736
2086,125220,3.770118949,3.240665199
2087,125280,3.781152681,3.241592966
2088,125340,3.784187675,3.240681702
2089,125400,3.792557344,3.240738125
2090,125460,3.780189698,3.2369144
2091,125520,3.77086995,3.233323971
2092,125580,3.770293437,3.230878176
2093,125640,3.779445992,3.23193173
2094,125700,3.793062829,3.232465562
2095,125760,3.793706578,3.231353291
2096,125820,3.788686644,3.229428002
2097,125880,3.787096384,3.226490361
2098,125940,3.793853001,3.226952226
2099,126000,3.806151531,3.227201598
2100,126060,3.806787703,3.226487951
2101,126120,3.816012196,3.226788611
2102,126180,3.822276469,3.225274696
2103,126240,3.832658445,3.225172484
2104,126300,3.835794595,3.224221332
2105,126360,3.84435645,3.223823259
2106,126420,3.860141392,3.226056998
2107,126480,3.870205823,3.226464219
2108,126540,3.875300857,3.226869559
2109,126600,3.872481698,3.224813994
2110,126660,3.881761709,3.227775021
2111,126720,3.895685968,3.228378937
2112,126780,3.904520736,3.232527543
2113,126840,3.922522938,3.235618122
2114,126900,3.938299192,3.239497903
2115,126960,3.952653565,3.243485196
2116,127020,3.955517198,3.242167515
2117,127080,3.954061729,3.238779642
2118,127140,3.958604026,3.239618391
2119,127200,3.9728706,3.240411832
2120,127260,3.973942067,3.237749274
2121,127320,3.987284846,3.238983553
2122,127380,4.003718096,3.242642601
2123,127440,4.017540982,3.24596736
2124,127500,4.028117144,3.249801595
2125,127560,4.04476105,3.251823888
2126,127620,4.055443296,3.254495212
2127,127680,4.067073726,3.256028759
2128,127740,4.077829959,3.257130707
2129,127800,4.086094175,3.257578577
2130,127860,4.098390658,3.25724225
2131,127920,4.115698354,3.258961436
2132,127980,4.127810108,3.26011756
2133,128040,4.140211016,3.266437905
2134,128100,4.151261291,3.271340642
2135,128160,4.162936238,3.277793119
2136,128220,4.173002484,3.282706631
2137,128280,4.18697608,3.289620735
2138,128340,4.200057821,3.296582999
2139,128400,4.215493919,3.301479864
2140,128460,4.225889956,3.308550203
2141,128520,4.237587838,3.313244379
2142,128580,4.247235048,3.318322352
2143,128640,4.264051005,3.323777426
2144,128700,4.267308558,3.323317208
2145,128760,4.279583473,3.324978319
2146,128820,4.285205969,3.327822461
2147,128880,4.300019222,3.331589891
2148,128940,4.31048281,3.334733992
2149,129000,4.320372976,3.342945834
2150,129060,4.326992731,3.347445443
2151,129120,4.333492646,3.354737609
2152,129180,4.339364644,3.36227677
2153,129240,4.349991977,3.370335397
2154,129300,4.361230061,3.372128631
2155,129360,4.369655893,3.373911784
2156,129420,4.374843672,3.37567587
2157,129480,4.382447735,3.373337296
2158,129540,4.375433431,3.366712374
2159,129600,4.383591415,3.365108718
2160,129660,4.378126679,3.357860096
2161,129720,4.376497652,3.353174628
2162,129780,4.373441846,3.348437376
2163,129840,4.366903051,3.333193322
2164,129900,4.352873348,3.308082433
2165,129960,4.344043201,3.286671206
2166,130020,4.338875098,3.274234547
2167,130080,4.330087095,3.264926031
2168,130140,4.323378194,3.256701793
2169,130200,4.320917741,3.251521153
2170,130260,4.309330342,3.239472944
2171,130320,4.296600623,3.22952875
2172,130380,4.287443687,3.221114895
2173,130440,4.277748847,3.210550153
2174,130500,4.273958526,3.204386536
2175,130560,4.279877149,3.20271991
2176,130620,4.290711888,3.201199411
2177,130680,4.282168433,3.195211109
2178,130740,4.271334392,3.186067841
2179,130800,4.256433235,3.177885994
2180,130860,4.249187996,3.169605581
2181,130920,4.243754675,3.160148565
2182,130980,4.236811887,3.152434867
2183,131040,4.237305847,3.148111906
2184,131100,4.244186162,3.146915244
2185,131160,4.240125948,3.140521387
2186,131220,4.245879535,3.138019336
2187,131280,4.264863683,3.137039227
2188,131340,4.27871594,3.135278275
2189,131400,4.27474771,3.129669774
2190,131460,4.274369147,3.123832724
2191,131520,4.292819638,3.122307046
2192,131580,4.309230028,3.122397562
2193,131640,4.32414778,3.119859452
2194,131700,4.324607834,3.114000236
2195,131760,4.309465667,3.101025454
2196,131820,4.292561078,3.086616843
2197,131880,4.273266578,3.072019358
2198,131940,4.261630167,3.063565722
2199,132000,4.248930841,3.053402982
2200,132060,4.23241511,3.04195511
2201,132120,4.202834119,3.029353603
2202,132180,4.196437015,3.018086031
2203,132240,4.172333049,3.003339909
2204,132300,4.157593073,2.979959226
2205,132360,4.134967206,2.956794711
2206,132420,4.12129571,2.935502467
2207,132480,4.10940125,2.914739842
2208,132540,4.089703785,2.897317311
2209,132600,4.074530336,2.88166365
2210,132660,4.056794515,2.862965611
2211,132720,4.035134164,2.848192345
2212,132780,4.010660108,2.833885157
2213,132840,3.992744236,2.821208731
2214,132900,3.965506025,2.806270932
2215,132960,3.94886285,2.794633738
2216,133020,3.93334405,2.779821538
2217,133080,3.899679339,2.76194268
2218,133140,3.873561064,2.74202565
2219,133200,3.842500116,2.724087181
2220,133260,3.840515371,2.711046618
2221,133320,3.838120126,2.702266339
2222,133380,3.827625028,2.6865605
2223,133440,3.784565896,2.665878788
2224,133500,3.752435561,2.644288684
2225,133560,3.736433029,2.620512466
2226,133620,3.722398111,2.596923788
2227,133680,3.674899621,2.578815521
2228,133740,3.659896632,2.557478723
2229,133800,3.646646837,2.538212268
2230,133860,3.618216368,2.514299063
2231,133920,3.582446686,2.486224015
2232,133980,3.558027552,2.463863566
2233,134040,3.552592652,2.44470926
2234,134100,3.542898344,2.428420737
2235,134160,3.536020892,2.411207
2236,134220,3.497530528,2.393781372
2237,134280,3.478220718,2.376304417
2238,134340,3.461388625,2.355455498
2239,134400,3.450500744,2.340156155
2240,134460,3.434885344,2.329098772
2241,134520,3.41948515,2.319957864
2242,134580,3.41729939,2.305419752
2243,134640,3.39060304,2.284063772
2244,134700,3.364553269,2.262368343
2245,134760,3.351256354,2.235542426
2246,134820,3.301530372,2.214127215
2247,134880,3.255269573,2.195914361
2248,134940,3.235570465,2.178979455
2249,135000,3.198750291,2.161290434
2250,135060,3.190906472,2.131268677
2251,135120,3.161031601,2.110964323
2252,135180,3.142861778,2.093100729
2253,135240,3.101015257,2.067552105
2254,135300,3.059011841,2.038253172
2255,135360,3.038461851,2.002264193
2256,135420,2.997016647,1.960934559
2257,135480,2.974448386,1.920249909
2258,135540,2.950949961,1.889592344
2259,135600,2.915269679,1.853104316
2260,135660,2.881139478,1.812609871
2261,135720,2.855536907,1.761861392
2262,135780,2.816329299,1.722389554
2263,135840,2.778800969,1.683265924
2264,135900,2.763164085,1.642326292
2265,135960,2.762810815,1.601081347
2266,136020,2.741154641,1.564915022
2267,136080,2.713117864,1.531193319
2268,136140,2.670475799,1.48870442
2269,136200,2.65202609,1.46088574
2270,136260,2.595979004,1.429390986
2271,136320,2.573549623,1.390652514
2272,136380,2.546595966,1.33756702
2273,136440,2.546234418,1.300797581
2274,136500,2.515068428,1.268473263
2275,136560,2.462388102,1.225654685
2276,136620,2.419971001,1.188438988
2277,136680,2.388353479,1.154426969
2278,136740,2.345094955,1.120773439
2279,136800,2.286247914,1.086459083
2280,136860,2.254012397,1.052047005
2281,136920,2.202030348,1.022537121
2282,136980,2.166249285,0.97950477
2283,137040,2.085417744,0.936626653
2284,137100,1.996070248,0.895791128
2285,137160,1.899834532,0.861800445
2286,137220,1.84480843,0.827145519
2287,137280,1.794353046,0.801422941
2288,137340,1.7691281,0.783484947
2289,137400,1.765813206,0.753487269
2290,137460,1.765719434,0.716156694
2291,137520,1.765164341,0.684971414
2292,137580,1.71044814,0.636720149
2293,137640,1.624627038,0.568332588
2294,137700,1.526292611,0.493298482
2295,137760,1.428153474,0.424403074
2296,137820,1.365978959,0.352574397
2297,137880,1.26805893,0.276718144
2298,137940,1.188426952,0.205243622
2299,138000,1.1722815,0.163676372
2300,138060,1.203396696,0.168892456
2301,138120,1.198597539,0.144895576
2302,138180,1.158908796,0.108259665
2303,138240,1.002484493,0.080470853
2304,138300,0.889013995,0.043127605
2305,138360,0.777686877,-0.000435135
2306,138420,0.774843894,-0.05578191
2307,138480,0.571631527,-0.115207452
2308,138540,0.477089034,-0.177159324
2309,138600,0.377001077,-0.228825738
2310,138660,0.349842609,-0.280785356
2311,138720,0.284405221,-0.34654024
2312,138780,0.083940529,-0.442472294
2313,138840,0.018273866,-0.545421885
2314,138900,-0.224692503,-0.630075557
2315,138960,-0.324684309,-0.736042969
2316,139020,-0.423189348,-0.798235225
2317,139080,-0.423417858,-0.877496119
2318,139140,-0.506178009,-0.959141469
2319,139200,-0.601415067,-1.067760639
2320,139260,-0.653295682,-1.164826451
2321,139320,-0.782347607,-1.235645619
2322,139380,-0.817820077,-1.288123639
2323,139440,-0.882716832,-1.367518419
2324,139500,-0.937221973,-1.470316885
2325,139560,-1.025543592,-1.57004267
2326,139620,-1.113051051,-1.675254361
2327,139680,-1.232052365,-1.782028746
2328,139740,-1.3701157,-1.90842795
2329,139800,-1.499393537,-2.041791884
2330,139860,-1.665680054,-2.147906439
2331,139920,-1.78244336,-2.27692814
2332,139980,-1.795958675,-2.398505025
2333,140040,-1.856351044,-2.453477783
2334,140100,-1.998416591,-2.509108703
2335,140160,-2.194640164,-2.609571777
2336,140220,-2.461352436,-2.718841092
2337,140280,-2.615172316,-2.850649675
2338,140340,-2.760618332,-2.96733387
2339,140400,-2.875876757,-3.111300689
2340,140460,-2.992670747,-3.28107385
2341,140520,-3.217420339,-3.467425256
2342,140580,-3.596360165,-3.596787433
2343,140640,-3.611928287,-3.681806957
2344,140700,-3.611275228,-3.706457173
2345,140760,-3.743255229,-3.840527096
2346,140820,-3.86545653,-4.00114968
2347,140880,-3.984574557,-4.154691601
2348,140940,-4.038203004,-4.228724815
2349,141000,-3.988895117,-4.206034656
2350,141060,-3.907792448,-4.060193394
2351,141120,-3.791437863,-3.855313281
2352,141180,-3.58992927,-3.714908625
2353,141240,-3.259823223,-3.506963585
2354,141300,-2.989615878,-3.312989574
2355,141360,-2.812583318,-3.180097729
2356,141420,-2.689026267,-3.169988881
2357,141480,-2.969530803,-3.287238293
2358,141540,-2.985199053,-3.379252115
2359,141600,-3.585295609,-3.574229531
2360,141660,-3.442330273,-3.508941167
2361,141720,-2.982852149,-3.48634225
2362,141780,-3.751401735,-3.836664954
2363,141840,-3.978704303,-4.341768201
2364,141900,-4.720744862,-4.906806776
2365,141960,-4.980682617,-5.674723855
2366,142020,-5.980165501,-6.316331484
2367,142080,-4.974249359,-5.72660791
2368,142140,-4.358232072,-4.501600866
