,date,close_price,cm_C,cm_P,nm_C,nm_P,cq_C,cq_P,nq_C,nq_P,,cm,nm,cq,nq
0,2017/1/3,2.3065,0.162428,0.162428,0.165379,0.165379,0.173195,0.173195,0.178055,0.178055,,0.162428,0.165379,0.173195,0.178055
1,2017/1/4,2.3245,0.15173,0.15173,0.154955,0.154955,0.164443,0.164443,0.173767,0.173767,,0.15173,0.154955,0.164443,0.173767
2,2017/1/5,2.3215,0.14682,0.14682,0.152327,0.152327,0.163909,0.163909,0.174529,0.174529,,0.14682,0.152327,0.163909,0.174529
3,2017/1/6,2.3135,0.144083,0.144083,0.149555,0.149555,0.164911,0.164911,0.177799,0.177799,,0.144083,0.149555,0.164911,0.177799
4,2017/1/9,2.3195,0.138288,0.138288,0.146575,0.146575,0.157315,0.157315,0.172553,0.172553,,0.138288,0.146575,0.157315,0.172553
5,2017/1/10,2.3125,0.132996,0.132996,0.142302,0.142302,0.154654,0.154654,0.168877,0.168877,,0.132996,0.142302,0.154654,0.168877
6,2017/1/11,2.3035,0.132479,0.132479,0.140259,0.140259,0.152812,0.152812,0.16652,0.16652,,0.132479,0.140259,0.152812,0.16652
7,2017/1/12,2.2955,0.129687,0.129687,0.13796,0.13796,0.150153,0.150153,0.164017,0.164017,,0.129687,0.13796,0.150153,0.164017
8,2017/1/13,2.3105,0.124656,0.124656,0.135983,0.135983,0.150284,0.150284,0.159651,0.159651,,0.124656,0.135983,0.150284,0.159651
9,2017/1/16,2.3385,0.138211,0.138211,0.135956,0.135956,0.156443,0.156443,0.163888,0.163888,,0.138211,0.135956,0.156443,0.163888
10,2017/1/17,2.3285,0.119031,0.119031,0.123118,0.123118,0.149122,0.149122,0.160844,0.160844,,0.119031,0.123118,0.149122,0.160844
11,2017/1/18,2.3445,0.115834,0.115834,0.119866,0.119866,0.144703,0.144703,0.158819,0.158819,,0.115834,0.119866,0.144703,0.158819
12,2017/1/19,2.3345,0.108392,0.108392,0.118332,0.118332,0.140858,0.140858,0.156139,0.156139,,0.108392,0.118332,0.140858,0.156139
13,2017/1/20,2.3495,0.103377,0.103377,0.117176,0.117176,0.14166,0.14166,0.160423,0.160423,,0.103377,0.117176,0.14166,0.160423
14,2017/1/23,2.3485,0.105984,0.105984,0.111781,0.111781,0.137471,0.137471,0.152544,0.152544,,0.105984,0.111781,0.137471,0.152544
15,2017/1/24,2.3535,0.10016,0.10016,0.109305,0.109305,0.133271,0.133271,0.145761,0.145761,,0.10016,0.109305,0.133271,0.145761
16,2017/1/25,2.3684,0.123918,0.123918,0.10821,0.10821,0.132847,0.132847,0.144006,0.144006,,0.123918,0.10821,0.132847,0.144006
17,2017/1/26,2.3665,0.104774,0.104774,0.12049,0.12049,0.135592,0.135592,0.139856,0.139856,,0.104774,0.12049,0.135592,0.139856
18,2017/2/3,2.3415,0.106467,0.106467,0.118826,0.118826,0.1353,0.1353,0.139996,0.139996,,0.106467,0.118826,0.1353,0.139996
19,2017/2/6,2.3425,0.106769,0.106769,0.116319,0.116319,0.131648,0.131648,0.136372,0.136372,,0.106769,0.116319,0.131648,0.136372
20,2017/2/7,2.3355,0.105101,0.105101,0.114856,0.114856,0.126339,0.126339,0.134246,0.134246,,0.105101,0.114856,0.126339,0.134246
21,2017/2/8,2.3485,0.106758,0.106758,0.111005,0.111005,0.124389,0.124389,0.133088,0.133088,,0.106758,0.111005,0.124389,0.133088
22,2017/2/9,2.3545,0.105813,0.105813,0.114964,0.114964,0.128224,0.128224,0.134867,0.134867,,0.105813,0.114964,0.128224,0.134867
23,2017/2/10,2.3665,0.102343,0.102343,0.118228,0.118228,0.130953,0.130953,0.138185,0.138185,,0.102343,0.118228,0.130953,0.138185
24,2017/2/13,2.3775,0.108188,0.108188,0.113155,0.113155,0.130131,0.130131,0.135079,0.135079,,0.108188,0.113155,0.130131,0.135079
25,2017/2/14,2.3695,0.104149,0.104149,0.108752,0.108752,0.127602,0.127602,0.13168,0.13168,,0.104149,0.108752,0.127602,0.13168
26,2017/2/15,2.3695,0.0956341,0.0956341,0.101663,0.101663,0.124367,0.124367,0.128832,0.128832,,0.0956341,0.101663,0.124367,0.128832
27,2017/2/16,2.3725,0.0988083,0.0988083,0.104548,0.104548,0.124454,0.124454,0.130189,0.130189,,0.0988083,0.104548,0.124454,0.130189
28,2017/2/17,2.3615,0.106901,0.106901,0.108714,0.108714,0.130347,0.130347,0.134713,0.134713,,0.106901,0.108714,0.130347,0.134713
29,2017/2/20,2.3955,0.137694,0.137694,0.115313,0.115313,0.131838,0.131838,0.138063,0.138063,,0.137694,0.115313,0.131838,0.138063
30,2017/2/21,2.3925,0.100119,0.100119,0.119453,0.119453,0.135702,0.135702,0.141256,0.141256,,0.100119,0.119453,0.135702,0.141256
31,2017/2/22,2.396,0.37701,0.37701,0.114149,0.114149,0.137079,0.137079,0.143433,0.143433,,0.37701,0.114149,0.137079,0.143433
32,2017/2/23,2.3865,0.107687,0.107687,0.11173,0.11173,0.132377,0.132377,0.140473,0.140473,,0.107687,0.11173,0.132377,0.140473
33,2017/2/24,2.3855,0.11073,0.11073,0.113306,0.113306,0.131243,0.131243,0.139287,0.139287,,0.11073,0.113306,0.131243,0.139287
34,2017/2/27,2.3675,0.119539,0.119539,0.115295,0.115295,0.13226,0.13226,0.137102,0.137102,,0.119539,0.115295,0.13226,0.137102
35,2017/2/28,2.3685,0.117448,0.117448,0.115903,0.115903,0.132018,0.132018,0.138119,0.138119,,0.117448,0.115903,0.132018,0.138119
36,2017/3/1,2.3675,0.112572,0.112572,0.113523,0.113523,0.13032,0.13032,0.138368,0.138368,,0.112572,0.113523,0.13032,0.138368
37,2017/3/2,2.3535,0.117299,0.117299,0.118481,0.118481,0.135246,0.135246,0.143461,0.143461,,0.117299,0.118481,0.135246,0.143461
38,2017/3/3,2.3435,0.110158,0.110158,0.116044,0.116044,0.135357,0.135357,0.143888,0.143888,,0.110158,0.116044,0.135357,0.143888
39,2017/3/6,2.3485,0.103974,0.103974,0.111663,0.111663,0.13538,0.13538,0.145531,0.145531,,0.103974,0.111663,0.13538,0.145531
40,2017/3/7,2.3535,0.107826,0.107826,0.111108,0.111108,0.134956,0.134956,0.143476,0.143476,,0.107826,0.111108,0.134956,0.143476
41,2017/3/8,2.3555,0.0982128,0.0982128,0.102349,0.102349,0.132668,0.132668,0.142204,0.142204,,0.0982128,0.102349,0.132668,0.142204
42,2017/3/9,2.3435,0.100616,0.100616,0.104273,0.104273,0.131705,0.131705,0.141192,0.141192,,0.100616,0.104273,0.131705,0.141192
43,2017/3/10,2.3355,0.0971341,0.0971341,0.101863,0.101863,0.129352,0.129352,0.13905,0.13905,,0.0971341,0.101863,0.129352,0.13905
44,2017/3/13,2.3555,0.0994593,0.0994593,0.0992761,0.0992761,0.126271,0.126271,0.138479,0.138479,,0.0994593,0.0992761,0.126271,0.138479
45,2017/3/14,2.3505,0.103916,0.103916,0.100993,0.100993,0.121686,0.121686,0.136012,0.136012,,0.103916,0.100993,0.121686,0.136012
46,2017/3/15,2.3535,0.119027,0.119027,0.10772,0.10772,0.128298,0.128298,0.14134,0.14134,,0.119027,0.10772,0.128298,0.14134
47,2017/3/16,2.3695,0.100422,0.100422,0.0985529,0.0985529,0.123184,0.123184,0.136654,0.136654,,0.100422,0.0985529,0.123184,0.136654
48,2017/3/17,2.3425,0.0938126,0.0938126,0.0950299,0.0950299,0.119621,0.119621,0.132938,0.132938,,0.0938126,0.0950299,0.119621,0.132938
49,2017/3/20,2.3465,0.111569,0.111569,0.0951722,0.0951722,0.118849,0.118849,0.132734,0.132734,,0.111569,0.0951722,0.118849,0.132734
50,2017/3/21,2.3535,0.106376,0.106376,0.0934155,0.0934155,0.114513,0.114513,0.130971,0.130971,,0.106376,0.0934155,0.114513,0.130971
51,2017/3/22,2.3355,0.260394,0.260394,0.0935106,0.0935106,0.114654,0.114654,0.129137,0.129137,,0.260394,0.0935106,0.114654,0.129137
52,2017/3/23,2.3435,0.0851262,0.0851262,0.0913379,0.0913379,0.106645,0.106645,0.122221,0.122221,,0.0851262,0.0913379,0.106645,0.122221
53,2017/3/24,2.3645,0.0827557,0.0827557,0.0909564,0.0909564,0.10662,0.10662,0.121601,0.121601,,0.0827557,0.0909564,0.10662,0.121601
54,2017/3/27,2.3595,0.0922814,0.0922814,0.0959685,0.0959685,0.106787,0.106787,0.122595,0.122595,,0.0922814,0.0959685,0.106787,0.122595
55,2017/3/28,2.3535,0.0942514,0.0942514,0.0983349,0.0983349,0.107872,0.107872,0.12511,0.12511,,0.0942514,0.0983349,0.107872,0.12511
56,2017/3/29,2.3535,0.0912949,0.0912949,0.095901,0.095901,0.107002,0.107002,0.125161,0.125161,,0.0912949,0.095901,0.107002,0.125161
57,2017/3/30,2.3435,0.0917764,0.0917764,0.0977676,0.0977676,0.108212,0.108212,0.12554,0.12554,,0.0917764,0.0977676,0.108212,0.12554
58,2017/3/31,2.3555,0.0864171,0.0864171,0.0955929,0.0955929,0.107548,0.107548,0.126144,0.126144,,0.0864171,0.0955929,0.107548,0.126144
59,2017/4/5,2.3825,0.0921214,0.0921214,0.09779,0.09779,0.106437,0.106437,0.124376,0.124376,,0.0921214,0.09779,0.106437,0.124376
60,2017/4/6,2.3845,0.0899342,0.0899342,0.0960672,0.0960672,0.1055,0.1055,0.123757,0.123757,,0.0899342,0.0960672,0.1055,0.123757
61,2017/4/7,2.3835,0.0877494,0.0877494,0.0961974,0.0961974,0.103525,0.103525,0.121777,0.121777,,0.0877494,0.0961974,0.103525,0.121777
62,2017/4/10,2.3775,0.08671,0.08671,0.0947889,0.0947889,0.102907,0.102907,0.119634,0.119634,,0.08671,0.0947889,0.102907,0.119634
63,2017/4/11,2.3785,0.0910829,0.0920829,0.0930242,0.0930242,0.0988968,0.0988968,0.112011,0.112011,,0.0915829,0.0930242,0.0988968,0.112011
64,2017/4/12,2.3735,0.0909247,0.0929247,0.0921508,0.0921508,0.0982432,0.0982432,0.10741,0.10741,,0.0919247,0.0921508,0.0982432,0.10741
65,2017/4/13,2.3665,0.0963816,0.100382,0.0934704,0.0934704,0.0986233,0.0986233,0.105455,0.105455,,0.0983818,0.0934704,0.0986233,0.105455
66,2017/4/14,2.3495,0.0961741,0.100174,0.0966958,0.0966958,0.100694,0.100694,0.107713,0.107713,,0.09817405,0.0966958,0.100694,0.107713
67,2017/4/17,2.3525,0.0917114,0.0957114,0.0956058,0.0956058,0.10044,0.10044,0.109266,0.109266,,0.0937114,0.0956058,0.10044,0.109266
68,2017/4/18,2.3375,0.0841893,0.0881893,0.0952678,0.0952678,0.0982236,0.0982236,0.106925,0.106925,,0.0861893,0.0952678,0.0982236,0.106925
69,2017/4/19,2.322,0.106089,0.110089,0.101354,0.101354,0.102513,0.102513,0.110012,0.110012,,0.108089,0.101354,0.102513,0.110012
70,2017/4/20,2.3315,0.0928129,0.0968129,0.0947733,0.0947733,0.100193,0.100193,0.108803,0.108803,,0.0948129,0.0947733,0.100193,0.108803
71,2017/4/21,2.3405,0.0858388,0.0898388,0.0868258,0.0868258,0.0966402,0.0966402,0.105905,0.105905,,0.0878388,0.0868258,0.0966402,0.105905
72,2017/4/24,2.335,0.105889,0.109889,0.090858,0.090858,0.0937407,0.0937407,0.105486,0.105486,,0.107889,0.090858,0.0937407,0.105486
73,2017/4/25,2.3415,0.102326,0.106326,0.0850325,0.0850325,0.0883403,0.0883403,0.102438,0.102438,,0.104326,0.0850325,0.0883403,0.102438
74,2017/4/26,2.3385,0.141925,0.145925,0.0784858,0.0784858,0.0856564,0.0856564,0.0983042,0.0983042,,0.143925,0.0784858,0.0856564,0.0983042
75,2017/4/27,2.3435,0.0773735,0.0773735,0.0817231,0.0817231,0.0919515,0.0919515,0.0909514,0.0909514,,0.0773735,0.0817231,0.0919515,0.0909514
76,2017/4/28,2.3395,0.0810056,0.0810056,0.0807769,0.0807769,0.0888084,0.0888084,0.089816,0.089816,,0.0810056,0.0807769,0.0888084,0.089816
77,2017/5/2,2.3325,0.0816598,0.0816598,0.0772519,0.0772519,0.0873967,0.0873967,0.0908871,0.0908871,,0.0816598,0.0772519,0.0873967,0.0908871
78,2017/5/3,2.3245,0.0818768,0.0818768,0.0782856,0.0782856,0.0815667,0.0815667,0.0858204,0.0858204,,0.0818768,0.0782856,0.0815667,0.0858204
79,2017/5/4,2.3185,0.0801409,0.0801409,0.0770758,0.0770758,0.0749944,0.0749944,0.0764706,0.0764706,,0.0801409,0.0770758,0.0749944,0.0764706
80,2017/5/5,2.3125,0.0821223,0.0821223,0.0803184,0.0803184,0.0775822,0.0775822,0.0786671,0.0786671,,0.0821223,0.0803184,0.0775822,0.0786671
81,2017/5/8,2.3175,0.0806326,0.0806326,0.0787968,0.0787968,0.0765906,0.0765906,0.0776482,0.0776482,,0.0806326,0.0787968,0.0765906,0.0776482
82,2017/5/9,2.3155,0.0797436,0.0797436,0.0751986,0.0751986,0.073816,0.073816,0.0770767,0.0770767,,0.0797436,0.0751986,0.073816,0.0770767
83,2017/5/10,2.3205,0.0754868,0.0754868,0.072859,0.072859,0.0737504,0.0737504,0.0762084,0.0762084,,0.0754868,0.072859,0.0737504,0.0762084
84,2017/5/11,2.3345,0.0774068,0.0774068,0.0764204,0.0764204,0.0777526,0.0777526,0.078808,0.078808,,0.0774068,0.0764204,0.0777526,0.078808
85,2017/5/12,2.3695,0.0773015,0.0773015,0.0739166,0.0739166,0.0804216,0.0804216,0.0838123,0.0838123,,0.0773015,0.0739166,0.0804216,0.0838123
86,2017/5/15,2.3735,0.0859141,0.0859141,0.0754685,0.0754685,0.0788629,0.0788629,0.0824888,0.0824888,,0.0859141,0.0754685,0.0788629,0.0824888
87,2017/5/16,2.3785,0.0874842,0.0874842,0.0752225,0.0752225,0.0765151,0.0765151,0.0800262,0.0800262,,0.0874842,0.0752225,0.0765151,0.0800262
88,2017/5/17,2.3585,0.0911265,0.0911265,0.0758255,0.0758255,0.0754944,0.0754944,0.0771753,0.0771753,,0.0911265,0.0758255,0.0754944,0.0771753
89,2017/5/18,2.3485,0.0757832,0.0757832,0.0709783,0.0709783,0.0719444,0.0719444,0.0749032,0.0749032,,0.0757832,0.0709783,0.0719444,0.0749032
90,2017/5/19,2.3545,0.0697814,0.0697814,0.0758766,0.0758766,0.074755,0.074755,0.0778591,0.0778591,,0.0697814,0.0758766,0.074755,0.0778591
91,2017/5/22,2.3735,0.106067,0.106067,0.0753874,0.0753874,0.0752424,0.0752424,0.0797532,0.0797532,,0.106067,0.0753874,0.0752424,0.0797532
92,2017/5/23,2.4055,0.154397,0.154397,0.0864204,0.0864204,0.0809448,0.0809448,0.0841138,0.0841138,,0.154397,0.0864204,0.0809448,0.0841138
93,2017/5/24,2.3995,0.174568,0.174568,0.0829266,0.0829266,0.0848049,0.0848049,0.0868253,0.0868253,,0.174568,0.0829266,0.0848049,0.0868253
94,2017/5/25,2.4705,0.119699,0.119699,0.11328,0.11328,0.116421,0.116421,0.115066,0.115066,,0.119699,0.11328,0.116421,0.115066
95,2017/5/26,2.4655,0.115216,0.115216,0.110407,0.110407,0.113785,0.113785,0.113905,0.113905,,0.115216,0.110407,0.113785,0.113905
96,2017/5/31,2.4755,0.115934,0.115934,0.114507,0.114507,0.114362,0.114362,0.116791,0.116791,,0.115934,0.114507,0.114362,0.116791
97,2017/6/1,2.4905,0.116184,0.116184,0.117203,0.117203,0.11822,0.11822,0.118278,0.118278,,0.116184,0.117203,0.11822,0.118278
98,2017/6/2,2.4705,0.117137,0.117137,0.123255,0.123255,0.122714,0.122714,0.12553,0.12553,,0.117137,0.123255,0.122714,0.12553
99,2017/6/5,2.4405,0.11395,0.11395,0.115977,0.115977,0.119554,0.119554,0.1245,0.1245,,0.11395,0.115977,0.119554,0.1245
100,2017/6/6,2.4575,0.112634,0.112634,0.112459,0.112459,0.119898,0.119898,0.123986,0.123986,,0.112634,0.112459,0.119898,0.123986
101,2017/6/7,2.4805,0.132786,0.132786,0.130857,0.130857,0.130475,0.130475,0.13184,0.13184,,0.132786,0.130857,0.130475,0.13184
102,2017/6/8,2.5015,0.131866,0.131866,0.13318,0.13318,0.14014,0.14014,0.140007,0.140007,,0.131866,0.13318,0.14014,0.140007
103,2017/6/9,2.5165,0.147699,0.147699,0.153939,0.153939,0.153688,0.153688,0.155402,0.155402,,0.147699,0.153939,0.153688,0.155402
104,2017/6/12,2.5145,0.15242,0.15242,0.152753,0.152753,0.153091,0.153091,0.158014,0.158014,,0.15242,0.152753,0.153091,0.158014
105,2017/6/13,2.512,0.152652,0.152652,0.151816,0.151816,0.150945,0.150945,0.151991,0.151991,,0.152652,0.151816,0.150945,0.151991
106,2017/6/14,2.4825,0.141854,0.141854,0.141835,0.141835,0.143339,0.143339,0.146505,0.146505,,0.141854,0.141835,0.143339,0.146505
107,2017/6/15,2.4645,0.136271,0.136271,0.136355,0.136355,0.138968,0.138968,0.141182,0.141182,,0.136271,0.136355,0.138968,0.141182
108,2017/6/16,2.459,0.132941,0.132941,0.127916,0.127916,0.130571,0.130571,0.129063,0.129063,,0.132941,0.127916,0.130571,0.129063
109,2017/6/19,2.4975,0.134305,0.134305,0.124897,0.124897,0.125349,0.125349,0.128509,0.128509,,0.134305,0.124897,0.125349,0.128509
110,2017/6/20,2.482,0.150412,0.150412,0.136091,0.136091,0.135012,0.135012,0.14076,0.14076,,0.150412,0.136091,0.135012,0.14076
111,2017/6/21,2.5085,0.126938,0.126938,0.130977,0.130977,0.130407,0.130407,0.134106,0.134106,,0.126938,0.130977,0.130407,0.134106
112,2017/6/22,2.5235,0.128398,0.128398,0.135786,0.135786,0.133967,0.133967,0.141971,0.141971,,0.128398,0.135786,0.133967,0.141971
113,2017/6/23,2.5415,0.136321,0.136321,0.143159,0.143159,0.140243,0.140243,0.147939,0.147939,,0.136321,0.143159,0.140243,0.147939
114,2017/6/26,2.5555,0.176891,0.176891,0.151207,0.151207,0.147478,0.147478,0.154486,0.154486,,0.176891,0.151207,0.147478,0.154486
115,2017/6/27,2.5635,0.123267,0.123267,0.149388,0.149388,0.147179,0.147179,0.153177,0.153177,,0.123267,0.149388,0.147179,0.153177
116,2017/6/28,2.5465,0.176799,0.176799,0.151841,0.151841,0.147903,0.147903,0.153641,0.153641,,0.176799,0.151841,0.147903,0.153641
117,2017/6/29,2.563,0.151444,0.151444,0.141907,0.141907,0.146935,0.146935,0.150023,0.150023,,0.151444,0.141907,0.146935,0.150023
118,2017/6/30,2.5565,0.149425,0.149425,0.143836,0.143836,0.144868,0.144868,0.145964,0.145964,,0.149425,0.143836,0.144868,0.145964
119,2017/7/3,2.5415,0.146081,0.146081,0.139479,0.139479,0.139422,0.139422,0.139432,0.139432,,0.146081,0.139479,0.139422,0.139432
120,2017/7/4,2.5195,0.135799,0.135799,0.131662,0.131662,0.132381,0.132381,0.134267,0.134267,,0.135799,0.131662,0.132381,0.134267
121,2017/7/5,2.5645,0.13819,0.13819,0.135262,0.135262,0.136576,0.136576,0.141372,0.141372,,0.13819,0.135262,0.136576,0.141372
122,2017/7/6,2.5655,0.14024,0.14024,0.138528,0.138528,0.144817,0.144817,0.148309,0.148309,,0.14024,0.138528,0.144817,0.148309
123,2017/7/7,2.5615,0.143049,0.143049,0.141144,0.141144,0.144745,0.144745,0.14581,0.14581,,0.143049,0.141144,0.144745,0.14581
124,2017/7/10,2.5755,0.141431,0.141431,0.141336,0.141336,0.144247,0.144247,0.146342,0.146342,,0.141431,0.141336,0.144247,0.146342
125,2017/7/11,2.6045,0.135572,0.135572,0.137763,0.137763,0.148372,0.148372,0.154663,0.154663,,0.135572,0.137763,0.148372,0.154663
126,2017/7/12,2.5965,0.147253,0.147253,0.149398,0.149398,0.154148,0.154148,0.157321,0.157321,,0.147253,0.149398,0.154148,0.157321
127,2017/7/13,2.6375,0.150828,0.150828,0.150011,0.150011,0.155519,0.155519,0.162698,0.162698,,0.150828,0.150011,0.155519,0.162698
128,2017/7/14,2.6655,0.158687,0.158687,0.162536,0.162536,0.15926,0.15926,0.162637,0.162637,,0.158687,0.162536,0.15926,0.162637
129,2017/7/17,2.6675,0.183688,0.183688,0.181311,0.181311,0.177779,0.177779,0.174953,0.174953,,0.183688,0.181311,0.177779,0.174953
130,2017/7/18,2.6575,0.163392,0.163392,0.17557,0.17557,0.171143,0.171143,0.171522,0.171522,,0.163392,0.17557,0.171143,0.171522
131,2017/7/19,2.7025,0.167938,0.167938,0.178175,0.178175,0.176007,0.176007,0.172719,0.172719,,0.167938,0.178175,0.176007,0.172719
132,2017/7/20,2.7105,0.159256,0.159256,0.173631,0.173631,0.181966,0.181966,0.183069,0.183069,,0.159256,0.173631,0.181966,0.183069
133,2017/7/21,2.681,0.129301,0.129301,0.160993,0.160993,0.169753,0.169753,0.172877,0.172877,,0.129301,0.160993,0.169753,0.172877
134,2017/7/24,2.7005,0.140091,0.140091,0.158322,0.158322,0.167098,0.167098,0.172787,0.172787,,0.140091,0.158322,0.167098,0.172787
135,2017/7/25,2.6825,0.133844,0.133844,0.151927,0.151927,0.159925,0.159925,0.16734,0.16734,,0.133844,0.151927,0.159925,0.16734
136,2017/7/26,2.6785,0.238287,0.238287,0.161124,0.161124,0.158164,0.158164,0.166467,0.166467,,0.238287,0.161124,0.158164,0.166467
137,2017/7/27,2.6775,0.163047,0.163047,0.162689,0.162689,0.165541,0.165541,0.165969,0.165969,,0.163047,0.162689,0.165541,0.165969
138,2017/7/28,2.6841,0.152128,0.152128,0.155354,0.155354,0.158304,0.158304,0.159603,0.159603,,0.152128,0.155354,0.158304,0.159603
139,2017/7/31,2.6825,0.161497,0.161497,0.156606,0.156606,0.15733,0.15733,0.160783,0.160783,,0.161497,0.156606,0.15733,0.160783
140,2017/8/1,2.7235,0.154487,0.154487,0.154879,0.154879,0.161453,0.161453,0.160049,0.160049,,0.154487,0.154879,0.161453,0.160049
141,2017/8/2,2.7285,0.153871,0.153871,0.151373,0.151373,0.158304,0.158304,0.158177,0.158177,,0.153871,0.151373,0.158304,0.158177
142,2017/8/3,2.6895,0.159412,0.159412,0.156361,0.156361,0.16185,0.16185,0.161031,0.161031,,0.159412,0.156361,0.16185,0.161031
143,2017/8/4,2.6705,0.148051,0.148051,0.145982,0.145982,0.152404,0.152404,0.156939,0.156939,,0.148051,0.145982,0.152404,0.156939
144,2017/8/7,2.6775,0.144721,0.144721,0.147262,0.147262,0.152698,0.152698,0.154927,0.154927,,0.144721,0.147262,0.152698,0.154927
145,2017/8/8,2.6815,0.144873,0.144873,0.142495,0.142495,0.149216,0.149216,0.151589,0.151589,,0.144873,0.142495,0.149216,0.151589
146,2017/8/9,2.6645,0.135238,0.135238,0.135023,0.135023,0.144321,0.144321,0.146087,0.146087,,0.135238,0.135023,0.144321,0.146087
147,2017/8/10,2.654,0.125124,0.125124,0.12522,0.12522,0.135667,0.135667,0.139211,0.139211,,0.125124,0.12522,0.135667,0.139211
148,2017/8/11,2.6115,0.140141,0.140141,0.130316,0.130316,0.137178,0.137178,0.138917,0.138917,,0.140141,0.130316,0.137178,0.138917
149,2017/8/14,2.634,0.137057,0.137057,0.130335,0.130335,0.138901,0.138901,0.139857,0.139857,,0.137057,0.130335,0.138901,0.139857
150,2017/8/15,2.6505,0.126449,0.126449,0.128619,0.128619,0.141341,0.141341,0.144971,0.144971,,0.126449,0.128619,0.141341,0.144971
151,2017/8/16,2.6395,0.127575,0.127575,0.128434,0.128434,0.141712,0.141712,0.143874,0.143874,,0.127575,0.128434,0.141712,0.143874
152,2017/8/17,2.6515,0.111732,0.111732,0.126996,0.126996,0.138119,0.138119,0.141399,0.141399,,0.111732,0.126996,0.138119,0.141399
153,2017/8/18,2.6635,0.102009,0.102009,0.123161,0.123161,0.137108,0.137108,0.143391,0.143391,,0.102009,0.123161,0.137108,0.143391
154,2017/8/21,2.6625,0.118757,0.118757,0.118461,0.118461,0.134438,0.134438,0.141357,0.141357,,0.118757,0.118461,0.134438,0.141357
155,2017/8/22,2.6905,0.14195,0.14195,0.11096,0.11096,0.130332,0.130332,0.137928,0.137928,,0.14195,0.11096,0.130332,0.137928
156,2017/8/23,2.7075,0.182502,0.182502,0.116398,0.116398,0.135587,0.135587,0.142273,0.142273,,0.182502,0.116398,0.135587,0.142273
157,2017/8/24,2.6985,0.118748,0.118748,0.127127,0.127127,0.142435,0.142435,0.147082,0.147082,,0.118748,0.127127,0.142435,0.147082
158,2017/8/25,2.7565,0.131432,0.131432,0.135935,0.135935,0.153708,0.153708,0.15447,0.15447,,0.131432,0.135935,0.153708,0.15447
159,2017/8/28,2.7875,0.140353,0.140353,0.144646,0.144646,0.158326,0.158326,0.159673,0.159673,,0.140353,0.144646,0.158326,0.159673
160,2017/8/29,2.7885,0.143612,0.143612,0.142664,0.142664,0.155372,0.155372,0.158283,0.158283,,0.143612,0.142664,0.155372,0.158283
161,2017/8/30,2.7745,0.13948,0.13948,0.147847,0.147847,0.154342,0.154342,0.161554,0.161554,,0.13948,0.147847,0.154342,0.161554
162,2017/8/31,2.7655,0.143783,0.143783,0.1474,0.1474,0.151387,0.151387,0.157731,0.157731,,0.143783,0.1474,0.151387,0.157731
163,2017/9/1,2.7595,0.140821,0.140821,0.140095,0.140095,0.150124,0.150124,0.154458,0.154458,,0.140821,0.140095,0.150124,0.154458
164,2017/9/4,2.7635,0.144162,0.144162,0.146044,0.146044,0.153502,0.153502,0.159498,0.159498,,0.144162,0.146044,0.153502,0.159498
165,2017/9/5,2.7815,0.144981,0.144981,0.147789,0.147789,0.15667,0.15667,0.161897,0.161897,,0.144981,0.147789,0.15667,0.161897
166,2017/9/6,2.7645,0.155627,0.155627,0.15424,0.15424,0.158739,0.158739,0.164721,0.164721,,0.155627,0.15424,0.158739,0.164721
167,2017/9/7,2.7425,0.140875,0.140875,0.147859,0.147859,0.15371,0.15371,0.160987,0.160987,,0.140875,0.147859,0.15371,0.160987
168,2017/9/8,2.7375,0.139404,0.139404,0.146005,0.146005,0.157139,0.157139,0.162685,0.162685,,0.139404,0.146005,0.157139,0.162685
169,2017/9/11,2.7305,0.149312,0.149312,0.151656,0.151656,0.160806,0.160806,0.166191,0.166191,,0.149312,0.151656,0.160806,0.166191
170,2017/9/12,2.7455,0.147928,0.147928,0.154314,0.154314,0.160826,0.160826,0.16523,0.16523,,0.147928,0.154314,0.160826,0.16523
171,2017/9/13,2.7385,0.146672,0.146672,0.15517,0.15517,0.161069,0.161069,0.162785,0.162785,,0.146672,0.15517,0.161069,0.162785
172,2017/9/14,2.7225,0.136308,0.136308,0.152684,0.152684,0.159229,0.159229,0.161144,0.161144,,0.136308,0.152684,0.159229,0.161144
173,2017/9/15,2.7225,0.112277,0.112277,0.134021,0.134021,0.150261,0.150261,0.155683,0.155683,,0.112277,0.134021,0.150261,0.155683
174,2017/9/18,2.7295,0.12545,0.12545,0.137445,0.137445,0.148978,0.148978,0.156629,0.156629,,0.12545,0.137445,0.148978,0.156629
175,2017/9/19,2.7195,0.122412,0.122412,0.134971,0.134971,0.146788,0.146788,0.155321,0.155321,,0.122412,0.134971,0.146788,0.155321
176,2017/9/20,2.7165,0.110987,0.110987,0.119704,0.119704,0.141191,0.141191,0.152319,0.152319,,0.110987,0.119704,0.141191,0.152319
177,2017/9/21,2.728,0.110027,0.110027,0.119632,0.119632,0.139884,0.139884,0.151284,0.151284,,0.110027,0.119632,0.139884,0.151284
178,2017/9/22,2.7295,0.109264,0.109264,0.118357,0.118357,0.139571,0.139571,0.150541,0.150541,,0.109264,0.118357,0.139571,0.150541
179,2017/9/25,2.7285,0.138988,0.138988,0.120036,0.120036,0.139622,0.139622,0.149673,0.149673,,0.138988,0.120036,0.139622,0.149673
180,2017/9/26,2.7305,0.144229,0.144229,0.126405,0.126405,0.138426,0.138426,0.14997,0.14997,,0.144229,0.126405,0.138426,0.14997
181,2017/9/27,2.7105,0.14437,0.14437,0.123083,0.123083,0.137011,0.137011,0.149823,0.149823,,0.14437,0.123083,0.137011,0.149823
182,2017/9/28,2.7155,0.105466,0.105466,0.115909,0.115909,0.128603,0.128603,0.143281,0.143281,,0.105466,0.115909,0.128603,0.143281
183,2017/9/29,2.7265,0.0950495,0.0950495,0.111393,0.111393,0.12679,0.12679,0.142548,0.142548,,0.0950495,0.111393,0.12679,0.142548
184,2017/10/9,2.7495,0.104369,0.104369,0.1121,0.1121,0.12417,0.12417,0.138588,0.138588,,0.104369,0.1121,0.12417,0.138588
185,2017/10/10,2.7455,0.103668,0.103668,0.116013,0.116013,0.123943,0.123943,0.13869,0.13869,,0.103668,0.116013,0.123943,0.13869
186,2017/10/11,2.7615,0.0954758,0.0954758,0.109267,0.109267,0.123288,0.123288,0.136154,0.136154,,0.0954758,0.109267,0.123288,0.136154
187,2017/10/12,2.7735,0.095916,0.095916,0.108535,0.108535,0.122107,0.122107,0.132963,0.132963,,0.095916,0.108535,0.122107,0.132963
188,2017/10/13,2.7705,0.0907501,0.0907501,0.107972,0.107972,0.121099,0.121099,0.130969,0.130969,,0.0907501,0.107972,0.121099,0.130969
189,2017/10/16,2.7815,0.0940283,0.0940283,0.104236,0.104236,0.118929,0.118929,0.130397,0.130397,,0.0940283,0.104236,0.118929,0.130397
190,2017/10/17,2.7795,0.0880083,0.0880083,0.100709,0.100709,0.113396,0.113396,0.12873,0.12873,,0.0880083,0.100709,0.113396,0.12873
191,2017/10/18,2.8015,0.0893498,0.0893498,0.0995223,0.0995223,0.111414,0.111414,0.127718,0.127718,,0.0893498,0.0995223,0.111414,0.127718
192,2017/10/19,2.8055,0.0942996,0.0942996,0.0995615,0.0995615,0.110857,0.110857,0.125276,0.125276,,0.0942996,0.0995615,0.110857,0.125276
193,2017/10/20,2.7905,0.092121,0.092121,0.0973326,0.0973326,0.108678,0.108678,0.119626,0.119626,,0.092121,0.0973326,0.108678,0.119626
194,2017/10/23,2.7905,0.101613,0.101613,0.0971222,0.0971222,0.105462,0.105462,0.114223,0.114223,,0.101613,0.0971222,0.105462,0.114223
195,2017/10/24,2.8065,0.105522,0.105522,0.109289,0.109289,0.119123,0.119123,0.123282,0.123282,,0.105522,0.109289,0.119123,0.123282
196,2017/10/25,2.8025,0.198385,0.198385,0.107773,0.107773,0.115173,0.115173,0.121497,0.121497,,0.198385,0.107773,0.115173,0.121497
197,2017/10/26,2.8275,0.106691,0.106691,0.116313,0.116313,0.125021,0.125021,0.129205,0.129205,,0.106691,0.116313,0.125021,0.129205
198,2017/10/27,2.8725,0.100652,0.100652,0.105921,0.105921,0.117935,0.117935,0.122134,0.122134,,0.100652,0.105921,0.117935,0.122134
199,2017/10/30,2.8605,0.106088,0.106088,0.111871,0.111871,0.116373,0.116373,0.121119,0.121119,,0.106088,0.111871,0.116373,0.121119
200,2017/10/31,2.8505,0.103399,0.103399,0.108898,0.108898,0.114567,0.114567,0.119809,0.119809,,0.103399,0.108898,0.114567,0.119809
201,2017/11/1,2.8415,0.0948378,0.0948378,0.103162,0.103162,0.110278,0.110278,0.115414,0.115414,,0.0948378,0.103162,0.110278,0.115414
202,2017/11/2,2.8465,0.0922152,0.0922152,0.101066,0.101066,0.107815,0.107815,0.115147,0.115147,,0.0922152,0.101066,0.107815,0.115147
203,2017/11/3,2.8515,0.088972,0.088972,0.101546,0.101546,0.107545,0.107545,0.115645,0.115645,,0.088972,0.101546,0.107545,0.115645
204,2017/11/6,2.8435,0.0935039,0.0935039,0.099334,0.099334,0.105299,0.105299,0.112504,0.112504,,0.0935039,0.099334,0.105299,0.112504
205,2017/11/7,2.8755,0.0937185,0.0937185,0.0988294,0.0988294,0.106292,0.106292,0.112956,0.112956,,0.0937185,0.0988294,0.106292,0.112956
206,2017/11/8,2.8735,0.0942038,0.0942038,0.100247,0.100247,0.105462,0.105462,0.113155,0.113155,,0.0942038,0.100247,0.105462,0.113155
207,2017/11/9,2.8855,0.0921591,0.0921591,0.100079,0.100079,0.106558,0.106558,0.115968,0.115968,,0.0921591,0.100079,0.106558,0.115968
208,2017/11/10,2.9185,0.105626,0.105626,0.109857,0.109857,0.113254,0.113254,0.121592,0.121592,,0.105626,0.109857,0.113254,0.121592
209,2017/11/13,2.9285,0.108699,0.108699,0.111251,0.111251,0.116696,0.116696,0.124702,0.124702,,0.108699,0.111251,0.116696,0.124702
210,2017/11/14,2.9125,0.0979649,0.0979649,0.10824,0.10824,0.115747,0.115747,0.122207,0.122207,,0.0979649,0.10824,0.115747,0.122207
211,2017/11/15,2.9005,0.0906294,0.0906294,0.109096,0.109096,0.117027,0.117027,0.123974,0.123974,,0.0906294,0.109096,0.117027,0.123974
212,2017/11/16,2.9315,0.0935451,0.0935451,0.103894,0.103894,0.117418,0.117418,0.125462,0.125462,,0.0935451,0.103894,0.117418,0.125462
213,2017/11/17,2.988,0.132546,0.132546,0.117777,0.117777,0.126701,0.126701,0.132442,0.132442,,0.132546,0.117777,0.126701,0.132442
214,2017/11/20,2.9955,0.153506,0.153506,0.121302,0.121302,0.127038,0.127038,0.133645,0.133645,,0.153506,0.121302,0.127038,0.133645
215,2017/11/21,3.0465,0.175746,0.175746,0.134533,0.134533,0.143468,0.143468,0.14922,0.14922,,0.175746,0.134533,0.143468,0.14922
216,2017/11/22,3.0665,0.859432,0.859432,0.148854,0.148854,0.153432,0.153432,0.158876,0.158876,,0.859432,0.148854,0.153432,0.158876
217,2017/11/23,2.9915,0.157652,0.157652,0.153943,0.153943,0.152008,0.152008,0.163442,0.163442,,0.157652,0.153943,0.152008,0.163442
218,2017/11/24,2.9905,0.168432,0.168432,0.16333,0.16333,0.16207,0.16207,0.164814,0.164814,,0.168432,0.16333,0.16207,0.164814
219,2017/11/27,2.967,0.163684,0.163684,0.165453,0.165453,0.17167,0.17167,0.178007,0.178007,,0.163684,0.165453,0.17167,0.178007
220,2017/11/28,2.8955,0.176386,0.176386,0.173532,0.173532,0.172287,0.172287,0.180001,0.180001,,0.176386,0.173532,0.172287,0.180001
221,2017/11/29,2.8905,0.16918,0.16918,0.167119,0.167119,0.166741,0.166741,0.174937,0.174937,,0.16918,0.167119,0.166741,0.174937
222,2017/11/30,2.8555,0.17974,0.17974,0.179936,0.179936,0.181326,0.181326,0.185281,0.185281,,0.17974,0.179936,0.181326,0.185281
223,2017/12/1,2.8385,0.189146,0.189146,0.189489,0.189489,0.18704,0.18704,0.190936,0.190936,,0.189146,0.189489,0.18704,0.190936
224,2017/12/4,2.8575,0.163904,0.163904,0.164996,0.164996,0.166151,0.166151,0.170706,0.170706,,0.163904,0.164996,0.166151,0.170706
225,2017/12/5,2.9055,0.157629,0.157629,0.165222,0.165222,0.170563,0.170563,0.178289,0.178289,,0.157629,0.165222,0.170563,0.178289
226,2017/12/6,2.8685,0.16686,0.16686,0.173483,0.173483,0.174746,0.174746,0.181091,0.181091,,0.16686,0.173483,0.174746,0.181091
227,2017/12/7,2.8435,0.160159,0.160159,0.168395,0.168395,0.171495,0.171495,0.176652,0.176652,,0.160159,0.168395,0.171495,0.176652
228,2017/12/8,2.8645,0.149057,0.149057,0.16241,0.16241,0.165458,0.165458,0.172792,0.172792,,0.149057,0.16241,0.165458,0.172792
229,2017/12/11,2.8985,0.140898,0.140898,0.157275,0.157275,0.164438,0.164438,0.171794,0.171794,,0.140898,0.157275,0.164438,0.171794
230,2017/12/12,2.8465,0.14915,0.14915,0.166801,0.166801,0.169549,0.169549,0.177233,0.177233,,0.14915,0.166801,0.169549,0.177233
231,2017/12/13,2.8705,0.150294,0.150294,0.160281,0.160281,0.164198,0.164198,0.175353,0.175353,,0.150294,0.160281,0.164198,0.175353
232,2017/12/14,2.8505,0.141665,0.141665,0.159393,0.159393,0.166657,0.166657,0.177234,0.177234,,0.141665,0.159393,0.166657,0.177234
233,2017/12/15,2.8165,0.144646,0.144646,0.158421,0.158421,0.16525,0.16525,0.175013,0.175013,,0.144646,0.158421,0.16525,0.175013
234,2017/12/18,2.8275,0.147548,0.147548,0.158935,0.158935,0.167797,0.167797,0.175978,0.175978,,0.147548,0.158935,0.167797,0.175978
235,2017/12/19,2.8695,0.149555,0.149555,0.155486,0.155486,0.160714,0.160714,0.170063,0.170063,,0.149555,0.155486,0.160714,0.170063
236,2017/12/20,2.8755,0.145285,0.145285,0.159008,0.159008,0.163101,0.163101,0.171955,0.171955,,0.145285,0.159008,0.163101,0.171955
237,2017/12/21,2.8925,0.15496,0.15496,0.159394,0.159394,0.165352,0.165352,0.174405,0.174405,,0.15496,0.159394,0.165352,0.174405
238,2017/12/22,2.8775,0.136197,0.136197,0.155211,0.155211,0.163641,0.163641,0.173613,0.173613,,0.136197,0.155211,0.163641,0.173613
239,2017/12/25,2.876,0.148491,0.148491,0.157781,0.157781,0.163528,0.163528,0.174121,0.174121,,0.148491,0.157781,0.163528,0.174121
240,2017/12/26,2.8925,0.177681,0.177681,0.157429,0.157429,0.161508,0.161508,0.174519,0.174519,,0.177681,0.157429,0.161508,0.174519
241,2017/12/27,2.8335,0.213696,0.213696,0.164662,0.164662,0.165248,0.165248,0.175111,0.175111,,0.213696,0.164662,0.165248,0.175111
242,2017/12/28,2.8555,0.166524,0.166524,0.164849,0.164849,0.171053,0.171053,0.181855,0.181855,,0.166524,0.164849,0.171053,0.181855
243,2017/12/29,2.8575,0.145019,0.145019,0.150573,0.150573,0.159754,0.159754,0.174077,0.174077,,0.145019,0.150573,0.159754,0.174077
244,2018/1/2,2.9075,0.142682,0.142682,0.141552,0.141552,0.151789,0.151789,0.167474,0.167474,,0.142682,0.141552,0.151789,0.167474
245,2018/1/3,2.9115,0.141702,0.141702,0.137586,0.137586,0.148406,0.148406,0.16229,0.16229,,0.141702,0.137586,0.148406,0.16229
246,2018/1/4,2.9195,0.141987,0.141987,0.13776,0.13776,0.148285,0.148285,0.160553,0.160553,,0.141987,0.13776,0.148285,0.160553
247,2018/1/5,2.9325,0.141447,0.141447,0.137542,0.137542,0.147316,0.147316,0.161553,0.161553,,0.141447,0.137542,0.147316,0.161553
248,2018/1/8,2.9435,0.152012,0.152012,0.143625,0.143625,0.151968,0.151968,0.163228,0.163228,,0.152012,0.143625,0.151968,0.163228
249,2018/1/9,2.9695,0.1365,0.1365,0.134747,0.134747,0.146348,0.146348,0.159589,0.159589,,0.1365,0.134747,0.146348,0.159589
250,2018/1/10,2.9935,0.145343,0.145343,0.136488,0.136488,0.144045,0.144045,0.154392,0.154392,,0.145343,0.136488,0.144045,0.154392
251,2018/1/11,2.9915,0.143113,0.143113,0.13946,0.13946,0.145389,0.145389,0.150341,0.150341,,0.143113,0.13946,0.145389,0.150341
252,2018/1/12,3.0185,0.14404,0.14404,0.137279,0.137279,0.145745,0.145745,0.149879,0.149879,,0.14404,0.137279,0.145745,0.149879
253,2018/1/15,3.0425,0.167518,0.167518,0.14909,0.14909,0.151027,0.151027,0.156028,0.156028,,0.167518,0.14909,0.151027,0.156028
254,2018/1/16,3.0645,0.167812,0.167812,0.150983,0.150983,0.156563,0.156563,0.159888,0.159888,,0.167812,0.150983,0.156563,0.159888
255,2018/1/17,3.0715,0.181576,0.181576,0.164517,0.164517,0.171246,0.171246,0.173315,0.173315,,0.181576,0.164517,0.171246,0.173315
256,2018/1/18,3.1075,0.190684,0.190684,0.181718,0.181718,0.18865,0.18865,0.18999,0.18999,,0.190684,0.181718,0.18865,0.18999
257,2018/1/19,3.1135,0.22135,0.22135,0.180428,0.180428,0.185492,0.185492,0.188938,0.188938,,0.22135,0.180428,0.185492,0.188938
258,2018/1/22,3.1305,0.235984,0.235984,0.184707,0.184707,0.188156,0.188156,0.189197,0.189197,,0.235984,0.184707,0.188156,0.189197
259,2018/1/23,3.1725,0.274753,0.274753,0.181165,0.181165,0.185268,0.185268,0.185829,0.185829,,0.274753,0.181165,0.185268,0.185829
260,2018/1/24,3.1715,0.577308,0.577308,0.20087,0.20087,0.200986,0.200986,0.201438,0.201438,,0.577308,0.20087,0.200986,0.201438
261,2018/1/25,3.1505,0.185252,0.185252,0.191563,0.191563,0.18878,0.18878,0.193013,0.193013,,0.185252,0.191563,0.18878,0.193013
262,2018/1/26,3.1715,0.166641,0.166641,0.17307,0.17307,0.176836,0.176836,0.186868,0.186868,,0.166641,0.17307,0.176836,0.186868
263,2018/1/29,3.1145,0.185556,0.185556,0.178619,0.178619,0.178905,0.178905,0.183698,0.183698,,0.185556,0.178619,0.178905,0.183698
264,2018/1/30,3.0745,0.162259,0.162259,0.168929,0.168929,0.172261,0.172261,0.179882,0.179882,,0.162259,0.168929,0.172261,0.179882
265,2018/1/31,3.1125,0.165054,0.165054,0.172461,0.172461,0.177534,0.177534,0.181659,0.181659,,0.165054,0.172461,0.177534,0.181659
266,2018/2/1,3.1345,0.160104,0.160104,0.171938,0.171938,0.177577,0.177577,0.181031,0.181031,,0.160104,0.171938,0.177577,0.181031
267,2018/2/2,3.1455,0.162657,0.162657,0.17292,0.17292,0.179416,0.179416,0.184359,0.184359,,0.162657,0.17292,0.179416,0.184359
268,2018/2/5,3.1805,0.177385,0.177385,0.181673,0.181673,0.1841,0.1841,0.186543,0.186543,,0.177385,0.181673,0.1841,0.186543
269,2018/2/6,3.1085,0.220783,0.220783,0.218683,0.218683,0.209188,0.209188,0.212599,0.212599,,0.220783,0.218683,0.209188,0.212599
270,2018/2/7,3.0215,0.255078,0.255078,0.238057,0.238057,0.219298,0.219298,0.217915,0.217915,,0.255078,0.238057,0.219298,0.217915
271,2018/2/8,2.9375,0.257918,0.257918,0.236674,0.236674,0.211157,0.211157,0.212073,0.212073,,0.257918,0.236674,0.211157,0.212073
272,2018/2/9,2.8025,0.392182,0.392182,0.366897,0.366897,0.32629,0.32629,0.309698,0.309698,,0.392182,0.366897,0.32629,0.309698
273,2018/2/12,2.7995,0.306226,0.306226,0.290787,0.290787,0.256934,0.256934,0.250338,0.250338,,0.306226,0.290787,0.256934,0.250338
274,2018/2/13,2.8475,0.264723,0.264723,0.282572,0.282572,0.26109,0.26109,0.249135,0.249135,,0.264723,0.282572,0.26109,0.249135
275,2018/2/14,2.8655,0.253315,0.253315,0.273312,0.273312,0.258213,0.258213,0.242992,0.242992,,0.253315,0.273312,0.258213,0.242992
276,2018/2/22,2.9245,0.253642,0.253642,0.238245,0.238245,0.238698,0.238698,0.237028,0.237028,,0.253642,0.238245,0.238698,0.237028
277,2018/2/23,2.9555,0.20477,0.20477,0.210861,0.210861,0.215946,0.215946,0.216693,0.216693,,0.20477,0.210861,0.215946,0.216693
278,2018/2/26,2.9655,0.286174,0.286174,0.219926,0.219926,0.21584,0.21584,0.210585,0.210585,,0.286174,0.219926,0.21584,0.210585
279,2018/2/27,2.9175,0.318069,0.318069,0.228977,0.228977,0.220715,0.220715,0.213308,0.213308,,0.318069,0.228977,0.220715,0.213308
280,2018/2/28,2.8705,0.557651,0.557651,0.24269,0.24269,0.227612,0.227612,0.215945,0.215945,,0.557651,0.24269,0.227612,0.215945
281,2018/3/1,2.8835,0.231364,0.231364,0.225312,0.225312,0.220233,0.220233,0.209426,0.209426,,0.231364,0.225312,0.220233,0.209426
282,2018/3/2,2.8555,0.227996,0.227996,0.217304,0.217304,0.21333,0.21333,0.209012,0.209012,,0.227996,0.217304,0.21333,0.209012
283,2018/3/5,2.8545,0.214099,0.214099,0.205229,0.205229,0.203879,0.203879,0.199763,0.199763,,0.214099,0.205229,0.203879,0.199763
284,2018/3/6,2.8885,0.201629,0.201629,0.19729,0.19729,0.197702,0.197702,0.197515,0.197515,,0.201629,0.19729,0.197702,0.197515
285,2018/3/7,2.8695,0.204028,0.204028,0.197467,0.197467,0.199302,0.199302,0.199506,0.199506,,0.204028,0.197467,0.199302,0.199506
286,2018/3/8,2.8935,0.205507,0.205507,0.198919,0.198919,0.197481,0.197481,0.19577,0.19577,,0.205507,0.198919,0.197481,0.19577
287,2018/3/9,2.9035,0.202426,0.202426,0.196852,0.196852,0.197017,0.197017,0.196485,0.196485,,0.202426,0.196852,0.197017,0.196485
288,2018/3/12,2.9055,0.21557,0.21557,0.204753,0.204753,0.20473,0.20473,0.205115,0.205115,,0.21557,0.204753,0.20473,0.205115
289,2018/3/13,2.8725,0.21457,0.21457,0.21002,0.21002,0.208443,0.208443,0.207084,0.207084,,0.21457,0.21002,0.208443,0.207084
290,2018/3/14,2.8625,0.220128,0.220128,0.211822,0.211822,0.209092,0.209092,0.210141,0.210141,,0.220128,0.211822,0.209092,0.210141
291,2018/3/15,2.8905,0.196067,0.196067,0.194526,0.194526,0.201512,0.201512,0.207011,0.207011,,0.196067,0.194526,0.201512,0.207011
292,2018/3/16,2.8625,0.18954,0.18954,0.191315,0.191315,0.201997,0.201997,0.20956,0.20956,,0.18954,0.191315,0.201997,0.20956
293,2018/3/19,2.8925,0.21092,0.21092,0.203569,0.203569,0.207671,0.207671,0.212262,0.212262,,0.21092,0.203569,0.207671,0.212262
294,2018/3/20,2.8945,0.210969,0.210969,0.199628,0.199628,0.214571,0.214571,0.218525,0.218525,,0.210969,0.199628,0.214571,0.218525
295,2018/3/21,2.8845,0.206705,0.206705,0.192837,0.192837,0.204829,0.204829,0.211917,0.211917,,0.206705,0.192837,0.204829,0.211917
296,2018/3/22,2.8565,0.216015,0.216015,0.204709,0.204709,0.20986,0.20986,0.219614,0.219614,,0.216015,0.204709,0.20986,0.219614
297,2018/3/23,2.7805,0.327587,0.327587,0.2767,0.2767,0.255927,0.255927,0.252798,0.252798,,0.327587,0.2767,0.255927,0.252798
298,2018/3/26,2.7325,0.311198,0.311198,0.254775,0.254775,0.243146,0.243146,0.24203,0.24203,,0.311198,0.254775,0.243146,0.24203
299,2018/3/27,2.7375,0.29935,0.29935,0.231791,0.231791,0.230346,0.230346,0.231722,0.231722,,0.29935,0.231791,0.230346,0.231722
300,2018/3/28,2.6865,1,1,0.258828,0.258828,0.24817,0.24817,0.242804,0.242804,,1,0.258828,0.24817,0.242804
301,2018/3/29,2.7325,0.263707,0.263707,0.247259,0.247259,0.242098,0.242098,0.235143,0.235143,,0.263707,0.247259,0.242098,0.235143
302,2018/3/30,2.7145,0.266967,0.266967,0.250329,0.250329,0.249375,0.249375,0.24227,0.24227,,0.266967,0.250329,0.249375,0.24227
303,2018/4/2,2.7015,0.255524,0.255524,0.247149,0.247149,0.246043,0.246043,0.24597,0.24597,,0.255524,0.247149,0.246043,0.24597
304,2018/4/3,2.6915,0.259925,0.259925,0.246406,0.246406,0.242465,0.242465,0.243876,0.243876,,0.259925,0.246406,0.242465,0.243876
305,2018/4/4,2.6955,0.256903,0.256903,0.246399,0.246399,0.24229,0.24229,0.242806,0.242806,,0.256903,0.246399,0.24229,0.242806
306,2018/4/9,2.7085,0.273782,0.273782,0.250921,0.250921,0.243292,0.243292,0.243913,0.243913,,0.273782,0.250921,0.243292,0.243913
307,2018/4/10,2.7735,0.25385,0.25385,0.240411,0.240411,0.232773,0.232773,0.234391,0.234391,,0.25385,0.240411,0.232773,0.234391
308,2018/4/11,2.7755,0.247379,0.247379,0.236553,0.236553,0.234302,0.234302,0.235144,0.235144,,0.247379,0.236553,0.234302,0.235144
309,2018/4/12,2.7425,0.252104,0.252104,0.242601,0.242601,0.242143,0.242143,0.243707,0.243707,,0.252104,0.242601,0.242143,0.243707
310,2018/4/13,2.7195,0.25918,0.25918,0.248826,0.248826,0.245231,0.245231,0.244307,0.244307,,0.25918,0.248826,0.245231,0.244307
311,2018/4/16,2.6585,0.27989,0.27989,0.263866,0.263866,0.258615,0.258615,0.255554,0.255554,,0.27989,0.263866,0.258615,0.255554
312,2018/4/17,2.628,0.274868,0.274868,0.262772,0.262772,0.255086,0.255086,0.251955,0.251955,,0.274868,0.262772,0.255086,0.251955
313,2018/4/18,2.6435,0.266889,0.266889,0.256533,0.256533,0.251058,0.251058,0.249141,0.249141,,0.266889,0.256533,0.251058,0.249141
314,2018/4/19,2.6745,0.256091,0.256091,0.245938,0.245938,0.241035,0.241035,0.24006,0.24006,,0.256091,0.245938,0.241035,0.24006
315,2018/4/23,2.6565,0.27476,0.27476,0.229303,0.229303,0.230313,0.230313,0.234887,0.234887,,0.27476,0.229303,0.230313,0.234887
316,2018/4/24,2.7175,0.287716,0.287716,0.232791,0.232791,0.235985,0.235985,0.236994,0.236994,,0.287716,0.232791,0.235985,0.236994
317,2018/4/25,2.6935,0.721079,0.721079,0.228843,0.228843,0.232938,0.232938,0.234981,0.234981,,0.721079,0.228843,0.232938,0.234981
318,2018/4/26,2.6545,0.234761,0.234761,0.231974,0.231974,0.232912,0.232912,0.232825,0.232825,,0.234761,0.231974,0.232912,0.232825
319,2018/4/27,2.6425,0.239849,0.239849,0.240576,0.240576,0.240346,0.240346,0.236326,0.236326,,0.239849,0.240576,0.240346,0.236326
320,2018/5/2,2.6455,0.26426,0.26426,0.24594,0.24594,0.240798,0.240798,0.237304,0.237304,,0.26426,0.24594,0.240798,0.237304
321,2018/5/3,2.6535,0.261932,0.261932,0.251242,0.251242,0.243585,0.243585,0.238612,0.238612,,0.261932,0.251242,0.243585,0.238612
322,2018/5/4,2.6335,0.272057,0.272057,0.254404,0.254404,0.24232,0.24232,0.237016,0.237016,,0.272057,0.254404,0.24232,0.237016
323,2018/5/7,2.6745,0.266908,0.266908,0.249566,0.249566,0.237848,0.237848,0.233934,0.233934,,0.266908,0.249566,0.237848,0.233934
324,2018/5/8,2.7145,0.246324,0.246324,0.238583,0.238583,0.236657,0.236657,0.235897,0.235897,,0.246324,0.238583,0.236657,0.235897
325,2018/5/9,2.711,0.242164,0.242164,0.235329,0.235329,0.232909,0.232909,0.236664,0.236664,,0.242164,0.235329,0.232909,0.236664
326,2018/5/10,2.7235,0.227004,0.227004,0.217323,0.217323,0.218223,0.218223,0.220891,0.220891,,0.227004,0.217323,0.218223,0.220891
