,date,cm_C,cm_P,nm_C,nm_P,cq_C,cq_P,nq_C,nq_P
0,2017-01-03,-0.7669814572624981,-0.7698515900472241,-0.7360547384507872,-0.7152185916245927,-0.6262619752716089,-0.664787715199817,-0.6204860065508365,-0.6081619843652718
1,2017-01-04,-0.8843745653130561,-0.8309683241699748,-0.5807196958553845,-0.608324955313744,-0.594399045100187,-0.6055774612543895,-0.5930228900015768,-0.5748928122819784
2,2017-01-05,-0.12114351367425737,0.020769715181582132,0.32383734100042844,0.3640435065986468,0.2678537611420324,0.25030570677449626,0.02301400683244686,0.07254044023319799
3,2017-01-06,0.32618710587062716,0.410148826318729,0.7235031709486744,0.7335811346241248,0.16713170048331358,0.4183547110528475,-0.5657018058788755,-0.5884156727043103
4,2017-01-09,-0.6937823091775673,-0.7165614468396737,-0.06314482837367587,-0.3599884462788216,-0.5482616748393123,-0.5362540797228104,-0.6490139528741046,-0.6748936726198005
5,2017-01-10,0.2749044058774907,0.11747287469872067,0.14707224561166884,0.16171978192880324,0.07879126865023205,0.039964414981328376,0.10011731798672013,0.14314318821096436
6,2017-01-11,0.27339655898519816,0.2946338876620128,0.4453410734435907,0.5383970000157166,0.6869363985719812,0.6969330392477512,0.7149938573275967,0.6884567201447017
7,2017-01-12,0.6936253443301247,0.6858158703441765,0.724990483638033,0.8045582698980134,0.711732881584218,0.6852452178760996,0.6068114873326202,0.5806788756526566
8,2017-01-13,-0.5358004700864065,-0.7232912494239461,-0.4790123032375107,-0.516133380152415,-0.1468305234432773,-0.14163413679596892,-0.759619308043938,-0.7355797994621859
9,2017-01-16,-0.35903382904397446,0.07073866430220115,-0.2023805155385085,-0.18078450340210017,0.23371073705078266,0.11894020082182398,0.4085594124713671,0.3616084962928574
10,2017-01-17,-0.47384541595742957,-0.45272234928774,-0.40475897545008876,-0.4231950719375422,-0.42011609653464893,-0.4268817536133797,-0.24852472139478318,-0.3368426975236069
11,2017-01-18,0.13067440109529915,-0.00806502683788775,-0.5025628549009107,-0.33978696040096595,-0.7655603798510991,-0.7241339947899862,-0.570840878934952,-0.6255856694184208
12,2017-01-19,0.63917995470492,0.6900440003037095,0.2887624779058776,0.38308473131040777,0.6786810003322272,0.6570332049477183,0.2876200062925084,0.14691934454080519
13,2017-01-20,-0.7853321129652727,-0.8103570349759541,-0.7891211081606777,-0.7986876337201356,-0.46919915685973024,-0.6312889341919035,0.5516960518419652,0.5390247422715868
14,2017-01-23,0.3614378920956248,0.5629904292218115,0.8500375369776864,0.7356332780408548,0.6244198747516443,0.5162865191395356,0.7837128899978135,0.7605535189964283
15,2017-01-24,-0.7477059438166017,-0.8019628420412123,-0.5993683627926724,-0.7244990178556417,-0.7852209952372732,-0.7691249676183042,-0.7318873019157575,-0.7726856495071427
16,2017-01-25,0.053601332260574314,-0.03822743528222318,-0.7523351169520086,-0.7173114657671932,-0.42638888318594564,-0.6846771514290443,-0.8239600970323919,-0.8215656196366433
17,2017-01-26,-0.6519853570813782,-0.4406042333786082,-0.3788125833180882,-0.309483280751429,-0.5682718765785915,-0.55953110552746,-0.04645097642353668,-0.25098204095092214
18,2017-02-03,0.6723438687451362,0.6950921169774857,0.7777745498915037,0.7637670985602724,0.827134668422398,0.844106857706547,0.326827231329563,0.2370578122455026
19,2017-02-06,0.1680215689849272,0.1487807798334799,0.6138937835820026,0.6159878387450817,0.5984777505721783,0.6632959590434749,0.660660924091952,0.6735434755487595
20,2017-02-07,0.1666897769954918,0.13959252103358163,-0.08871689037624644,-0.35809647844509007,0.754950182127618,0.766925370211008,0.7668386776514695,0.7517360828089922
21,2017-02-08,-0.5807184566291285,-0.6086788122752101,0.5970535722163856,0.5416160181541642,0.24434928084316257,0.18176498695681373,0.11292057390683095,0.05699063889414818
22,2017-02-09,-0.4586438404884676,-0.16147937077194788,-0.2852560277542893,-0.22241314598814393,0.6412439195712775,0.7584711628127432,0.8221856090194217,0.8828668247684706
23,2017-02-10,0.44790428652276404,0.4120682337486003,0.5856909623506104,0.709652816418151,0.32143311847951717,0.02439980420569615,0.24889855834609936,0.5909295566435018
24,2017-02-13,-0.4987441036801143,-0.37234274942076195,-0.6613945651568116,-0.7208051442626998,-0.39931348534826716,-0.4316146638613662,-0.34995880746118935,-0.3776718601667274
25,2017-02-14,0.7921996786662698,0.6732683330801034,0.7802255528321632,0.8010148348410204,0.789394906239835,0.6795350755307592,0.56611828374316,0.6621858420126425
26,2017-02-15,-0.1028664824180762,-0.09318274986469324,0.2946099575366262,0.14911762828442168,-0.269578308987303,-0.42029462331335843,-0.11718716656439424,-0.13243131005385675
27,2017-02-16,0.12179289349987492,0.17934094221550154,0.13008733847059442,0.2281695254167258,-0.24028152324122617,-0.24468720628709484,-0.11540563361439127,-0.15364054787535042
28,2017-02-17,0.8014659058424847,0.8040826485793613,-0.09977817509279548,-0.41997553003076604,-0.7880743754607116,-0.71991068900902,-0.6369065896910439,-0.6704585077161516
29,2017-02-20,-0.4452926583714146,0.7099312080363283,0.8871891937717734,0.8842534596129294,0.6503338079826606,0.5116601427344973,0.815688039775855,0.8329455803597154
30,2017-02-21,0.47699308494182274,0.4935185441354913,0.8592220693100041,0.877274660882136,-0.07267198317498406,-0.3141047164863212,-0.47049920994286704,-0.4193506958429677
31,2017-02-22,0.1467785524157271,0.16488561037436408,0.41954740260242657,0.3862016944075026,-0.07886528148787875,-0.10446059442358663,-0.07634956257109754,-0.061588355149294845
32,2017-02-23,0.8707633730653148,0.8718764286225877,0.8057934397996194,0.7820428578311035,0.8580252307993927,0.8824115250536692,0.012020038431662081,0.8824915244760617
33,2017-02-24,-0.01782734311160557,-0.10226893730758253,0.540965898902553,0.5419692679554977,0.5374447142966383,0.5321282043672416,0.25872628690993177,0.29073564707174926
34,2017-02-27,-0.032143887622620465,-0.3946246920502858,-0.14828953481901036,-0.18826893897637337,0.19693873140622614,0.0018396599018777405,0.8808363685694914,0.7198423044789178
35,2017-02-28,-0.06936381595932341,-0.28482622021563647,-0.5590949086920795,-0.7245753916328225,-0.5682571156554724,-0.337895885510041,-0.5714181054358064,-0.4920996265725138
36,2017-03-01,0.6546150081002723,0.0659117475582074,0.2830091692254572,-0.16386688288099993,0.6074454149787571,0.5933589358075465,-0.11100957798753826,0.11660063098711321
37,2017-03-02,-0.7487786040346803,-0.8761976840060394,-0.6668183141819733,-0.9080104942630051,-0.7361415146377582,-0.8910876072242272,-0.8038421895113668,-0.7919932115258211
38,2017-03-03,0.05761960578703253,0.25689596021237243,0.0617421984371663,-0.18393954927062486,-0.6655064951677115,-0.4889327588689313,-0.32959245233782014,-0.30869599512997065
39,2017-03-06,-0.2302263088830662,-0.2358025712084621,0.07214201057106122,0.04738722541690572,0.2589631723375762,0.44313833929395,0.1561901094867404,0.005953448022788279
40,2017-03-07,0.6076696196501085,0.5850723777522605,0.49528358605976713,0.4668463207532471,-0.5129811472655834,-0.21273329623525136,-0.6382414245550498,-0.6890915562897615
41,2017-03-08,-0.5674558496737685,-0.6262620521342576,-0.4797328846959337,-0.4692863914276028,-0.6269189085209953,0.15132534370305692,-0.5805336276995001,-0.6198006474865562
42,2017-03-09,-0.7248083397184704,-0.7900086856591652,-0.6556359624207883,-0.6538299665298436,0.11221772588718054,0.17917526510701948,-0.07601612108850009,-0.37743692928324324
43,2017-03-10,0.7522839297864724,0.6523907937711555,0.6756088212282476,0.5632978970273638,0.5776958199029537,0.7824036774208337,0.7310811738295727,0.6223278450410787
44,2017-03-13,-0.4450341298555797,-0.35753281531132153,-0.5919861370137193,-0.5869845523752248,-0.6107420875772354,-0.4669190906954799,0.22093451525723706,-0.057470576290085056
45,2017-03-14,-0.40265559626163366,-0.22123252677028798,-0.636728061145621,-0.6888080058638173,0.7441150364338739,0.7074297394615894,0.6044395646368447,0.23854080829490332
46,2017-03-15,0.2034274208063321,0.09814106687949382,0.19000299704015006,0.25026151283409576,0.4969813609948627,0.5185519792414502,0.28053099801474213,0.33821391212618035
47,2017-03-16,-0.3812559958110523,0.32886306035952273,0.7451692715637914,0.7111402481833643,0.7113421380261363,0.6518491362362591,0.7574236731494945,0.7161026877144243
48,2017-03-17,0.5335780493426469,0.7551465258812952,0.7768418601747829,0.8063111761063522,0.797807696566843,0.7826980080899806,0.8847147328710564,0.8651593102238678
49,2017-03-20,-0.4363312629558808,0.006051006061154484,0.5924660389396954,0.7251381816823369,0.5002889383625861,0.6310294686874547,0.40075645313408587,-0.14053458726664309
50,2017-03-21,0.03602008335701611,-0.16094233251877677,0.16528007691547503,0.10200507913434693,0.18147499912192727,0.03705265227960096,-0.051369528604209395,-0.18020250962679643
51,2017-03-22,-0.20893205820737917,-0.2761410962073431,0.1142281252346591,0.12265474337986147,0.16257838180488715,0.12657002597609818,0.10607540194662196,0.10384759099552725
52,2017-03-23,-0.13034428254452135,-0.036329534668297955,-0.19036109188587272,-0.26135585347909895,0.3896201077138792,0.09768307943222736,0.32795164423484696,0.44494784581481034
53,2017-03-24,-0.3988328362878401,-0.02045818227561658,0.28242773006437094,0.30390633357921426,0.24883738356241336,0.24366697420243097,-0.6045950368471334,-0.5008233008920835
54,2017-03-27,-0.6134498637103392,-0.6719586502459751,-0.2587270460605169,-0.30221734565463015,0.11650825847318735,0.1831749261688499,-0.5222860853585304,-0.6181674337761865
55,2017-03-28,-0.849730771180817,-0.7392211244478264,-0.6165891227677661,-0.6027305628956937,-0.591394128529379,-0.4509384115135389,-0.7564376308907436,-0.6901131110714523
56,2017-03-29,-0.29690573782038976,-0.19950251955474224,-0.08441060367732132,0.008089396214932822,0.09964984358420217,0.2660892958812337,0.3241138077688452,0.2507671823253424
57,2017-03-30,-0.5352087090137811,-0.3504403042890422,-0.7374099879413106,-0.7649268419975491,-0.637614585238556,-0.6966265646939889,-0.7012525859870353,-0.626165283646683
58,2017-03-31,-0.8698465942859239,-0.8186040712716411,-0.8020731221331394,-0.7436874475385798,-0.643679239455902,-0.42324819672374825,0.7041275147649373,0.7251636689673355
59,2017-04-05,-0.257135722053936,0.7052484555955563,-0.0348567222928752,-0.42527205478884683,-0.5327345193333597,-0.5721708414100536,-0.11509769833612957,-0.5455548158316598
60,2017-04-06,-0.5603217158895756,-0.616814761933523,-0.7436976856813037,-0.7055990980709127,-0.8173070361641207,-0.7464039189673599,-0.41605797641774467,-0.5224719532954681
61,2017-04-07,-0.2400243624814119,-0.4263013234781655,0.6623896352046343,0.6353698944512971,0.40872196959425666,0.42534370114959785,-0.14533367616070725,-0.2060014574794358
62,2017-04-10,0.6676256619652521,0.7090880249756512,0.3168174280233618,0.3451915083480665,0.44495824066694967,0.1612673318887066,0.740962262737798,0.7636602233505299
63,2017-04-11,-0.790237619473019,-0.6231772016108034,0.4233622042370415,0.3974096889155242,0.7653345973687223,0.6682403505064902,0.5129569771074453,0.5586929106405968
64,2017-04-12,-0.09978871275113169,0.36707972458113974,0.06429069968123174,0.016322785433853584,0.3640260164806272,0.33748801014044943,0.2503292380336362,0.2141152019868859
65,2017-04-13,0.06326971150335209,0.009866740032305907,0.2283365286780565,0.15336642575499607,0.41078878226323845,0.18166590797159962,-0.11560650016191484,0.07495362057376075
66,2017-04-14,-0.17098736223031377,-0.03205573568766554,-0.7837138239429553,-0.7362263410455432,-0.6077068507824852,-0.5671842038043032,-0.6843454081377532,-0.49930465424479203
67,2017-04-17,-0.3501150434655332,-0.3448368387388831,-0.7338988092647903,-0.7431919151958184,-0.352337014189008,-0.4857239597907914,0.15684869764310147,0.026787874989634065
68,2017-04-18,-0.10957613271988029,-0.09883899219448507,-0.08467285260405505,-0.10004094432545237,0.0748930141728325,0.05994943378715961,-0.07472140170186674,-0.013068601756206687
69,2017-04-19,-0.6401571565344136,-0.6348042116733678,-0.8915954627477408,-0.8904602594083363,-0.8770409267429883,-0.904460236810474,-0.8246149955970954,-0.8704242830912439
70,2017-04-20,-0.7101920804404479,-0.48931212516510064,-0.658944376833614,-0.6450555033947148,-0.37160595534173874,-0.5452053477943997,-0.1371552510454288,-0.41015331320159976
71,2017-04-21,-0.11118748235706781,0.02631308128026291,-0.22948945677457785,-0.30719667111174437,-0.23782226231206996,-0.30342442492352156,-0.20312774424917165,-0.23879302476610173
72,2017-04-24,-0.6990428654808565,-0.64891981738045,-0.8142714921219966,-0.8085364041100812,-0.5488481577967358,-0.49220392649918226,-0.5404261771209852,-0.5221077443857345
73,2017-04-25,-0.4873861668270045,-0.6988086079152633,-0.7901795188619745,-0.7784727224858123,-0.6567755752966937,-0.6273386480808718,-0.46550866295926924,-0.6068335768383323
74,2017-04-26,-0.6749107144188193,-0.4158759193567253,-0.571853828007661,-0.5621685132347681,-0.2656854488291195,-0.1279962284300961,-0.5068883578698822,-0.4590006412704141
75,2017-04-27,-0.950524588389722,-0.9045347701291979,-0.07222257430145514,-0.2253379906019286,-0.7835427346268812,-0.18061650497370257,-0.5228841173358013,-0.4935391103048724
76,2017-04-28,-0.6118196039172996,-0.6536588135405231,0.5018250286402725,0.3947468298222517,0.6597265428504708,0.7456684119863176,0.11227455732643167,-0.24781250258833845
77,2017-05-02,0.23363220297276696,-0.029910130601591287,0.4618141034323018,0.498536202697896,0.7252820641280822,0.6651687994619648,0.5529021607162927,0.0457003675961674
78,2017-05-03,-0.6643157865801844,-0.5883637513136682,-0.12129636748480568,-0.49907898261354183,0.6252384324495625,0.6182076627861506,0.784408919726765,0.7854679182743763
79,2017-05-04,-0.5812297963305844,-0.7472827233682456,-0.3403977751133786,-0.5333749393584339,-0.230842401079355,-0.3531112117868109,-0.3730768999258506,-0.37585815473067685
80,2017-05-05,-0.6439242520518281,-0.7319114933755715,-0.8109750696298526,-0.786386832854922,-0.8898428277810574,-0.897632244168131,-0.6831783146382296,-0.7204199081829663
81,2017-05-08,-0.8714745680458047,-0.8000558113325739,-0.3308790281446538,-0.610337918278906,-0.5223531618754659,-0.621482511503522,-0.5310649048142025,-0.6259935481430035
82,2017-05-09,-0.7220461620672765,-0.6969425112629297,-0.7582494307922741,-0.661232957226704,-0.2907750802983392,-0.3151464871554856,-0.29610850156222196,-0.2117198899721586
83,2017-05-10,-0.6097790720422116,-0.4212458735180185,-0.24060541192538018,-0.3140369629702692,0.0688731195261567,-0.32379022544314356,-0.21823852630140436,-0.5764984497899551
84,2017-05-11,-0.17477973582321535,-0.09445277865705275,-0.003842269771583388,-0.047300139928139355,-0.032343094098167456,0.11368104527724042,-0.08799315188318875,0.19707040395918113
85,2017-05-12,-0.641327686347607,0.4200630044533499,-0.5929551466280703,-0.362894437210169,0.6478142536849916,0.7083666118186253,0.8036839571525916,0.8013399979122957
86,2017-05-15,0.06405860699628972,0.12027478536260237,-0.05641735815393297,-0.002978706585243084,-0.01172288137407408,-0.04653721868410536,0.013595423374590507,-0.024563221573297257
87,2017-05-16,0.08259634604243203,-0.19398508634054476,0.2790462737125149,0.025167434719107238,-0.43073057631107464,-0.2748451481833847,-0.5056689185952511,-0.47228735357469404
88,2017-05-17,-0.34394382199253126,0.47649616585854776,0.5603784361584537,0.3987253820912106,0.8081649427902016,0.7285174637282948,0.8742653403745425,0.8275053006361095
89,2017-05-18,0.4018161893214455,0.3546235367551512,-0.2205943753782319,-0.1281697239549741,0.2327501133394594,0.4035947674039496,0.19771802703782235,0.266221856527141
90,2017-05-19,-0.16067181510062134,-0.01742205657912758,0.14731563197584643,0.14340583578429975,-0.00029560011562411356,-0.036607226894086485,-0.0990321010498998,-0.023488062543803527
91,2017-05-22,0.61511561992047,0.6967566019238589,0.34620067178900205,0.3293850747856931,0.6182421410627196,0.6306945957102571,0.27614548265558625,0.2845620676425567
92,2017-05-23,0.2610155017380759,0.7789763209123094,0.8262719142900237,0.8923459239687311,0.8260614209256745,0.8281475069534995,0.7629570905593674,0.7139484605140931
93,2017-05-24,-0.16375516166657997,0.12530659663671223,0.007540219895129648,-0.006660298650601309,-0.04353610577240697,-0.03654082611393202,-0.055919656016489495,-0.04533939365340783
94,2017-05-25,0.9085239655603685,0.9702402810373749,0.9432302653645326,0.9503281383062889,0.9655477562526965,0.9616086041171023,0.9478467596137531,0.9029668040687114
95,2017-05-26,0.820486808857066,0.867645412403493,0.8548263790050148,0.857430654909196,0.8501882315460054,0.8524743587567886,0.8034330635316764,0.8454738563340191
96,2017-05-31,0.5828361453917911,0.694191271444825,0.8142115957381476,0.85643911393491,0.8666820632376336,0.3308910992192059,0.7514159903882741,0.8058018909868044
97,2017-06-01,-0.8208680342305069,-0.7924486430219961,0.09786408638541419,0.5517293758765369,0.2247942625804454,0.4149501617736863,0.5390728177690666,0.8222897900248721
98,2017-06-02,0.3152905873321759,0.25709755740451357,-0.592020846507209,-0.19092556431336688,-0.2830051059368983,-0.3088369981381798,-0.2598198370921425,-0.16311242036792017
99,2017-06-05,0.6721361642853885,0.7270655860115282,0.6489620378174273,0.6704970782228719,0.40560470916151026,0.37990487093102826,0.008493458156407088,0.3110685822689869
100,2017-06-06,0.5349585018893604,0.5208883776680537,0.205835320754146,0.15437131062092005,0.08198978923264122,0.07232009086432498,0.7933339762623385,0.7411936356349891
101,2017-06-07,0.5910341923364119,0.7273436954116931,0.5960312169595104,0.6396650822907226,0.767862903582452,0.7608763173536215,0.5074278532324431,0.5333529883631285
102,2017-06-08,-0.5831017029483133,-0.5593180085549392,-0.5480384036898315,-0.42175362947542977,0.8134096994976385,0.8471585488138106,0.8225961655446964,0.849953435179777
103,2017-06-09,0.8204833881761759,0.831152584997659,0.8100653562830147,0.7833012761829686,0.7347756556952983,0.7698681989071038,0.6265557824759105,0.6329783522620627
104,2017-06-12,0.9537483918453837,0.9570390718988008,0.692971075602041,0.867615402877675,0.796913775630594,0.8802467563492828,0.7154502645118763,0.9284032633281217
105,2017-06-13,0.6102942627452784,0.5662277777188153,0.6833500380586358,-0.34622251091877737,-0.4616590140915356,-0.4115078744542031,-0.4259225867825934,-0.3027838913254919
106,2017-06-14,0.5733150489505753,0.5536191028321323,0.8867876884198441,0.863183930821776,0.9132258425569634,0.9224049756109385,0.8821437592193132,0.8712011167247409
107,2017-06-15,0.5058079240652926,0.7617765721979337,0.6144928450324455,0.6380093590641822,0.6997598167494895,0.7241674019304956,0.7369206850807519,0.762348162035093
108,2017-06-16,0.406915006012296,0.5761871228739005,0.6797319505814423,0.5443335593550674,0.6050401269204214,0.6671964702888301,0.4047731491763268,0.44000667075299393
109,2017-06-19,0.47615627761115553,0.3256502030589658,0.20057041787687013,0.2115277191818773,0.2511265101576132,0.13870690964700821,0.4669772784178011,0.5736437829237956
110,2017-06-20,-0.1415744728969753,-0.512074457646417,0.16229314015270613,-0.013541011334677644,-0.2138989414538987,-0.24404824317701052,-0.6324511015624302,-0.5997078702015641
111,2017-06-21,-0.2678578580314349,-0.37067806640360634,-0.08955383580489305,-0.17383131823987538,-0.31522739169671166,-0.34797307238077324,-0.39186353140820174,-0.40073860243084125
112,2017-06-22,0.8738117180179701,0.8378083790073355,0.8274403458100922,0.766048659875929,0.9005174657428087,0.8212698414444266,0.586235526212679,0.8969372643767707
113,2017-06-23,-0.5302865504975622,0.6205245106525694,0.5749053251429607,0.5995453265888009,0.39917697747779063,0.558548623457955,0.575862315210747,0.6984005344435886
114,2017-06-26,0.6908057136142884,0.7553288105297493,0.8548749367107469,0.8150314266575936,0.3314852398553036,0.34960927448385115,0.26747421861702037,0.24028754090740087
115,2017-06-27,-0.794640474293953,-0.5206644768418626,0.14174882656822033,-0.22124443467367072,0.19077813043394937,0.18796648531899407,-0.3794409892737213,-0.21901505623747108
116,2017-06-28,-0.5314151483570582,-0.03997032902720124,0.512189330812462,0.2784712529380645,0.3938987811796945,0.31355515926729993,0.12904479299965316,0.29232325908617807
117,2017-06-29,0.08325142694442322,0.06056423926864192,-0.31169302726886866,-0.2188872962105099,0.06663218271895888,0.0456796389737642,-0.24549259470859544,-0.18678379164577358
118,2017-06-30,-0.4205124718640192,0.22270365169387443,-0.21609179461493366,0.10768595363444275,-0.3349291680654438,-0.2756981936565275,-0.3087104490939358,-0.24357941584123366
119,2017-07-03,0.8509257390161373,0.8529726556494173,0.8901762800781888,0.9307136786994419,0.726631265683601,0.822136730797889,0.8943880656877012,0.8582285853786616
120,2017-07-04,0.9510701033938957,0.9533434519245384,0.939073749840514,0.9680270150687112,0.9228331168701764,0.9003516936744768,0.9663533143846823,0.9716977787064324
121,2017-07-05,0.88528952532271,0.9379570291288426,0.9001822585559872,0.9459269680200179,0.8942379061820013,0.9196005150803419,0.9295534963965323,0.9450771877648774
122,2017-07-06,-0.2084596710137523,-0.2625592095534282,-0.10009739608579993,-0.04068537978149151,0.5025082822536275,0.7132135302512981,0.2616153377704125,0.6433433374046463
123,2017-07-07,0.6837918796370192,0.4012416851077121,0.2602723344455997,0.23197530729915042,-0.5674910091515898,-0.6317066634060056,-0.6563788401081895,-0.4255471994173499
124,2017-07-10,-0.6457832627981791,-0.6024957873280778,-0.28411235718871336,0.0992013955087872,0.2735637553289155,0.5594798816408777,0.05210862716107646,0.5968701090751456
125,2017-07-11,-0.885584411495407,-0.8632713211490356,-0.7583093071786033,-0.6917904071487435,0.25176755929875033,0.477521563119784,0.9160780913126768,0.8612548476901911
126,2017-07-12,-0.35134935621597024,-0.22123511331914508,-0.5396036803197964,-0.5375410031179885,-0.2738144081301737,-0.20401713381891395,0.8551504205500607,0.8372092473051715
127,2017-07-13,-0.07816263805310336,0.369609349832388,0.4630224307549924,0.5284144374855924,0.5569486537915915,0.557215771654621,0.7541866946640562,0.7988492558593382
128,2017-07-14,-0.08444490318067194,-0.26367090448687497,0.37269057663741156,0.33898367645067495,0.18995363281500435,0.22238429572850812,0.4580507000461035,0.21907104561833932
129,2017-07-17,0.26804990232998177,0.5088640259438554,0.28214950596125943,0.2463040263953874,0.30904945934658073,0.3572734823545966,0.45803880337697667,0.46801305357193557
130,2017-07-18,0.5655550984798072,0.6332408848968595,0.6799374015734274,0.6755573241812934,0.5198337028900971,0.5307975590417325,0.2590194324894483,0.22230052465811995
131,2017-07-19,0.3541048718700101,-0.03537149493988662,-0.03483787500453654,-0.406850129587165,0.7808655853630864,0.8219502608142251,0.840758703301546,0.7557720487890053
132,2017-07-20,-0.018559279990893594,0.1027449059892471,-0.2614081924222416,-0.20498690015617668,-0.20474404477229724,-0.1706527300269159,-0.17999177050803264,-0.2684801471017626
133,2017-07-21,0.8253223798574607,0.8793999637160788,0.7753241802637462,0.8472970090692211,0.750288605863479,0.7126890742897745,0.6177803882292939,0.6524755579707421
134,2017-07-24,0.3971579240327888,-0.41529762440782914,-0.46780075384468234,-0.6029593592358481,-0.3970201440968839,-0.5548180749747895,-0.38556868784144743,-0.48335959166929215
135,2017-07-25,0.7786520100181109,0.6647155921992984,0.8190515693554024,0.7836577053360279,0.7879673611646921,0.8231248532341414,0.7138328394363084,0.8033888683484831
136,2017-07-26,-0.557532416387437,-0.5406678339359191,0.27211384979516867,0.23109881938913343,0.5858277278714491,0.390160995854951,0.7794007022084497,0.7710766843053992
137,2017-07-27,-0.7770709388161845,-0.760962480170695,0.41084143897370445,0.44409677276310305,0.03185929184934936,-0.03994015503075295,0.3995042221962636,-0.024964274251928393
138,2017-07-28,-0.7298621273310005,-0.5764829767820777,-0.8622190297674901,-0.7205969886890453,-0.8461718507835222,-0.8649911854651996,0.13595487294237682,-0.41073734316274835
139,2017-07-31,-0.6575010717625352,-0.5177350870053804,-0.08497228577394551,-0.3284916265645591,-0.39585142626574105,-0.3634019545604689,-0.48012490179533507,-0.22012766723903804
140,2017-08-01,-0.3249143967784218,-0.22884417010618352,0.16864919935119174,0.11843663504482568,0.4683333608335576,0.2155972108590326,-0.11122450322630441,-0.22287399329951904
141,2017-08-02,-0.1199706074312086,0.06030276837951283,-0.4277511032628112,-0.19054968089014737,-0.13694290724605038,0.08581184509730942,0.3391437583111609,0.30814977205847793
142,2017-08-03,0.9110916041013206,0.9028009667477284,0.848128181244189,0.6143234730330956,0.9079756015190626,0.7965474516476639,0.5468784036134193,-0.03928816698347397
143,2017-08-04,0.00245138263193732,0.13944557476240446,-0.07432657623723575,-0.021405237566544576,-0.26230229508789804,-0.06362269395333395,-0.09628273447235697,0.058781453774487735
144,2017-08-07,-0.36236272955160476,-0.6682694397928841,0.3128962457661711,0.0683190853549531,0.005454044617026066,0.15175089923670818,-0.010772702158741855,-0.20612173295632696
145,2017-08-08,0.2727472738840551,0.28196168312830755,-0.19536053760311842,-0.23011221341392454,-0.2943369052330415,-0.07180019246954998,-0.179691545617953,0.015152986645266164
146,2017-08-09,-0.29227847397606704,-0.19168906408949982,-0.0877919374223886,-0.4129701556047377,0.3282773766092632,-0.32108302563685104,0.1306014401136408,-0.1385175311242409
147,2017-08-10,0.5588801746679334,0.48232417099546,0.7348759969548151,0.755861033898364,0.6429275133451239,0.7044520262195616,0.7944760516061504,0.8263325071142971
148,2017-08-11,-0.3849680685062189,-0.2747318214880376,-0.8880929354075342,-0.8378748470225937,-0.8293179411778382,-0.8863780035697847,-0.8860188837226437,-0.8888751550448377
149,2017-08-14,-0.6901181940244507,-0.7747766698901338,-0.8249500949719095,-0.8384878271155035,-0.7323201755103368,-0.683203554782327,-0.7365352130219956,-0.7303479178637262
150,2017-08-15,0.14171579581689986,0.12179021642836933,-0.6015951997899137,-0.665550995976994,0.2751265390227807,0.4929228406904179,0.5641989859923425,0.6625806994912209
151,2017-08-16,0.16349074903454733,-0.3716447321130301,0.2700107919815439,-0.30738350555393235,0.3253998491469703,-0.4625079529134086,-0.4457711111301874,-0.35180545396475676
152,2017-08-17,0.5615701960626005,0.37330661244500296,0.4284308627537701,0.08967864836243229,0.3914661824260756,0.31698295640006857,0.6301765734708311,0.34971080764066365
153,2017-08-18,-0.8919497313169229,-0.8178940697362722,-0.8320671022877368,-0.8845763687840228,0.6363973901285502,0.8058303339056153,0.7235257486411861,0.3359689432510456
154,2017-08-21,0.07496066453904025,0.8430169253953542,0.5102455193388795,0.6324029526094993,0.8983225001518446,0.8809756041563098,0.26554569434429703,0.9315678367771872
155,2017-08-22,0.33885862265817185,0.8895710153176876,-0.9467817153968979,-0.8784459548861729,-0.9126725166843659,-0.9566806987423578,-0.8858604616519885,-0.786653142488285
156,2017-08-23,0.11168360345227744,0.003714776476139068,0.7063236644552668,0.7236107478538054,0.8897939285622652,0.9046394731575554,0.8735469697671817,0.8179201370254061
157,2017-08-24,0.8912999652102308,0.9106483443379618,-0.3669208877618911,-0.35740442499789105,-0.3909573887044157,-0.06966048181164246,0.4341204635372924,0.42230354984324897
158,2017-08-25,0.43844691492077786,0.6384618258308769,0.6453905231954288,0.7163567621986091,0.8932810764877996,0.9563619943143931,0.9335963289485023,0.9321217423972507
159,2017-08-28,0.7115646502552612,0.871765076157478,-0.0529149995995713,0.839638767868617,0.817011702021653,0.8497089391021336,0.7989247030680834,0.8077387677924097
160,2017-08-29,-0.1214279421780077,-0.6602773082539527,-0.12855952447663882,-0.18055154332381756,-0.2267646548346812,-0.4455396986281382,-0.3568590133278801,-0.38518095437727207
161,2017-08-30,0.1155794980968943,0.2766819948985122,0.23245986049782177,0.6408776308980091,0.5751940474374111,0.6764420938358502,0.37235795676898065,0.8280255492825681
162,2017-08-31,-0.24421573196944124,0.25025248434407066,-0.29395547409036876,-0.2551242674096726,-0.22235441743080325,-0.5713677288753141,-0.5493999650318774,-0.2523160012491813
163,2017-09-01,0.730695065249394,0.6250569793524132,0.46245376273911054,0.6893073426507664,-0.018837755792216745,0.144285259621609,0.2270327800774714,0.13673853630686314
164,2017-09-04,0.05873061847444498,-0.22348408801670877,0.21064130192517252,0.13860569926383826,0.45206754404985633,0.535645220954264,0.13717056136096276,0.08805046149056776
165,2017-09-05,0.7434566371651669,0.2905694424017798,0.43350544846816164,0.2584355239607506,0.8742076459833497,0.8950821174759852,0.9069730753780877,0.8309225957731224
166,2017-09-06,-0.12309829399403428,-0.13567453938444846,0.30079739685978646,0.3430292923891263,0.5745722749890713,0.4130502714829943,0.1267792632641458,0.07842977219819922
167,2017-09-07,0.6749646642057002,0.6863287271993626,0.47397000685639845,0.5373407310513109,0.10681381845585082,0.612963991908068,0.3213111262255385,0.5439579653308685
168,2017-09-08,0.25672476548758905,0.41828891994344325,0.5710576953295864,0.4782106727568656,-0.42015341074364926,0.07187857202921498,0.26714916414840334,0.23127783964287965
169,2017-09-11,-0.6041885295408042,-0.8445598084822799,-0.6303062278995462,-0.5742972004991567,-0.5695967190315919,-0.46106960227465604,-0.5393598560108013,-0.6185545923006338
170,2017-09-12,-0.47928041952894135,-0.6505522510224551,-0.24770487443822437,-0.17619698017970128,-0.3478661038569334,-0.6680104674601846,-0.3620565847509478,-0.5357080563006258
171,2017-09-13,0.05843126731910752,0.22589624460176547,-0.23491484988138997,-0.06501600558262542,0.6391344690960762,0.6139640958999031,-0.20308487240073153,-0.14504772967051394
172,2017-09-14,-0.33534014859988914,-0.3670121750654028,-0.2707037995027521,-0.29177663961373246,-0.2834609484501673,-0.3152874641523126,-0.15922914022007462,-0.1976064503171922
173,2017-09-15,-0.3088999033656395,-0.16031399164583643,-0.07583437755203222,0.1509311734921832,-0.3230747768604218,-0.15669312533361188,-0.37039499220279526,0.012310726159455788
174,2017-09-18,-0.11298056646524145,-0.6555336903153582,-0.4942193143064243,-0.6437616544190996,0.18532453304060212,-0.38970372009824666,0.568439866650151,0.2492574724369611
175,2017-09-19,0.7452389337699822,0.6164258964858786,0.5449245937969395,0.563485358833046,0.8881160539556068,0.8203204466226435,0.3674675094659967,0.3304149318603566
176,2017-09-20,-0.508274131597779,-0.29596853623735764,-0.2679092617601162,-0.2791819196980138,-0.4727712589294068,-0.6556277065349086,-0.3030074503793645,-0.43744603601208987
177,2017-09-21,-0.3276699788660518,-0.1284571566813742,-0.16782978894982453,-0.14031338026838602,0.650937823434474,0.2702696568081779,0.5274588354109276,0.8124373296628697
178,2017-09-22,0.2921443258851352,0.09004246464562682,0.19185186519831687,0.48252249771626615,0.30497401877029,0.3126895963601973,0.04050987243859725,0.5271398574358503
179,2017-09-25,0.05727016440123037,0.37457198372172185,-0.10111499539878595,-0.359779627842093,-0.04258476153657007,-0.14372650323075828,-0.23243323310019462,-0.34627224034773707
180,2017-09-26,-0.8427427366726741,0.852316018666931,-0.8845369178769409,0.7194717696925865,-0.8457850008637918,0.752069514701233,-0.8286055232097105,0.11491227495498152
181,2017-09-27,-0.9463237652447553,0.5032757629949105,0.5450765206893774,-0.3189415863319305,0.6213945107986958,-0.3092865205838416,0.5518583954283034,-0.044053896982229945
182,2017-09-28,-0.6701334660491082,-0.6987028243682886,-0.34227372317903887,-0.3256275128902515,-0.5705335759431583,-0.4556368010114686,-0.7310674775808325,-0.6835258052897751
183,2017-09-29,0.6222609564782331,0.8254590490103046,0.8517523068099699,-0.7953024126313644,0.8054655921195585,-0.877159377183282,0.7408779620366461,0.8029360788710798
184,2017-10-09,-0.03369686445355306,0.9261269732125881,0.7238878909804844,0.8907188965564851,0.6848196959123685,0.9257619894009659,0.3229331897623369,0.8564335325969996
185,2017-10-10,-0.7123234505108312,-0.6684150924252125,-0.43626621818657974,-0.6421155478793211,-0.06506310814504168,-0.15101284354611133,0.43863842971859435,0.19646373823177704
186,2017-10-11,-0.35523327076671907,-0.408753780323094,-0.25488607050321693,-0.07827910174944647,0.44428042624618586,0.4412969255035599,0.035135723910543405,0.5374307772967055
187,2017-10-12,-0.06830980373391761,-0.17516617142965588,-0.45439617425408124,-0.7065762597649861,-0.4816716488914118,-0.3985724051152571,-0.4813816236047787,-0.40248877670513666
188,2017-10-13,-0.3342256974114326,0.5693983479709818,-0.41629732435788264,0.46988074191627793,-0.2774881187525334,0.3839175075261952,-0.30756833673785844,0.3086640669702713
189,2017-10-16,0.11494045871694186,-0.6361542852752045,-0.3892767650363598,-0.5933248346785985,0.6629140657662774,0.36693136865628534,-0.3615373878573777,0.10075847359347978
190,2017-10-17,0.45352511436787507,0.30626616945176616,0.520982609982697,0.510463792239134,0.2872388508577839,0.2055805846527636,0.043428708142386065,0.553915780767064
191,2017-10-18,-0.8161391971100325,-0.7675885624842846,-0.7764176497093788,-0.8111905550595262,-0.746097976662535,-0.6542733168614435,-0.7046956050351357,-0.6871132314625361
192,2017-10-19,,,,,,,,
193,2017-10-20,-0.25821576339147745,0.11390025226339309,0.2192646410634969,0.23696431052890957,-0.027255034659342724,-0.01651621577104423,-0.2635186832832016,-0.02502420840779868
194,2017-10-23,-0.3388143385171217,0.3505927663635338,0.8008742463028384,0.8175391449422297,0.6722186110300561,0.7627512838469162,0.742387524298089,0.7385052996591283
195,2017-10-24,0.690967102038638,-0.6780869632872728,0.9623957709950703,0.9293767068682967,0.9458001926261715,0.9884417873289844,0.49259476642621314,0.9960477064590777
196,2017-10-25,-0.309781218398254,-0.7624605909219756,0.8463330078256256,0.7043423939114146,-0.7455532836768388,-0.352102300406414,-0.1408345972421382,0.5876835811659589
197,2017-10-26,0.025361623560459668,-0.43646404535403327,0.3038640664193832,-0.46034671119773485,0.833245787427347,0.5417246319058392,0.35520550629447817,0.37163080593256365
198,2017-10-27,-0.6854809706762377,-0.5565939105016876,-0.8458633438617524,-0.5834876198180219,-0.935445094755422,-0.09089017077037895,-0.8611492340900284,-0.3295571345947536
199,2017-10-30,0.3709374305817034,0.5749210605928138,0.5082323487130902,0.39050996264736887,-0.6897085934770995,-0.5690320686101602,-0.12248328590257633,0.0035401818560624756
200,2017-10-31,-0.1582798374891314,-0.15456226280212806,0.38225631800023446,0.055323705325664135,0.3186360536740216,0.008763639317398101,0.726970876956771,0.6654118802104301
201,2017-11-01,0.14667614376087879,0.1856077000304065,-0.005526301402824677,-0.39626791901074304,0.5870526999085113,0.6869104633699968,0.16117378257816345,0.362445737620036
202,2017-11-02,-0.15855407137138885,-0.6230607128827326,-0.44942091458775035,-0.23998408779077718,-0.35339640119600035,-0.2902302958727857,-0.6056517985141683,-0.46387653915319416
203,2017-11-03,-0.8376582642037594,-0.7684284391218407,-0.2393523696642268,-0.013871359479149949,-0.0710711866108124,0.02401703838556928,-0.09601838860323884,-0.3038416379862114
204,2017-11-06,-0.11839125979589432,-0.736042284644267,0.05414287978132197,-0.5408320912542842,0.6824917234092117,0.4237814725272974,0.8779282902093767,0.7910039190740851
205,2017-11-07,,,,,,,,
206,2017-11-08,,,,,,,,
207,2017-11-09,,,,,,,,
208,2017-11-10,0.18658033409309202,0.5247009415494059,0.9250579062332293,0.9422739425301447,0.8835924003815934,0.8992403578090862,0.9108554404601797,0.9126585421624812
209,2017-11-13,0.35297465872950146,0.08287770745972872,0.4348395944651076,0.2705518027974216,0.16315040404744363,-0.05264783621190381,0.05337715227476635,-0.026991390551852904
210,2017-11-14,0.6896244990543499,0.5730715860422433,0.6216003774549704,0.6780689477071724,0.4535953619132229,0.48286825803944444,0.3798172237197779,0.29801345900834336
211,2017-11-15,0.33515406104057727,0.5960784384855122,-0.11254558069061125,0.0004619240156849995,-0.09477186051287599,0.3158707702336925,0.1928689530125388,0.08825522728391125
212,2017-11-16,-0.3799970502785171,-0.5354454144206712,-0.859053536640081,-0.8934382048303929,-0.2812851423830378,0.1069667090392122,-0.21522252947885412,0.3109916423914467
213,2017-11-17,0.3520066459978911,0.8786731567611816,0.7324977849296573,0.7799487244566262,0.8870739947040799,0.9000166884548129,0.9189582010390448,0.9375133179173711
214,2017-11-20,-0.2234323350554839,0.8431703621313029,0.624992610699743,0.7704856263254442,0.6558929627743902,0.655779164400373,0.4472078053492652,0.532994734899296
215,2017-11-21,0.3696755297750111,0.924078864921754,0.5740955610756824,0.6338271001699387,0.6414754422736305,0.6500436264347956,0.6004314117954288,0.6451330397823197
216,2017-11-22,-0.7232911329746681,-0.16367963616135006,0.478097333079444,0.5217200835819217,0.5251851095598712,0.4954970266153309,0.3805188431674023,0.3747680770850074
217,2017-11-23,-0.17106145215893465,0.058826536438402,0.24583990467041378,0.05002152603843807,-0.08139974571390797,0.0954142786635041,0.07014935206272074,0.20207921507354426
218,2017-11-24,-0.4000220311131057,-0.3032738248945757,-0.7570094147316802,-0.5400317508381168,-0.5235675726084332,-0.44634408327085406,-0.7423850953453333,-0.7490013041997423
219,2017-11-27,-0.611936984712785,-0.6283431288219664,-0.34449924691343997,-0.40018234308680906,-0.28613830273663815,-0.3139159803062679,-0.4538554052211566,-0.4729966711604699
220,2017-11-28,-0.34275967960154985,-0.2259948089446518,-0.6033800830560775,-0.325623131512424,0.20288076985084036,0.10608058756180452,-0.3459907415191543,-0.16123555950713983
221,2017-11-29,-0.7722943014079771,0.07139685433140819,-0.3436468378781803,-0.20092056324396604,-0.013716757179850554,0.04110584988270836,-0.09865088284366647,0.1728857994140391
222,2017-11-30,-0.7652322988558824,-0.7361000754662649,-0.6941786782921975,-0.6497135455811451,-0.7503000596664945,-0.7257494235518818,-0.5467196799321197,-0.5373119788521147
223,2017-12-01,-0.7910557044369968,-0.7752057289254196,-0.4601708833790381,-0.05656404215943528,-0.01822963605627678,-0.36775332017856566,-0.4551767180200974,-0.4148604380686076
224,2017-12-04,-0.6641703482455309,-0.7023391988258361,-0.6246175088208075,-0.6508715587334347,-0.6038245548533672,-0.6638200256473572,-0.6089419466259635,-0.6112722297419808
225,2017-12-05,-0.31337498812442216,-0.4279712581905246,-0.07745912837399702,-0.09351282121887218,0.13965272502993908,0.14886699812300053,0.3036812450279639,0.3067193916195017
226,2017-12-06,-0.8782107808191797,-0.8329849886443382,-0.8650213112083357,-0.8384666481242543,-0.8188821329447203,-0.8340809716279598,-0.7862526499132833,-0.7882523200322689
227,2017-12-07,-0.23509936692500685,-0.12892101733261374,-0.07227647090531787,-0.1020990022870765,0.22555492729072749,0.25492088665373475,0.31650893623357823,0.32488551809527716
228,2017-12-08,-0.7239741599304014,-0.7314006929968454,-0.4726808475307895,-0.5082463657377595,-0.3821055420845846,-0.4274736599632648,-0.3112451700661552,-0.39515471833358845
229,2017-12-11,-0.9232302661584667,-0.9282190348125607,-0.8600700665498103,-0.8524524533641078,-0.6333857457689398,-0.6329742386194428,-0.6044635138844427,-0.6548571418182626
230,2017-12-12,-0.1463238212212632,0.3212686781361559,-0.8646596384187065,-0.8648553721431396,-0.7549949585730829,-0.748347483700898,-0.8706834654650121,-0.9149450475790154
231,2017-12-13,-0.269918878404128,-0.45394468451721376,-0.5147646245651252,-0.3950033929648515,-0.26269431336048504,-0.3340280380676792,-0.21514381262995716,-0.2151083898433273
232,2017-12-14,0.008276956209806473,-0.09376494052487021,-0.1253018797883652,0.1315565539583665,0.2476615351263459,0.13503386505020623,-0.06396766072099454,0.06348302512139892
233,2017-12-15,-0.12255418516355043,0.14819717191276657,-0.11870429187338398,0.21737976169635603,-0.38927168290623343,-0.28875068684439503,0.08023710890635198,0.09091664979167297
234,2017-12-18,-0.5556067112569522,-0.4613177807498557,0.5472948206148247,-0.07434815191322376,0.49924770743291264,0.3277944966044565,0.5642142415994646,0.38256388643623607
235,2017-12-19,-0.8862359843912948,-0.8829644833204419,-0.8605442848226013,-0.8261030801225967,-0.11047359707261112,-0.4497462359495385,0.06777224789382484,-0.5822746295636079
236,2017-12-20,0.08093764402733945,0.036612228986480796,-0.515593480622484,-0.3263697426447995,-0.3980298972066888,-0.33900649466938015,-0.00715277542431786,-0.1475626129075282
237,2017-12-21,0.10507142268606429,0.3795222098369941,-0.3832751944672503,-0.2888828546784548,0.4097205680078462,0.6119564824807393,0.43422405157554295,0.1161786948575897
238,2017-12-22,0.7873919089198275,0.8313770663945143,-0.12089933566744422,-0.13499504878659965,0.05775113241261567,0.16365917764814253,-0.06342416784620247,0.008466039204489906
239,2017-12-25,0.009427569561585655,0.1343937786134469,-0.5730075061334059,-0.5447779542645218,0.031719772442888323,-0.0893073212089758,0.5770097403621941,0.5678176763805539
240,2017-12-26,-0.4083340185790277,-0.10559587315002598,-0.4518744003907467,-0.37887693813252443,0.3630123495963399,0.18303851703157833,0.18147316262266183,0.14775381932045073
241,2017-12-27,-0.9135207909116513,-0.8604007379866472,-0.8895856101747568,-0.9212409958577228,-0.49621258826068276,-0.9125242885634745,-0.3184894897290106,-0.7786957701226497
242,2017-12-28,-0.9661822014108925,-0.8728401618661942,-0.8705810880321503,-0.7788647898028399,-0.7591438518587488,-0.7779363124313344,-0.5648340162587795,-0.7996822472963822
243,2017-12-29,-0.08997885641954201,0.0052574364266698426,0.013147348008896548,0.08161479912860056,0.2888829427257112,0.3179896899725507,0.560582943529591,0.525374410936774
244,2018-01-02,-0.7226027524358852,-0.7756351688880899,-0.682973859182915,-0.02568697940813608,-0.8510516967061913,-0.8269316632625712,-0.5116069074509335,-0.7369985184068699
245,2018-01-03,0.287572639011025,-0.16362343446797245,-0.14236664615317937,-0.3207977763049372,0.4392234272301673,0.050576026098639225,0.10862688131016232,-0.0609615856268885
246,2018-01-04,0.9933407800223852,0.9972086405112379,0.9986755989186968,0.9993888393514057,0.9989676634877606,0.9991000230831286,0.998621938997292,0.999290804790826
247,2018-01-05,-0.3930894526894946,-0.4763392474714876,-0.38387789527951494,-0.35819432369349236,-0.36237528705143185,-0.3191871340152013,-0.01305872600228313,0.10238691793018227
248,2018-01-08,-0.7160155061134627,-0.7426704256420603,-0.7154912871597385,-0.7144497809217691,0.4516269066752524,0.22062604208111342,-0.44400582427285085,-0.4296054158154573
249,2018-01-09,-0.8395680651856904,-0.8415746401688987,-0.8161649254697477,-0.8233645750642201,-0.8689684987091435,-0.8772879049161333,-0.7565001754282293,-0.7580100353258449
250,2018-01-10,0.7532623951222697,0.7591826365220032,-0.09239059761323218,0.08438197905235753,-0.8861802400723227,-0.8697655967074357,-0.1807692460107994,-0.1753045383652626
251,2018-01-11,0.6545073989789372,0.6554138575225968,0.5933976221530889,0.5838479625731257,0.565810231131144,0.5357001260274997,0.4923039468161352,0.47572824156833
252,2018-01-12,-0.0846285901557758,-0.02790980344207198,-0.3778227647358876,-0.38986929838686035,-0.13511534673085163,-0.07970189874680388,-0.3118599327400692,-0.3783568678175928
253,2018-01-15,0.5710606713800391,0.8966183329644594,0.8851531174550749,0.8807465991902954,0.8742273814505671,0.9050338240875136,0.6912661822835325,0.7310722276621353
254,2018-01-16,-0.3568730950961798,-0.43316171772542655,0.08275588338869765,-0.049621145739306115,0.16024343734601026,0.1572203500559057,0.19942059954279806,0.10942256574051767
255,2018-01-17,-0.2454706772458668,-0.15403057234096973,-0.11968631235707716,-0.03672317787716758,0.342215761498783,0.33880389529760163,0.22647201880576992,0.17817986063820726
256,2018-01-18,0.5463729988399636,0.6185086660896578,0.7221317857918548,0.6802694926572981,0.5665776086193863,0.5022341386996323,0.2604688271011784,0.2787514350711543
257,2018-01-19,-0.4879141657534239,-0.5484641651226739,0.009414644446435558,0.0072039350951383415,0.17152081052557552,0.1610957130337773,0.1715498303141791,0.16453085807577306
258,2018-01-22,-0.14762214037545018,-0.08582717356947281,0.36050599610924017,0.35581901372903546,0.6217948734276999,0.6604637160821053,0.6366249328616735,0.5664934883212575
259,2018-01-23,0.2717113744800342,0.23044124263025415,-0.30375591748932057,-0.3221975194546953,0.1169990614780848,0.137951224203173,0.28827628206828776,0.2845424785070366
260,2018-01-24,-0.1254332949530494,0.2478196647801318,0.08748298452314517,0.07051387783540858,0.2956176551889402,0.3075741110052729,0.2759632802239279,0.26413820020094614
261,2018-01-25,-0.07066844362700882,-0.06849877504662466,-0.0148696920860782,0.014229402321896066,0.1605091534290447,0.1705979799158598,0.23439222384225125,0.27450738018806553
262,2018-01-26,-0.7405456108117207,-0.7677832607126609,-0.6605744514195682,-0.685370225143742,-0.5208540119253565,-0.5528663456824822,-0.3223315678123976,-0.30333602225464534
263,2018-01-29,-0.6690850919995938,-0.5612882988769087,-0.24933355726143455,-0.2963034005284899,0.09546841126666658,0.19816775510642318,-0.006558192600653309,0.06253634521453978
264,2018-01-30,0.8694981500637841,0.8447955707361026,0.8985056028547059,0.8828491204075033,0.3866385636299645,0.38246299827316294,0.4086787763078418,0.41875004084071993
265,2018-01-31,-0.3861952371815868,-0.2807063963897948,0.1493520472788576,0.2456824898840823,0.7581822638433323,0.7552558631800813,0.37576089629947745,0.25518853351728266
266,2018-02-01,-0.22275795733102596,-0.21030300237743202,0.14759033405016755,0.14920116271743555,0.37994665188451054,0.40622783438496934,0.28682642498332095,0.37544023724576625
267,2018-02-02,-0.7954829217198943,-0.7800284147039368,-0.7212271809813481,-0.7564919660878712,-0.4711999828939794,-0.514346086491847,0.015054904573418137,-0.13385075755012155
268,2018-02-05,-0.515943451387123,-0.6380967009900904,-0.3298523404575014,-0.37503186238551584,-0.1618483520949366,-0.13712910209905996,0.10463617209621402,-0.09571165332279484
269,2018-02-06,-0.782826453900657,-0.8069841936047485,-0.6803683920215774,-0.26098493574610393,-0.6206460452302733,-0.6433292860884949,-0.5846471641492681,-0.579884623861793
270,2018-02-07,-0.9560777890736575,-0.9101404620889281,-0.8441349401427651,-0.4254394073068407,-0.7533282783771779,-0.735226504274194,-0.6918235801780954,-0.7158862042110261
271,2018-02-08,-0.7005240038461898,-0.6503603265451674,-0.008452576556058479,-0.009548289854921094,-0.10225884498492929,-0.07803181145140223,-0.17538684956381626,-0.17817796769073438
272,2018-02-09,-0.6308391718451557,-0.626755782142142,-0.48337442031233496,-0.48219958323239387,-0.6233600317351867,-0.6046361094083232,-0.6192359256190844,-0.6283028810916448
273,2018-02-12,-0.33303470971536053,-0.36105276136419806,-0.4260749582394171,-0.11706445807194496,-0.47214437816072924,-0.47175434765555,-0.28525320143185257,-0.3243270773476803
274,2018-02-13,-0.7077409586226076,-0.7199643303403567,-0.3217395424691841,-0.29261729633566935,-0.2361475803256682,-0.005476139744657243,-0.5596105975622748,0.07146888073558509
275,2018-02-14,-0.19236595513529622,-0.12224795466822752,-0.23123566335941556,-0.10244553770375642,0.008631451773547757,0.07078221142712089,-0.1776062092325193,-0.21781637911866505
276,2018-02-22,-0.08094250617246389,-0.06075315763231788,-0.22458657409934565,-0.16705554809936002,-0.1813007831190101,-0.2367737017860476,-0.12897103191894926,-0.07243095382379298
277,2018-02-23,-0.516783155999905,-0.6408453671958964,-0.4188338103324489,-0.37951524461091124,-0.36425326778429584,0.22271350453220112,0.03713236244704077,-0.22472018564994703
278,2018-02-26,-0.5839572051747125,-0.497798258905695,-0.6935492524023105,-0.6979596858742235,0.14215535179140906,0.04958926357473881,-0.3022704928643266,0.29025518316122456
279,2018-02-27,0.04679870518785216,0.25006632019787134,-0.6310721712457685,-0.5617642730444414,-0.652335245399228,-0.6706512404896136,-0.6158061842368531,-0.4309359521092337
280,2018-02-28,-0.3333479087072562,0.07543165947346263,-0.4002515876586613,-0.4036919277099633,-0.2853228541861381,-0.02803545719842295,0.10659819241001305,-0.007737402755064781
281,2018-03-01,-0.9489694342991772,-0.9515291171339739,-0.7968496439581657,-0.5617855342996948,-0.8917899417515296,-0.8738137426035516,-0.8866330398484441,-0.8561123325407687
282,2018-03-02,-0.8706014944237493,-0.8545765192938677,-0.5824278583616711,-0.6638218262529055,-0.6088440657364725,-0.7409450443736597,-0.8155102352329373,-0.8101365372890666
283,2018-03-05,-0.6258539954144994,-0.5069515728013415,-0.5895434035194195,-0.40213524186470206,-0.1749542975088365,-0.3280073083653714,-0.4473936313284741,-0.22528344317252005
284,2018-03-06,-0.7765360466253819,-0.6130516551012418,-0.7150746893440787,-0.3318699264259565,-0.2662943284739873,-0.27248967762572723,-0.5319969130619618,-0.2958103735600522
285,2018-03-07,-0.7863400981506514,-0.7630497761506828,-0.7538847178625115,-0.8026322347017156,-0.6416453718051186,-0.3640332984590007,0.0919013543689179,0.11922291334657238
286,2018-03-08,-0.4890452322563131,-0.5113443393859584,-0.39958560119691366,-0.47342179875033313,-0.4180296594797813,-0.5573744703516783,-0.48342404359671964,-0.7664203325067875
287,2018-03-09,-0.6780144761644059,-0.7201070041458034,-0.2583634050554849,-0.22759873492536073,0.040422907818240164,0.029503438715012587,-0.30197432707050625,-0.026539489914142508
288,2018-03-12,-0.857247401347842,-0.9072473357958871,-0.6464443579839833,-0.45436131013018766,-0.6958274200177696,-0.5196432585832581,-0.45028363800545534,-0.35367632112114555
289,2018-03-13,-0.4306434177521719,-0.564047817607446,-0.4012930311292702,-0.6615024854200825,-0.5644821027816522,-0.7354548388615073,0.009536828742163949,-0.19207022283326503
290,2018-03-14,-0.25877305630105707,-0.22593732949804549,-0.28098701564416884,-0.41147703628194127,-0.5712355801891676,-0.6966404035614263,-0.4715521365125707,-0.386604206948242
291,2018-03-15,-0.8273406743734144,-0.7435529823727145,-0.711476562337477,-0.6924660061879043,-0.8017065638897206,-0.4720733658988446,0.3308024515620045,-0.10890080676762284
292,2018-03-16,-0.9462273284602617,-0.9227808412579613,-0.9005319364137241,-0.9311351010200508,-0.22200093360357595,-0.18932998619741057,0.46209389607451223,0.5462867479171503
293,2018-03-19,-0.6687274173477489,-0.7150671944492725,-0.8361827795752771,-0.8349323453442119,0.33094167822024717,0.30076362387817984,0.7239469458700395,0.6525549517901761
294,2018-03-20,-0.6822112269489943,-0.6701219435182213,-0.8088538545144951,-0.7418709384887869,-0.7420144818289156,-0.713391034423428,-0.5052404201673262,-0.31150712122632884
295,2018-03-21,-0.9069670387301363,-0.8027898943990189,-0.6575534335311621,-0.4551578967932506,-0.39212552493561287,-0.009566209574471256,-0.238811336521455,0.03041803400321089
296,2018-03-22,-0.6219462975092614,-0.5455320301387525,-0.9166843908973157,-0.8958502054275789,-0.8455991253292264,-0.7810042927883042,-0.8480602992665729,-0.7711065990471917
297,2018-03-23,-0.3685836693173707,-0.27498191218211104,-0.5505257493857538,-0.180101201519609,-0.4187752863652715,-0.3028769578652824,-0.1956608425647723,-0.15687993541256764
298,2018-03-26,0.025822932894025756,0.13802811112464491,0.27101165183383663,0.34335997192047835,0.14508172668474792,0.2742922113884847,-0.09615069706442264,0.03150871531559117
299,2018-03-27,-0.3070078268095738,0.16638425452157854,-0.04980698681108405,-0.37208505294226935,0.1967897776567981,0.30864921821418206,-0.2047622256959123,0.397925539187951
300,2018-03-28,-0.512486979578485,-0.13274434278140895,-0.9000489941204363,-0.9010071877574458,-0.8773785559213512,-0.7692195254374506,-0.8828826400848336,-0.9089073675006558
301,2018-03-29,-0.4337966524098855,-0.45043659055418334,-0.5759242688709558,-0.5844125992215686,-0.43724527354645676,-0.628690025516161,-0.5090147559809081,-0.38520386890093944
302,2018-03-30,-0.7412587423143793,-0.7916009648602875,-0.4457380788528026,-0.4519770741575887,-0.5136521369442992,-0.4492778724096636,-0.37974969937407554,-0.42495787663463347
303,2018-04-02,-0.7675684556565199,-0.7452125351946808,-0.8245692424863783,-0.8401197884577791,-0.7224279160912651,-0.8486636257074974,-0.45538664046468086,-0.4274604359475801
304,2018-04-03,-0.4728172411089934,-0.5803082810255734,-0.4637133786456839,-0.4713345996686477,-0.1534722007270775,-0.31944209157849507,-0.1694420222642212,-0.18338273987272552
305,2018-04-04,-0.7626999230202245,-0.7953930950734163,-0.8262302290884286,-0.8104832193203511,-0.5373071208431606,-0.48371727863935077,-0.4479272133782088,-0.48129927880283535
306,2018-04-09,-0.561051409854004,-0.6563432544177041,0.0032842522189600776,-0.03545841049903642,0.04338319498151293,-0.027580408922107766,-0.047677579990040485,0.035050702049444486
307,2018-04-10,-0.8014564752049562,-0.8162078812135556,-0.8358504477147896,-0.8669390673918386,-0.8694901914643804,-0.9030879690752288,-0.8772226414282982,-0.8995678923660817
308,2018-04-11,-0.5453789903833012,-0.40007780870127285,-0.5206654481589229,-0.4416844903268609,-0.3470380776508658,-0.08285970286781823,-0.36414610527042257,-0.2511605566089117
309,2018-04-12,-0.8205085388918002,-0.8144508958231256,-0.7572732378509057,-0.6877835767909839,-0.6744604137443383,-0.6978847642626758,-0.6977187125674015,-0.5697274335010419
310,2018-04-13,-0.8350707547042333,-0.806203959903327,-0.7917949923453462,-0.8530945248919092,-0.6110653414108336,-0.3254802938232124,-0.6386380980315731,-0.473811706624213
311,2018-04-16,-0.2738147161383625,-0.1738262688882778,-0.820289969302533,-0.8550555702290782,-0.8749649693001198,-0.9190228046292951,-0.9037078981385386,-0.9214012287188884
312,2018-04-17,0.4047024615688961,0.3414373442604646,0.23537012970409846,0.24352433815861393,-0.1493881560352477,-0.3132150888819217,-0.4941457766564568,-0.4329176113778141
313,2018-04-18,-0.40454131304795327,-0.4733660741893071,-0.6356489033946738,-0.7329759655599479,-0.6400383243623319,-0.2333712277712891,-0.3153660354795688,-0.053242128034270024
314,2018-04-19,-0.59175561226424,-0.6304943005800446,-0.5678286871015347,-0.758075080497564,-0.4958819874131413,-0.6649475272567716,-0.7290481102298555,-0.7911493113939612
315,2018-04-23,-0.3864068953534406,-0.3316710080358816,-0.8769971486247042,-0.9049125772560968,-0.6761148110758056,-0.7179934337714003,-0.5779651313177177,-0.5950062951516804
316,2018-04-24,0.7251966963492215,0.7970234763351651,0.39098252973030884,0.24670451588632217,0.42437425493478687,0.1544337935193592,0.24236371677348806,0.023624619872807173
317,2018-04-25,0.2626899949099665,0.24715627305663404,-0.3305969728523938,-0.3905019862558701,-0.20511926593907756,-0.2888718829941021,-0.40652614940543014,-0.4253596183733679
318,2018-04-26,-0.5564146133098508,-0.1683515216605405,-0.04617141444263453,-0.008492942852763865,-0.5014875397972092,0.08323489374360529,-0.6612604347187941,-0.7949351106974514
319,2018-04-27,-0.8975016903549097,-0.8878825481567375,-0.6717089442504742,-0.5959565479965188,-0.5132682639810361,-0.4965583553691423,0.24149548636909077,0.30303543400078964
320,2018-05-02,-0.6615086238668297,-0.7551748328653232,-0.4425201431496837,-0.29947646874345557,0.20040128697470277,-0.28635512440900496,-0.018047048140576363,-0.3446909715192999
321,2018-05-03,-0.5519346981512767,-0.5632660674067909,-0.5279527914593336,-0.6345173565446798,-0.6148610053910345,-0.6872637070945476,-0.4550857522285852,-0.6176641296098621
322,2018-05-04,-0.3698109930418412,-0.5675528441615062,0.01383755536681676,-0.21435314855930188,0.09394594633928346,0.0768523232530063,0.6944210102190957,0.678519415324518
323,2018-05-07,-0.802905396908854,-0.8013273547335602,-0.8138724054299409,-0.8156151248640728,-0.8102750744148698,-0.8321726440331745,-0.8068906030886949,-0.8865881066828077
324,2018-05-08,-0.8492039070746591,-0.8431772142152126,-0.6499362892394722,-0.6201298874108456,0.1693027794208994,0.3512826958578305,0.5065522905886296,0.5778450817818719
325,2018-05-09,0.5184407491236817,0.45090847228927616,0.4155339848436312,0.30080482374032197,0.4377493490025666,0.41271603311587085,0.014101428332970647,0.16849504169751073
326,2018-05-10,-0.37144835478257465,-0.11206152350305992,0.32403983973827505,0.30867245118507103,0.3995876196903188,0.44118281052691327,0.3696480319659155,0.4012052066605908
