,date,cm_C,cm_P,nm_C,nm_P,cq_C,cq_P,nq_C,nq_P,etf变动,etf绝对值
0,1/3/2017,-0.686198925,-0.690565308,-0.685148122,-0.65814745,-0.120230288,-0.596362413,-0.578194355,-0.061859348,0,0
1,1/4/2017,-0.877668758,-0.829601478,-0.451700089,-0.489896027,-0.410758546,-0.429041794,-0.425036274,-0.403261797,0.007804032,0.007804032
2,1/5/2017,-0.362182592,-0.249238719,0.118519328,0.140946445,0.073287206,0.089414077,-0.063867522,-0.073448966,-0.0012906,0.0012906
3,1/6/2017,0.483608136,0.427957669,0.708292271,0.697018919,0.094015796,0.273253123,-0.583647872,-0.626368054,-0.003446048,0.003446048
4,1/9/2017,-0.708072393,-0.701749439,-0.184334558,-0.377477421,-0.531615042,-0.50410841,-0.664053004,-0.67806168,0.002593473,0.002593473
5,1/10/2017,0.071453198,-0.050853202,0.002452465,0.004111525,0.026180843,-0.059772694,0.035386021,-0.031649073,-0.003017892,0.003017892
6,1/11/2017,0.208481791,0.245654438,0.453782664,0.557248542,0.626447042,0.675491123,0.721916027,0.698765736,-0.003891892,0.003891892
7,1/12/2017,0.611971972,0.547619059,0.692459994,0.831192764,0.751095062,0.693050553,0.694874371,0.598309041,-0.003472976,0.003472976
8,1/13/2017,-0.643288299,-0.715138059,-0.520856042,-0.54524541,-0.341008306,-0.175831678,-0.793485147,-0.766585062,0.006534524,0.006534524
9,1/16/2017,-0.422384054,-0.080232764,-0.25361467,-0.254975828,0.167494157,0.044934695,0.337663057,0.292087991,0.012118589,0.012118589
10,1/17/2017,-0.502105227,-0.460331263,-0.46769146,-0.472174453,-0.495203956,-0.493979289,-0.322035421,-0.39237661,-0.004276245,0.004276245
11,1/18/2017,0.022990311,-0.112992904,-0.444593301,-0.287422062,-0.740096358,-0.697461446,-0.599298914,-0.648964513,0.006871376,0.006871376
12,1/19/2017,0.79291927,0.749264448,0.423557819,0.456920854,0.794059113,0.743572825,0.52255511,0.365637312,-0.004265302,0.004265302
13,1/20/2017,-0.783199696,-0.768303555,-0.742169011,-0.767906322,-0.429629207,-0.549446487,0.525006032,0.514753921,0.006425359,0.006425359
14,1/23/2017,0.452231164,0.59393217,0.874487302,0.767303035,0.629384277,0.459960901,0.789683218,0.754703538,-0.000425622,0.000425622
15,1/24/2017,-0.785020353,-0.784304026,-0.589788483,-0.701438247,-0.798680773,-0.797780098,-0.721369691,-0.777272482,0.002129019,0.002129019
16,1/25/2017,-0.009618003,0.033202082,-0.840011421,-0.788945894,-0.613367207,-0.714263742,-0.851106477,-0.820448676,0.006330996,0.006330996
17,1/26/2017,-0.501699252,-0.260766762,-0.196974543,-0.185319481,-0.429882559,-0.466217761,-0.2366748,-0.169869444,-0.000802229,0.000802229
18,2/3/2017,0.640621171,0.657453894,0.722441537,0.717602444,0.688063636,0.742531823,0.012897871,-0.085736278,-0.010564124,0.010564124
19,2/6/2017,0.20236956,0.191007054,0.566769884,0.587966167,0.595070713,0.635914346,0.651509029,0.686989764,0.000427077,0.000427077
20,2/7/2017,0.235954487,0.142856106,0.065134388,-0.319967284,0.783493307,0.785704367,0.808418337,0.77148735,-0.00298826,0.00298826
21,2/8/2017,-0.521266512,-0.511663443,0.572518668,0.538487842,0.250241522,0.195781619,0.096178294,0.049317413,0.00556626,0.00556626
22,2/9/2017,-0.473230884,-0.345783959,-0.304878119,-0.248805411,0.491353581,0.576383084,0.751695569,0.829178196,0.002554822,0.002554822
23,2/10/2017,0.329394709,0.325246601,0.610679856,0.771145788,0.056712691,-0.201056239,0.441653736,0.691405798,0.005096623,0.005096623
24,2/13/2017,-0.325531339,-0.16166838,-0.474644153,-0.573601504,-0.336348376,-0.2960674,-0.253261225,-0.256689566,0.004648215,0.004648215
25,2/14/2017,0.805880679,0.679554724,0.790682771,0.813604244,0.743723534,0.631030071,0.480821056,0.631395588,-0.003364879,0.003364879
26,2/15/2017,-0.116949226,-0.139986095,0.389024502,0.135190541,-0.304676806,-0.390348756,-0.064560214,-0.065319857,0,0
27,2/16/2017,0.320166175,0.078523609,0.203518114,0.259796779,-0.293495127,-0.341309189,0.010128198,-0.102625109,0.00126609,0.00126609
28,2/17/2017,0.782168548,0.875707995,-0.187276119,-0.495059631,-0.828319698,-0.794142054,-0.655690406,-0.652127078,-0.004636459,0.004636459
29,2/20/2017,-0.448334823,0.698544085,0.869596982,0.884914604,0.580182412,0.485739548,0.788096494,0.801491325,0.014397629,0.014397629
30,2/21/2017,0.596707061,0.620634404,0.87359022,0.86406253,-0.07951102,-0.379130552,-0.583665306,-0.532221461,-0.001252348,0.001252348
31,2/22/2017,0.076037953,0.088271188,0.482087353,0.428399386,-0.053826683,-0.212704511,-0.033976436,-0.054084887,0.001462905,0.001462905
32,2/23/2017,0.881832222,0.879087961,0.760123627,0.744810567,0.846970673,0.869990549,0.142890772,0.849998181,-0.003964942,0.003964942
33,2/24/2017,-0.046452876,-0.111602095,0.535860628,0.533680086,0.617229142,0.544266074,0.288864486,0.328958931,-0.000419024,0.000419024
34,2/27/2017,0.080947434,-0.229309717,-0.144255162,-0.255260325,0.269043312,0.201580314,0.871335774,0.827341513,-0.007545588,0.007545588
35,2/28/2017,0.17596205,0.07917695,-0.282922844,-0.596105903,-0.384328308,-0.276239047,-0.630316295,-0.630179399,0.000422386,0.000422386
36,3/1/2017,0.562079301,0.03499681,0.266406542,-0.128750555,0.645919028,0.604356921,-0.093904658,0.270832533,-0.000422208,0.000422208
37,3/2/2017,-0.761204018,-0.872316735,-0.694425655,-0.903608844,-0.729296329,-0.887440431,-0.758798166,-0.793518092,-0.005913411,0.005913411
38,3/3/2017,0.066378831,0.136953329,0.146855601,-0.04517156,-0.565255387,-0.451998946,-0.273349195,-0.25520212,-0.004248991,0.004248991
39,3/6/2017,-0.139431314,-0.175132318,0.120407406,0.088809474,0.2123402,0.440056221,0.118486954,-0.040199085,0.002133561,0.002133561
40,3/7/2017,0.659193337,0.667451567,0.62124535,0.594774304,-0.56248383,-0.122006306,-0.661683938,-0.757340861,0.002129019,0.002129019
41,3/8/2017,-0.587749391,-0.653755212,-0.453442105,-0.486697809,-0.612276349,-0.053572121,-0.591915659,-0.664247067,0.000849798,0.000849798
42,3/9/2017,-0.637736411,-0.720563043,-0.591634585,-0.587456101,0.029585328,0.163954697,-0.010499312,-0.20563786,-0.00509446,0.00509446
43,3/10/2017,0.735401097,0.655579879,0.637362308,0.560283613,0.470282408,0.701046137,0.682970337,0.577134283,-0.003413697,0.003413697
44,3/13/2017,-0.475042887,-0.397205937,-0.615596973,-0.554574271,-0.60589955,-0.461909171,0.100997254,-0.035056345,0.008563477,0.008563477
45,3/14/2017,-0.477512258,-0.304208035,-0.689563699,-0.705791472,0.773996031,0.727772289,0.587091518,0.239117244,-0.002122692,0.002122692
46,3/15/2017,0.275016014,0.178016018,0.238897713,0.234780983,0.399117142,0.429486166,0.212968486,0.223784205,0.001276324,0.001276324
47,3/16/2017,-0.173788473,0.389328567,0.754170308,0.738704236,0.779132232,0.710662466,0.749607549,0.747464405,0.006798385,0.006798385
48,3/17/2017,0.662113322,0.677803727,0.808160571,0.801049929,0.828482946,0.782270859,0.831091299,0.839231187,-0.011394809,0.011394809
49,3/20/2017,-0.394026807,-0.202299323,0.71403353,0.714947498,0.762016873,0.679198359,0.577151549,0.007233495,0.001707577,0.001707577
50,3/21/2017,0.098939533,-0.080553129,0.179689123,0.157655822,0.269966011,0.178468202,0.219908974,0.016616169,0.002983166,0.002983166
51,3/22/2017,-0.121697853,-0.169447203,0.062758521,0.083371762,0.082358221,0.063895681,0.085725758,0.082207221,-0.007648184,0.007648184
52,3/23/2017,-0.351457606,-0.219175704,-0.240796627,-0.297770918,0.395051429,0.214523432,0.388173039,0.507664728,0.003425391,0.003425391
53,3/24/2017,-0.268946899,-0.14929973,0.422123107,0.425086148,0.384865128,0.355606191,-0.483566284,-0.365964096,0.008960956,0.008960956
54,3/27/2017,-0.682820317,-0.719055401,-0.298184763,-0.30282408,0.20011911,0.270726018,-0.579737382,-0.659270483,-0.002114612,0.002114612
55,3/28/2017,-0.887956852,-0.844601733,-0.632637942,-0.683313404,-0.529130683,-0.545827676,-0.771490836,-0.71799953,-0.002542912,0.002542912
56,3/29/2017,-0.285692453,-0.235995161,-0.062332624,0.027044527,0.116025908,0.145223908,0.282369149,0.20105379,0,0
57,3/30/2017,-0.512576681,-0.30577027,-0.69938713,-0.753824231,-0.567432504,-0.655990796,-0.7127625,-0.673599841,-0.004248991,0.004248991
58,3/31/2017,-0.889441957,-0.87044129,-0.817153586,-0.801516019,-0.632942347,-0.485520254,0.791570284,0.796794968,0.005120546,0.005120546
59,4/5/2017,-0.258100851,0.740223926,-0.076301285,-0.489641002,-0.644316277,-0.634123176,-0.209702145,-0.6445162,0.011462534,0.011462534
60,4/6/2017,-0.517367007,-0.538235545,-0.729639689,-0.702469352,-0.768759739,-0.691107501,-0.317340334,-0.409045972,0.000839454,0.000839454
61,4/7/2017,-0.250583405,-0.477207381,0.635141663,0.622528903,0.357908796,0.425915032,-0.308139348,-0.316669496,-0.000419375,0.000419375
62,4/10/2017,0.721631715,0.721400384,0.277815039,0.353423086,0.462486537,0.16199838,0.768000603,0.094594156,-0.002517306,0.002517306
63,4/11/2017,-0.81075148,-0.620903628,0.541651027,0.480119829,0.84712302,0.685114642,0.619283025,0.63318024,0.00042061,0.00042061
64,4/12/2017,-0.069740904,0.357438601,0.036888904,0.023298993,0.332442266,0.248004784,0.123699634,0.084531309,-0.002102165,0.002102165
65,4/13/2017,0.133368285,0.172169891,0.431528453,0.403502975,0.437322684,0.272000898,-0.271664234,-0.102944089,-0.002949231,0.002949231
66,4/14/2017,-0.240692685,-0.085465752,-0.808855138,-0.718210873,-0.579204031,-0.48720938,-0.648023704,-0.355945617,-0.007183604,0.007183604
67,4/17/2017,-0.115083019,-0.122689016,-0.653909314,-0.728964081,-0.512258343,-0.526978775,0.121962912,-0.169485707,0.001276867,0.001276867
68,4/18/2017,-0.036510919,-0.035801651,-0.030522001,-0.031893608,0.025329916,0.016143581,-0.031143391,-0.005657277,-0.006376196,0.006376196
69,4/19/2017,-0.510267206,-0.535463634,-0.879456168,-0.896167771,-0.87258376,-0.899988164,-0.841837652,-0.861511122,-0.006631016,0.006631016
70,4/20/2017,-0.662216146,-0.406106101,-0.628323553,-0.627026747,-0.264844243,-0.493006852,-0.093028671,-0.401434308,0.004091301,0.004091301
71,4/21/2017,0.202281431,0.305415352,0.134765311,-0.019061761,0.098939535,-0.003677528,0.089611653,0.084343557,0.003860176,0.003860176
72,4/24/2017,-0.726524095,-0.738308499,-0.805277079,-0.819899651,-0.588915666,-0.617765929,-0.544218638,-0.588929544,-0.002349925,0.002349925
73,4/25/2017,-0.350108372,-0.808798275,-0.808557404,-0.774851825,-0.701130174,-0.646989341,-0.526055646,-0.617152077,0.002783726,0.002783726
74,4/26/2017,-0.659923826,-0.425881651,-0.514600564,-0.543756423,-0.116746587,-0.000524548,-0.482618166,-0.429074064,-0.00128123,0.00128123
75,4/27/2017,-0.956953995,-0.924311413,0.090481644,-0.102100088,-0.880889933,-0.420662086,-0.687606921,-0.592028943,0.002138123,0.002138123
76,4/28/2017,-0.745878592,-0.63972359,0.507319623,0.446396159,0.605767637,0.705032336,-0.005519387,0.052211381,-0.001706849,0.001706849
77,5/2/2017,0.342289135,0.040430748,0.587747148,0.562775979,0.791322159,0.764766116,0.667414741,0.098109677,-0.002992092,0.002992092
78,5/3/2017,-0.66633984,-0.553984432,-0.252668466,-0.451543917,0.541002643,0.5078134,0.775045251,0.757090484,-0.003429796,0.003429796
79,5/4/2017,-0.677043413,-0.724919029,-0.393128784,-0.563078101,-0.203483652,-0.290120443,-0.310541078,-0.290578034,-0.0025812,0.0025812
80,5/5/2017,-0.654745316,-0.744918154,-0.813632109,-0.805158852,-0.899968518,-0.918210507,-0.5353877,-0.753082752,-0.00258788,0.00258788
81,5/8/2017,-0.899093231,-0.804891985,-0.358295431,-0.636513245,-0.592066991,-0.654023519,-0.559611915,-0.630327426,0.002162162,0.002162162
82,5/9/2017,-0.719823356,-0.67701594,-0.772001468,-0.64771127,-0.307820784,-0.30809724,-0.202939326,-0.120294829,-0.000862999,0.000862999
83,5/10/2017,-0.721552128,-0.295832222,-0.262380524,-0.001382696,-0.267713972,-0.349757538,-0.419940698,-0.473040041,0.002159361,0.002159361
84,5/11/2017,-0.117481121,-0.059942061,-0.004749193,-0.026213179,0.002365533,0.064922963,-0.045737862,0.087794547,0.006033183,0.006033183
85,5/12/2017,-0.457562796,0.496833887,-0.394365547,-0.262751229,0.767519522,0.771076202,0.851180632,0.847389804,0.014992504,0.014992504
86,5/15/2017,0.073849193,0.079547329,-0.002907562,0.0209773,0.023520779,0.001747015,0.033869971,0.016228686,0.00168812,0.00168812
87,5/16/2017,0.278278726,-0.118962271,0.263755974,0.056329935,-0.402804939,-0.186195639,-0.476259676,-0.46740003,0.002106594,0.002106594
88,5/17/2017,-0.415801728,0.474008047,0.563749532,0.404104087,0.779534416,0.729289325,0.873722997,0.833650911,-0.008408661,0.008408661
89,5/18/2017,0.586048267,0.535093945,-0.259862899,-0.223298629,0.418168098,0.390537601,0.354941803,0.364195801,-0.004239983,0.004239983
90,5/19/2017,-0.058840683,-0.004587744,0.051347427,0.052501981,0.014568659,0.000517827,-0.02263475,0.001713296,0.002554822,0.002554822
91,5/22/2017,0.697822877,0.396177746,0.54715043,0.541271123,0.650102531,0.686773781,0.401501885,0.413396001,0.008069654,0.008069654
92,5/23/2017,0.373639353,0.769715561,0.824942126,0.895506716,0.856649055,0.847740803,0.808326021,0.763568563,0.013482199,0.013482199
93,5/24/2017,-0.101894101,0.077298377,-0.021074078,-0.025627222,-0.0512577,-0.046655221,-0.058674659,-0.055895955,-0.002494284,0.002494284
94,5/25/2017,0.926008967,0.974857223,0.956496087,0.961244828,0.970205087,0.966900052,0.952936857,0.935749747,0.029589498,0.029589498
95,5/26/2017,0.830381338,0.861838793,0.864515139,0.867361178,0.876860414,0.877383596,0.842946809,0.871615121,-0.002023882,0.002023882
96,5/31/2017,0.476990349,0.591627726,0.84763962,0.868114243,0.865485292,0.507334895,0.805414198,0.811263215,0.004055972,0.004055972
97,6/1/2017,-0.813854431,-0.796329805,0.056442077,0.482073122,0.231808484,0.357457807,0.631953898,0.81449921,0.006059382,0.006059382
98,6/2/2017,0.45132886,0.39068851,-0.404363731,-0.145873086,-0.088164156,-0.099133806,-0.142948994,-0.04973123,-0.008030516,0.008030516
99,6/5/2017,0.602686728,0.654783833,0.581647845,0.586460639,0.375189712,0.351141298,0.126138818,0.287424874,-0.012143291,0.012143291
100,6/6/2017,0.50518627,0.4206489,0.214938393,0.093350586,0.102323279,0.068024771,0.818287458,0.808513833,0.006965786,0.006965786
101,6/7/2017,0.442683436,0.591308743,0.420447631,0.460322439,0.619508655,0.612805169,0.335813922,0.345179407,0.009359105,0.009359105
102,6/8/2017,-0.43004345,-0.282691872,0.065474411,0.214109256,0.868882815,0.894478507,0.888006775,0.903164794,0.008466035,0.008466035
103,6/9/2017,0.695597084,0.735649444,0.763070733,0.708200721,0.730877605,0.752450147,0.464332289,0.51370735,0.005996402,0.005996402
104,6/12/2017,0.950201985,0.932706127,0.930871754,0.924600435,0.917332033,0.917850649,0.850599759,0.874635369,-0.000794755,0.000794755
105,6/13/2017,0.687253976,0.612477649,0.783011616,0.223651006,-0.05621029,-0.048349747,-0.295898218,-0.5322574,-0.000994233,0.000994233
106,6/14/2017,0.738833733,0.740531167,0.924697015,0.916555957,0.945259259,0.95404696,0.925412267,0.927526943,-0.011743631,0.011743631
107,6/15/2017,0.505250224,0.700951374,0.565169945,0.589164593,0.70105488,0.722181071,0.716300435,0.73321878,-0.007250755,0.007250755
108,6/16/2017,0.264044106,0.429584776,0.69408836,0.470116709,0.640613135,0.683042745,0.421980419,0.460356667,-0.00223169,0.00223169
109,6/19/2017,0.440201731,0.321776928,0.233369834,0.289876154,0.250118157,0.29264688,0.457850002,0.556332737,0.015656771,0.015656771
110,6/20/2017,-0.119719737,-0.493043232,0.221133555,0.056359133,-0.353443875,-0.380204118,-0.648703356,-0.629767582,-0.006206206,0.006206206
111,6/21/2017,-0.293271177,-0.422179516,0.003010711,-0.032702472,-0.150233685,-0.207011458,-0.190628385,-0.218360875,0.010676873,0.010676873
112,6/22/2017,0.886598191,0.916501495,0.854455704,0.840622253,0.093609396,0.883866909,0.683544709,0.901004734,0.005979669,0.005979669
113,6/23/2017,-0.144220183,0.690645975,0.734518048,0.715309884,0.530648685,0.594229529,0.760835353,0.740446372,0.00713295,0.00713295
114,6/26/2017,0.594929768,0.638222905,0.74490248,0.759093749,0.181373816,0.225646159,-0.38003482,-0.221535131,0.005508558,0.005508558
115,6/27/2017,-0.732596566,-0.636770918,-0.166903082,-0.127167767,0.526738197,0.511371095,-0.090685095,0.056048291,0.003130503,0.003130503
116,6/28/2017,0.174084005,-0.190280221,0.684569898,0.58497322,0.657996285,0.651296027,0.248578021,0.473359011,-0.006631558,0.006631558
117,6/29/2017,-0.013471654,0.143947955,-0.351477893,-0.395159123,0.432551777,0.372311147,-0.190655257,-0.092698982,0.006479482,0.006479482
118,6/30/2017,-0.351988321,0.095242676,-0.312584217,-0.43026246,-0.304933591,-0.355029282,-0.594540564,-0.519648563,-0.002536091,0.002536091
119,7/3/2017,0.717055253,0.811108199,0.823147317,0.808975923,0.464553351,0.48490813,0.450436634,0.425144939,-0.005867397,0.005867397
120,7/4/2017,0.769201666,0.736994148,0.769362376,0.802965496,0.767938695,0.77745829,0.723165043,0.786531253,-0.008656305,0.008656305
121,7/5/2017,0.936928639,0.931185051,0.958339567,0.968864893,0.955407751,0.96111424,0.94559461,0.939729092,0.017860687,0.017860687
122,7/6/2017,-0.237731138,-0.290269732,-0.128581758,-0.206426217,0.732679214,0.685598592,0.35889984,0.107780236,0.00038994,0.00038994
123,7/7/2017,0.093873247,0.059789763,0.076875363,0.072348374,-0.044476859,-0.082141089,-0.130801745,-0.076273766,-0.00155915,0.00155915
124,7/10/2017,-0.261045564,-0.445697966,0.270265566,0.368223823,0.487801397,0.559289903,0.481134874,0.683431493,0.005465548,0.005465548
125,7/11/2017,-0.84464658,-0.775210027,-0.380258623,-0.330058773,0.749425918,0.757684362,0.927954677,0.910374589,0.01125995,0.01125995
126,7/12/2017,-0.497790462,-0.30192901,-0.619602486,-0.617988464,-0.598691119,-0.562368779,0.690305661,0.776368777,-0.003071607,0.003071607
127,7/13/2017,0.474708837,0.657619367,0.331772071,0.457933584,0.532539967,0.555579363,0.681854356,0.695104532,0.015790487,0.015790487
128,7/14/2017,0.226040127,-0.059702308,0.729622775,0.701181868,0.50112366,0.458665629,0.638025689,0.577372616,0.010616114,0.010616114
129,7/17/2017,0.291925002,0.540374999,0.401538344,0.405942448,0.443157597,0.475995162,0.555104518,0.565989245,0.000750328,0.000750328
130,7/18/2017,0.41478361,0.502267241,0.626010008,0.63652796,0.36665115,0.410261763,0.098653566,0.098668399,-0.003748828,0.003748828
131,7/19/2017,-0.047502335,-0.109647019,-0.438135297,-0.332292317,0.809978282,0.838397042,0.79310005,0.781201146,0.016933208,0.016933208
132,7/20/2017,-0.213937666,-0.335481707,-0.533969539,-0.506867086,-0.414351198,-0.45470925,-0.368916721,-0.436382535,0.002960222,0.002960222
133,7/21/2017,0.843315487,0.738633609,0.755085041,0.773081948,0.660836683,0.641535112,0.507017677,0.540250104,-0.010883601,0.010883601
134,7/24/2017,0.127670352,-0.241457946,-0.237944294,-0.210471265,-0.326239907,-0.305531827,-0.421251543,-0.43878722,0.007273405,0.007273405
135,7/25/2017,0.67501122,0.524687662,0.797689836,0.769657049,0.799696118,0.814634504,0.6658089,0.7488452,-0.006665432,0.006665432
136,7/26/2017,-0.67982206,-0.649562072,0.105124369,0.042614273,0.700746401,0.682932459,0.8519828,0.867167063,-0.001491146,0.001491146
137,7/27/2017,-0.744680869,-0.770723573,0.547383652,0.656780326,0.279297667,0.039882436,0.512243922,0.241546287,-0.000373343,0.000373343
138,7/28/2017,-0.682845337,-0.649942541,-0.756305561,-0.764652561,-0.665867036,-0.682143343,-0.106546349,-0.491311672,0.002464986,0.002464986
139,7/31/2017,-0.685166802,-0.608513045,-0.567893381,-0.549784968,-0.321886994,-0.280786363,-0.268743852,-0.21819239,-0.000596103,0.000596103
140,8/1/2017,-0.056915155,-0.059036162,-0.015637138,0.016430832,0.121853783,0.064185229,-0.051662137,-0.05380783,0.01528425,0.01528425
141,8/2/2017,-0.126325111,-0.168324675,-0.169807421,-0.14785863,0.147052698,0.15022103,0.414723126,0.349895547,0.001835873,0.001835873
142,8/3/2017,0.757794786,0.724879707,0.784362102,0.751456146,0.804162142,0.723757611,0.295551237,0.055584382,-0.014293568,0.014293568
143,8/4/2017,-0.040852662,0.01398736,-0.065236537,-0.175068637,-0.404933286,-0.266309488,-0.347108509,-0.306863046,-0.00706451,0.00706451
144,8/7/2017,-0.797772222,-0.814711753,0.13869765,0.009233419,-0.520590061,-0.137686879,-0.545602896,-0.537036312,0.002621232,0.002621232
145,8/8/2017,0.261893802,0.315902786,-0.250536212,-0.250804388,-0.325331457,-0.260535318,-0.294664599,-0.171237593,0.001493931,0.001493931
146,8/9/2017,0.441709973,0.442691859,0.305070318,0.205425345,0.07817635,0.03225131,0.21248135,0.234767396,-0.006339735,0.006339735
147,8/10/2017,0.413300279,0.431507211,0.672526051,0.682011349,0.483956993,0.58686501,0.738507615,0.775330702,-0.003940702,0.003940702
148,8/11/2017,-0.274270633,0.192254894,-0.929865482,-0.898129865,-0.910926789,-0.91930514,-0.933775733,-0.931979992,-0.016013564,0.016013564
149,8/14/2017,-0.734577958,-0.838088461,-0.838948562,-0.886853809,-0.6776577,-0.592878188,-0.535313942,-0.554148776,0.008615738,0.008615738
150,8/15/2017,0.493501704,0.437079635,-0.124180801,-0.143738641,0.515560721,0.557551721,0.423606952,0.529665136,0.006264237,0.006264237
151,8/16/2017,0.081259563,0.094347989,0.221335759,0.245342881,0.005015324,-0.077590044,0.320580059,0.298102847,-0.00415016,0.00415016
152,8/17/2017,0.108755324,-0.011734018,0.544904028,0.38404159,0.571161038,0.592971229,0.500303941,0.478521018,0.004546316,0.004546316
153,8/18/2017,-0.887756392,-0.87708345,-0.922898108,-0.936799163,0.072882033,0.583820179,0.507910384,0.228094154,0.00452574,0.00452574
154,8/21/2017,0.301685998,0.623073299,0.750259709,0.707403446,0.780964742,0.780836692,0.691805083,0.826574221,-0.000375446,0.000375446
155,8/22/2017,0.233490555,0.479106939,-0.92354169,-0.924407412,-0.90829237,-0.901024424,-0.865024521,-0.853507058,0.010516432,0.010516432
156,8/23/2017,0.15025583,0.100348622,0.517693554,0.589314572,0.753849565,0.787695001,0.82229232,0.840945407,0.006318528,0.006318528
157,8/24/2017,0.781664038,0.845970722,0.131692396,0.002802942,0.037631821,0.271324236,0.625658565,0.667704864,-0.0033241,0.0033241
158,8/25/2017,0.761556667,0.806750239,0.51828436,0.836874328,0.947230562,0.968861768,0.939751574,0.935618912,0.021493422,0.021493422
159,8/28/2017,0.739426163,0.907908816,0.391681768,0.778006313,0.874200279,0.888281695,0.826725799,0.830724637,0.011246145,0.011246145
160,8/29/2017,-0.267247058,-0.323637249,-0.007988103,-0.142458475,-0.208434656,-0.126240734,-0.118995687,-0.172441897,0.000358744,0.000358744
161,8/30/2017,0.383321317,0.538064762,0.75824396,0.823322154,0.754488277,0.802874566,0.767055673,0.823779144,-0.00502062,0.00502062
162,8/31/2017,-0.32904871,-0.266007363,-0.046332907,-0.076200041,0.306772359,0.240902873,0.234070057,0.380833368,-0.003243828,0.003243828
163,9/1/2017,0.884607722,0.798340642,0.774454316,0.82420156,0.151070565,0.10449059,0.24090872,-0.074872436,-0.00216959,0.00216959
164,9/4/2017,0.32156663,0.228076447,0.359480764,0.429661219,0.562166425,0.589229374,0.221623235,0.185332856,0.001449538,0.001449538
165,9/5/2017,0.208853396,0.235664495,0.455551155,0.341773842,0.661029407,0.742552208,0.881813267,0.891466194,0.006513479,0.006513479
166,9/6/2017,0.331441171,0.313859129,0.324077616,0.446935902,0.648402279,0.633134781,0.261735152,0.494815377,-0.00611181,0.00611181
167,9/7/2017,0.868838669,0.210336478,0.795986306,0.770853416,0.661142518,0.787810768,0.629501846,0.67526318,-0.007958039,0.007958039
168,9/8/2017,-0.034340308,-0.037274694,-0.02095776,0.048728146,-0.09860329,-0.032915218,-0.0241756,0.153125964,-0.001823154,0.001823154
169,9/11/2017,-0.763659639,-0.852222121,-0.6904014,-0.667634851,-0.670320323,-0.563478207,-0.486656641,-0.465415602,-0.002557078,0.002557078
170,9/12/2017,-0.729259618,-0.758162726,-0.481466352,-0.455079589,-0.680049836,-0.682409368,-0.742919103,-0.797461612,0.005493499,0.005493499
171,9/13/2017,-0.079886321,0.022248834,-0.156702428,-0.115348061,0.465135545,0.352676814,-0.022734236,-0.051569637,-0.002549627,0.002549627
172,9/14/2017,0.045646893,0.039647829,0.056521032,0.055092865,0.064167396,0.061718679,0.068041723,0.065455519,-0.005842615,0.005842615
173,9/15/2017,-0.240423222,-0.191619105,0.131124803,0.201723765,-0.113832577,-0.188740988,-0.010861867,-0.063401656,0,0
174,9/18/2017,-0.343889502,-0.358175032,0.469497549,0.435009165,0.648735803,0.599102116,0.635066589,0.600046427,0.002571166,0.002571166
175,9/19/2017,0.617316753,0.390320634,0.471290228,0.510795049,0.822683837,0.779510075,0.299255222,0.163778668,-0.003663675,0.003663675
176,9/20/2017,-0.653649029,-0.419145946,0.100799711,0.109907983,-0.410039708,-0.473593417,-0.071740511,-0.135531525,-0.001103144,0.001103144
177,9/21/2017,0.343384622,0.537440758,-0.228348941,-0.134847466,0.441191826,0.512688784,0.207821417,0.514252631,0.004233389,0.004233389
178,9/22/2017,0.130736272,0.145692304,0.558682996,0.749639838,0.344198127,0.752344097,0.553311293,0.608227333,0.000549853,0.000549853
179,9/25/2017,0.018745658,0.413443526,-0.185010194,-0.238010515,0.059091133,0.036514254,-0.203455153,-0.162918557,-0.000366367,0.000366367
180,9/26/2017,0.181582818,0.358501205,-0.052183842,0.044232111,0.044262837,0.145261561,0.084698368,0.114305921,0.000733003,0.000733003
181,9/27/2017,-0.037103745,-0.01751887,0.053734495,0.027247406,0.045865917,0.031058471,0.039572446,0.00860981,-0.007324666,0.007324666
182,9/28/2017,-0.117340316,-0.116605655,-0.103281742,-0.097428126,-0.114561838,-0.104051219,-0.128375409,-0.144338505,0.001844678,0.001844678
183,9/29/2017,0.208785385,0.192082141,-0.183019703,-0.144831893,-0.352451984,-0.475360035,0.301791549,0.183717056,0.004050819,0.004050819
184,10/9/2017,0.843612103,0.941477249,0.818713265,0.849945972,0.739264753,0.76198079,0.748294808,0.777867874,0.008435723,0.008435723
185,10/10/2017,-0.869439866,-0.841611887,-0.716006301,-0.735006128,-0.460301493,-0.557697494,0.308346783,0.137229184,-0.00145481,0.00145481
186,10/11/2017,-0.843091511,-0.878166977,-0.714822433,-0.686395423,0.263776582,0.172390885,-0.024938169,-0.049004916,0.005827718,0.005827718
187,10/12/2017,-0.857027497,-0.84910268,-0.70978258,-0.77862881,-0.50566445,-0.295633612,-0.495862369,-0.417293576,0.004345464,0.004345464
188,10/13/2017,-0.438148769,-0.235923137,-0.232418356,-0.060477555,0.213375846,0.159986781,0.253995455,0.291847705,-0.001081666,0.001081666
189,10/16/2017,-0.221420167,-0.03853853,-0.207804584,-0.312922463,0.534781405,0.551843848,-0.070659217,0.188155445,0.003970402,0.003970402
190,10/17/2017,0.026168729,0.058893699,0.552057899,0.418484439,-0.03175734,-0.059088579,0.648597232,0.687769972,-0.000719036,0.000719036
191,10/18/2017,-0.711548833,-0.92256283,-0.780847181,-0.825028049,-0.179792717,-0.345196102,-0.793786733,-0.824444277,0.007915093,0.007915093
192,10/19/2017,-0.5518592,-0.501961741,-0.132046865,-0.216893374,0.204800961,0.099400002,-0.17945658,-0.396937952,0.001427807,0.001427807
193,10/20/2017,0.294933213,0.071259164,0.489493486,0.360449209,0.370243515,0.324646889,0.365987197,0.384336029,-0.005346641,0.005346641
194,10/23/2017,0.116748357,-0.156274359,0.652447955,0.696288225,0.431267999,0.241970614,0.52462814,0.611345689,0,0
195,10/24/2017,0.287644878,-0.282133861,0.90115954,0.904268609,0.753939377,0.714803788,0.610734824,0.57381817,0.005733739,0.005733739
196,10/25/2017,0.172082282,-0.300728769,0.533153486,0.591243937,0.282331196,0.362030966,0.501555713,0.461680031,-0.001425263,0.001425263
197,10/26/2017,-0.319009933,-0.228789954,0.027155508,0.074291584,0.780104265,0.817326355,0.544605149,0.560536137,0.008920607,0.008920607
198,10/27/2017,-0.492624011,-0.494271383,-0.601444535,-0.566985293,-0.581758648,-0.531528917,-0.546773791,-0.557736465,0.015915119,0.015915119
199,10/30/2017,0.456106177,0.45830132,0.563731177,0.476348435,-0.212970522,-0.048217433,-0.192538162,-0.128886237,-0.004177546,0.004177546
200,10/31/2017,-0.717512155,-0.728578331,-0.634815916,-0.663355254,-0.70420683,-0.730361085,-0.585100843,-0.555031466,-0.003495892,0.003495892
201,11/1/2017,0.048019268,0.089013242,-0.126488993,-0.202280365,0.622903663,0.715536776,0.39918199,0.513989828,-0.003157341,0.003157341
202,11/2/2017,-0.486585866,-0.599100668,-0.538224554,-0.481357547,-0.623286404,-0.584314486,-0.735335868,-0.782794556,0.001759634,0.001759634
203,11/3/2017,-0.594244709,-0.470256758,0.235383648,0.282445588,0.240921888,0.338309784,0.175312032,0.10704505,0.001756543,0.001756543
204,11/6/2017,-0.818641949,-0.831041882,-0.407869367,-0.392892594,-0.189729069,-0.088591966,0.027784469,-0.082376244,-0.002805541,0.002805541
205,11/7/2017,,,,,,,,,0.011253737,0.011253737
206,11/8/2017,,,,,,,,,-0.000695531,0.000695531
207,11/9/2017,,,,,,,,,0.004176092,0.004176092
208,11/10/2017,0.187815165,0.384783208,0.904019463,0.916809593,0.786093292,0.809968344,0.849621092,0.853162311,0.011436493,0.011436493
209,11/13/2017,0.720905523,0.778413564,0.637861678,0.691897148,0.500043116,0.530101486,0.26439636,0.281853067,0.003426418,0.003426418
210,11/14/2017,0.838383769,0.754879442,0.733428385,0.795528258,0.681908948,0.681127155,0.450105393,0.422446017,-0.005463548,0.005463548
211,11/15/2017,0.548891712,0.626007275,0.044157406,-0.09800131,-0.040511089,0.036657653,-0.009879014,-0.023723503,-0.004120172,0.004120172
212,11/16/2017,-0.495749424,-0.532661981,-0.708730241,-0.685929349,0.240429894,0.245091834,0.475400394,0.654568825,0.010687812,0.010687812
213,11/17/2017,0.260792489,0.848322781,0.505978836,0.521791636,0.784445725,0.844418169,0.860121913,0.899580377,0.01927341,0.01927341
214,11/20/2017,-0.092942445,0.870514976,0.820818701,0.876716945,0.754718654,0.790538968,0.720891261,0.746371182,0.00251004,0.00251004
215,11/21/2017,0.23830271,0.931777796,0.528259824,0.602521625,0.282318377,0.57341845,0.523085335,0.548035569,0.017025538,0.017025538
216,11/22/2017,-0.670649353,-0.165288628,0.575878533,0.577106358,0.679998756,0.662853231,0.523235517,0.526551976,0.006564911,0.006564911
217,11/23/2017,-0.613680068,-0.560038457,-0.35675489,-0.083613847,-0.542515583,-0.544609698,-0.431549026,-0.359880587,-0.024457851,0.024457851
218,11/24/2017,-0.249356389,-0.239434148,-0.788095581,-0.692288826,-0.53924471,-0.518072171,-0.800569293,-0.795083938,-0.00033428,0.00033428
219,11/27/2017,-0.503373815,-0.520042335,-0.09517755,-0.118521671,-0.037483432,-0.061129303,-0.274251074,-0.300483297,-0.007858218,0.007858218
220,11/28/2017,-0.257715202,-0.152808183,-0.611842362,-0.427153972,-0.038300164,-0.076818897,-0.336296183,-0.129062119,-0.024098416,0.024098416
221,11/29/2017,-0.832627096,-0.312176773,-0.294751683,-0.291421335,0.011781884,0.013423883,0.016660375,0.060575191,-0.001726817,0.001726817
222,11/30/2017,-0.884325463,-0.85254221,-0.844217718,-0.829261737,-0.863714815,-0.86192891,-0.646159045,-0.637983089,-0.012108632,0.012108632
223,12/1/2017,-0.862114217,-0.847206172,-0.512365935,-0.443315878,-0.300193089,-0.394710605,-0.42639911,-0.42714742,-0.005953423,0.005953423
224,12/4/2017,-0.709330747,-0.72030643,-0.646217725,-0.65562732,-0.63266889,-0.649065926,-0.642509141,-0.640763572,0.006693676,0.006693676
225,12/5/2017,-0.312852926,-0.362922219,0.069752923,0.06855732,0.243991393,0.236795516,0.377400386,0.370658633,0.0167979,0.0167979
226,12/6/2017,-0.810389065,-0.781828018,-0.816463515,-0.805646995,-0.755199444,-0.758719711,-0.748232974,-0.74869623,-0.012734469,0.012734469
227,12/7/2017,-0.407171231,-0.313318358,-0.214792828,-0.208109876,0.142608579,0.115901801,0.28901929,0.255931061,-0.008715356,0.008715356
228,12/8/2017,-0.734748388,-0.723861835,-0.376326549,-0.40591154,-0.161861006,-0.314376744,-0.19092636,-0.299306321,0.007385265,0.007385265
229,12/11/2017,-0.920235148,-0.918501735,-0.797014073,-0.778227597,-0.618914309,-0.624558731,-0.636229126,-0.668788685,0.011869436,0.011869436
230,12/12/2017,0.246213442,0.113601488,-0.864679482,-0.847217077,-0.730336133,-0.759189722,-0.849754069,-0.848161924,-0.017940314,0.017940314
231,12/13/2017,-0.587371553,-0.657858485,-0.521223537,-0.508700793,-0.166905059,-0.236464912,-0.134351536,-0.162832497,0.008431407,0.008431407
232,12/14/2017,0.399656396,0.344452058,0.252459195,0.184842592,0.397562217,0.386026394,0.230130339,0.205373086,-0.006967427,0.006967427
233,12/15/2017,0.034234429,0.059989627,0.080572835,0.144616297,-0.185775101,-0.220609413,-0.073575422,-0.17834258,-0.011927732,0.011927732
234,12/18/2017,-0.717101842,-0.662986207,0.569335883,0.413532536,0.532774466,0.236421526,0.690487983,0.705989285,0.003905557,0.003905557
235,12/19/2017,-0.637633237,-0.638259924,-0.710208565,-0.646848077,-0.406730142,-0.463798656,-0.126270914,0.006206441,0.014854111,0.014854111
236,12/20/2017,-0.111114922,-0.050597981,-0.411809204,-0.409129721,-0.080119755,-0.146807189,0.00123091,0.003775333,0.002090957,0.002090957
237,12/21/2017,0.220145406,0.470808174,-0.511546169,-0.419536479,0.404791634,0.531632979,0.424650114,0.636695942,0.005912015,0.005912015
238,12/22/2017,0.855386064,0.825129441,0.308954396,0.312212757,0.363516652,0.574103103,0.574133233,0.496674306,-0.005185825,0.005185825
239,12/25/2017,-0.11505947,0.111205745,-0.504319281,-0.521546908,-0.055762493,-0.156084224,0.814668777,0.2884822,-0.000521286,0.000521286
240,12/26/2017,-0.429207615,-0.26181792,-0.405775432,-0.418998586,0.162047798,0.064537501,0.232286638,0.040210981,0.005737135,0.005737135
241,12/27/2017,-0.867667801,-0.811911656,-0.947242847,-0.946287626,-0.609687459,-0.87246954,-0.533594685,-0.676771574,-0.02039758,0.02039758
242,12/28/2017,-0.963573392,-0.94000946,-0.894541527,-0.883327485,-0.85261643,-0.872165975,-0.792592373,-0.832818239,0.007764249,0.007764249
243,12/29/2017,0.179784715,0.190440394,0.341224062,0.318518449,0.568913981,0.511082979,0.659663313,0.709324563,0.000700403,0.000700403
244,1/2/2018,-0.456621135,-0.5725704,-0.828046976,-0.567919468,-0.814582727,-0.804107048,-0.764053932,-0.806748084,0.017497813,0.017497813
245,1/3/2018,0.053139814,-0.260560612,-0.279553333,-0.426567188,0.303153933,0.304541198,-0.175206808,-0.088570129,0.001375752,0.001375752
246,1/4/2018,0.88691492,0.909138748,0.950302402,0.9614117,0.967905807,0.976725821,0.958238949,0.965273667,0.002747725,0.002747725
247,1/5/2018,-0.134782511,-0.470884094,-0.091752178,-0.085782483,-0.031466339,-0.020818611,0.033329667,0.067422414,0.004452817,0.004452817
248,1/8/2018,-0.691750218,-0.722545307,-0.77608841,-0.766825959,0.276363186,0.039160178,-0.41149586,-0.449004167,0.003751066,0.003751066
249,1/9/2018,-0.76379379,-0.758107104,-0.677963,-0.660273843,-0.807160175,-0.801359242,-0.689222165,-0.70998614,0.008833022,0.008833022
250,1/10/2018,0.660340123,0.677943766,0.002615309,0.186323631,-0.80969721,-0.817542507,-0.247102043,-0.274797541,0.008082169,0.008082169
251,1/11/2018,0.237522367,0.206248102,0.368698487,0.382306586,0.349074929,0.354232501,0.082964395,0.017036456,-0.000668114,0.000668114
252,1/12/2018,0.075840519,0.154290985,-0.142328487,-0.172894228,0.120209698,-0.002984577,-0.415954942,-0.364037571,0.009025572,0.009025572
253,1/15/2018,0.728868254,0.889137639,0.853470964,0.864905585,0.805945961,0.872882106,0.70138918,0.735814858,0.007950969,0.007950969
254,1/16/2018,-0.40418068,-0.396334241,-0.031765294,0.050518966,0.142062747,0.182619387,-0.006608719,-0.025368802,0.007230896,0.007230896
255,1/17/2018,-0.295013831,-0.236501799,-0.129243792,-0.156665449,0.053409269,-0.007284707,0.046582686,0.014125991,0.002284223,0.002284223
256,1/18/2018,0.258554712,0.318478969,0.434554233,0.398929344,0.267480779,0.271209476,0.157519839,0.172513919,0.011720658,0.011720658
257,1/19/2018,-0.501479715,-0.47934646,-0.074897451,-0.078768133,0.050055384,0.046081716,0.049443107,0.035215648,0.001930813,0.001930813
258,1/22/2018,0.012442375,0.05955741,0.316508707,0.27758549,0.51307924,0.500278523,0.433970802,0.291710632,0.005460093,0.005460093
259,1/23/2018,0.041846327,0.117602332,-0.160983942,-0.162054591,0.207239151,0.225105952,0.406269385,0.401696292,0.013416387,0.013416387
260,1/24/2018,-0.076372868,0.342735024,0.327392859,0.311549887,0.426489572,0.444979065,0.38761753,0.383903965,-0.000315209,0.000315209
261,1/25/2018,-0.23270782,-0.241733071,-0.100856963,-0.100828657,0.139143414,0.144962505,0.236994036,0.238370889,-0.006621472,0.006621472
262,1/26/2018,-0.680627113,-0.701579455,-0.517337925,-0.523360051,-0.266864942,-0.288065377,-0.059499211,-0.011721856,0.006665609,0.006665609
263,1/29/2018,-0.772865715,-0.727508312,-0.373320412,-0.404182769,-0.049423586,-0.019843636,0.10116045,0.215190925,-0.017972568,0.017972568
264,1/30/2018,0.885744665,0.881642829,0.890483058,0.893956951,0.440500119,0.395224816,0.441131658,0.381842944,-0.012843153,0.012843153
265,1/31/2018,-0.450247674,-0.383744933,0.105498656,0.095177555,0.695248438,0.690782215,0.289198487,0.196068644,0.012359733,0.012359733
266,2/1/2018,-0.288670101,-0.271405891,0.054357921,0.026560495,0.267677915,0.293028814,0.282390836,0.311935394,0.007068273,0.007068273
267,2/2/2018,-0.79276052,-0.793832958,-0.64464656,-0.670033219,-0.403153942,-0.405628106,0.0780515,-0.038179116,0.003509332,0.003509332
268,2/5/2018,-0.652641522,-0.713446916,-0.459988201,-0.537610048,-0.414514173,-0.415338608,-0.256424665,-0.397717492,0.011127007,0.011127007
269,2/6/2018,-0.719613672,-0.790657,-0.698173002,-0.272467033,-0.508610163,-0.154035503,-0.528535557,-0.51882402,-0.02263795,0.02263795
270,2/7/2018,-0.972908775,-0.959215747,-0.910530405,-0.647235046,-0.837255814,-0.830144852,-0.77997447,-0.799280314,-0.027987775,0.027987775
271,2/8/2018,-0.743447082,-0.692749084,-0.208633511,-0.178315065,-0.270035061,-0.269184351,-0.364635799,-0.232448298,-0.027800761,0.027800761
272,2/9/2018,-0.500593986,-0.509757004,-0.344933567,-0.345494789,-0.487621567,-0.474026109,-0.497052403,-0.506090049,-0.045957447,0.045957447
273,2/12/2018,-0.679573085,-0.687860935,-0.720423543,-0.494188837,-0.73624211,-0.733146656,-0.614671545,-0.649612701,-0.001070473,0.001070473
274,2/13/2018,-0.542376612,-0.519421952,-0.372070233,-0.375415501,-0.087166669,-0.069038553,-0.707487504,-0.408998682,0.017145919,0.017145919
275,2/14/2018,0.607651004,0.622696292,-0.119989927,-0.071970601,-0.073400953,0.126115336,-0.191472603,-0.126809584,0.006321335,0.006321335
276,2/22/2018,-0.103908344,-0.009110597,-0.68290952,-0.637374735,-0.619479469,-0.636544963,-0.718125227,-0.704838947,0.020589775,0.020589775
277,2/23/2018,-0.4275436,-0.435424314,-0.343270211,-0.335002815,-0.18552841,-0.072260996,-0.177571177,-0.269716106,0.010600103,0.010600103
278,2/26/2018,-0.548473389,-0.513828961,-0.746761301,-0.707642928,-0.318845961,-0.399341262,-0.211080458,-0.049792906,0.003383522,0.003383522
279,2/27/2018,0.140539676,0.340191782,-0.504638627,-0.457582629,-0.671914097,-0.621777438,-0.502695923,-0.397155532,-0.016186141,0.016186141
280,2/28/2018,-0.255487133,-0.02949558,-0.482478314,-0.489053318,-0.405384169,-0.334907429,-0.067155093,-0.13067189,-0.016109683,0.016109683
281,3/1/2018,-0.920882808,-0.915182347,-0.735203522,-0.691552692,-0.859886068,-0.831684956,-0.874486434,-0.870643885,0.004528828,0.004528828
282,3/2/2018,-0.72933148,-0.702852782,-0.492110309,-0.500570691,-0.490023833,-0.504757849,-0.723669346,-0.708075695,-0.009710421,0.009710421
283,3/5/2018,-0.5110874,-0.459678202,-0.381960536,-0.341764149,-0.18694049,-0.254588588,-0.382280547,-0.303202253,-0.000350201,0.000350201
284,3/6/2018,-0.892280781,-0.853879794,-0.724926234,-0.667113486,-0.561015711,-0.548037814,-0.424309965,-0.426112131,0.011911018,0.011911018
285,3/7/2018,-0.769003142,-0.74636659,-0.813747953,-0.83623924,-0.662828193,-0.529956041,0.103288357,0.149574671,-0.006577809,0.006577809
286,3/8/2018,-0.630850763,-0.532836543,-0.762386213,-0.780640354,-0.7855956,-0.815259373,-0.764988363,-0.790546726,0.008363826,0.008363826
287,3/9/2018,-0.795314524,-0.797711131,-0.579297771,-0.583769323,-0.39421441,-0.350267168,-0.228892465,-0.205705182,0.003456022,0.003456022
288,3/12/2018,-0.820113939,-0.8440766,-0.281314965,-0.301822929,-0.314563452,-0.307200804,0.126651051,0.154197881,0.000688824,0.000688824
289,3/13/2018,-0.490112988,-0.446601019,-0.658857194,-0.467327016,-0.807308932,-0.797653043,-0.569207133,-0.23152434,-0.01135777,0.01135777
290,3/14/2018,-0.705385086,-0.710692689,-0.766526041,-0.781937272,-0.851760562,-0.879106094,-0.731974679,-0.705784582,-0.003481288,0.003481288
291,3/15/2018,-0.821681107,-0.810851051,-0.70719954,-0.728668808,-0.804572757,-0.778240406,-0.214033092,-0.233844557,0.009781659,0.009781659
292,3/16/2018,-0.928041334,-0.915748614,-0.903370152,-0.91597913,-0.142142585,-0.022061948,0.602293622,0.681815026,-0.009686905,0.009686905
293,3/19/2018,-0.441549699,-0.543486118,-0.594173537,-0.632650143,0.48061551,0.485903207,0.61296022,0.657467196,0.010480349,0.010480349
294,3/20/2018,-0.723770283,-0.713448073,-0.857682221,-0.846220917,-0.870865606,-0.874160677,-0.688629312,-0.633305641,0.000691443,0.000691443
295,3/21/2018,-0.85830806,-0.772724383,-0.797554681,-0.778273385,-0.256951396,-0.097359491,-0.159157789,-0.096354396,-0.003454828,0.003454828
296,3/22/2018,-0.539863062,-0.462130647,-0.86236561,-0.852321891,-0.801216953,-0.790354191,-0.852887832,-0.844103113,-0.009707055,0.009707055
297,3/23/2018,-0.545555607,-0.481130218,-0.676575823,-0.309725843,-0.583316308,-0.534612738,-0.350307052,-0.340395385,-0.026605986,0.026605986
298,3/26/2018,-0.429445106,-0.406197534,-0.188749425,-0.13737831,-0.372783023,-0.318706137,-0.539654074,-0.526055137,-0.017263082,0.017263082
299,3/27/2018,-0.600869565,-0.421067215,-0.384670373,-0.463291663,-0.159200482,-0.193281929,-0.17253365,-0.076403249,0.001829826,0.001829826
300,3/28/2018,-0.418577736,0.031904376,-0.896325686,-0.897301756,-0.925583775,-0.90855512,-0.941611869,-0.947290833,-0.018630137,0.018630137
301,3/29/2018,-0.549534749,-0.531387436,-0.757165543,-0.755952722,-0.708104688,-0.735864325,-0.793826842,-0.732361651,0.01712265,0.01712265
302,3/30/2018,-0.701751022,-0.722055946,-0.428706138,-0.385714091,-0.470865899,-0.43273997,-0.250000101,-0.279554543,-0.006587374,0.006587374
303,4/2/2018,-0.599785814,-0.548847779,-0.839236979,-0.830315518,-0.835048079,-0.885272316,-0.644464395,-0.71171294,-0.004789096,0.004789096
304,4/3/2018,-0.723964253,-0.700103319,-0.491669179,-0.482348929,-0.174732442,-0.254452833,-0.131732768,-0.130494929,-0.003701647,0.003701647
305,4/4/2018,-0.536035742,-0.571253041,-0.813332236,-0.814967386,-0.565144902,-0.577911417,-0.300066785,-0.345459864,0.00148616,0.00148616
306,4/9/2018,-0.674410929,-0.692715916,-0.136699107,-0.063600179,-0.022712977,-0.091879421,-0.10847013,-0.127123612,0.004822853,0.004822853
307,4/10/2018,-0.687872512,-0.614260427,-0.611255966,-0.617748569,-0.737504143,-0.7302978,-0.770667293,-0.770515155,0.023998523,0.023998523
308,4/11/2018,-0.631759581,-0.591547222,-0.669543492,-0.679411198,-0.46015233,-0.415022911,-0.293954203,-0.299038254,0.000721111,0.000721111
309,4/12/2018,-0.723210053,-0.693581713,-0.778501963,-0.731669912,-0.837334799,-0.845680033,-0.76974612,-0.734715664,-0.01188975,0.01188975
310,4/13/2018,-0.804057009,-0.782219898,-0.864096562,-0.868964204,-0.787985967,-0.769941664,-0.888894296,-0.882768111,-0.008386509,0.008386509
311,4/16/2018,-0.433383703,-0.330200575,-0.83869394,-0.840150342,-0.918880001,-0.931162871,-0.921806714,-0.923810356,-0.022430594,0.022430594
312,4/17/2018,0.216598818,0.16490295,-0.00029246,0.021149223,-0.304114507,-0.420307379,-0.555317758,-0.544586729,-0.011472635,0.011472635
313,4/18/2018,-0.255972033,-0.291738844,-0.721765308,-0.756427792,-0.741966621,-0.663055017,-0.302445519,-0.237790449,0.005898021,0.005898021
314,4/19/2018,-0.007116555,-0.005481728,-0.44323644,-0.484604411,-0.557048038,-0.584611669,-0.745445757,-0.745202754,0.011726877,0.011726877
315,4/23/2018,-0.46014818,-0.428452573,-0.884222784,-0.897879039,-0.691425397,-0.709452782,-0.513138757,-0.515897655,-0.00673023,0.00673023
316,4/24/2018,0.418225302,0.683681673,0.514033917,0.490751602,0.445165541,0.392732994,0.26047146,0.257398653,0.022962545,0.022962545
317,4/25/2018,0.110223478,0.157206136,0.137300755,0.099062389,0.136596221,0.076553474,0.261221654,0.222712067,-0.008831647,0.008831647
318,4/26/2018,-0.616289354,-0.396507197,-0.478734163,-0.420539133,-0.216667664,0.156589236,-0.532490745,-0.642809949,-0.014479302,0.014479302
319,4/27/2018,-0.910832824,-0.912427352,-0.665493818,-0.645408419,-0.521278591,-0.551581342,0.167765228,0.126772224,-0.004520625,0.004520625
320,5/2/2018,-0.812569026,-0.817702117,-0.685544725,-0.723349483,-0.041820042,-0.138320062,0.031349235,-0.159049999,0.001135289,0.001135289
321,5/3/2018,-0.628369375,-0.624764924,-0.492521917,-0.529136743,-0.643608823,-0.674199524,-0.642540627,-0.701220933,0.003024003,0.003024003
322,5/4/2018,-0.281565815,-0.35801109,-0.065246765,-0.201283103,0.086260073,0.185964875,0.611663854,0.59463568,-0.007537215,0.007537215
323,5/7/2018,-0.855452545,-0.845731027,-0.80932806,-0.830359325,-0.831892429,-0.833472569,-0.886528408,-0.903602977,0.015568635,0.015568635
324,5/8/2018,-0.837928601,-0.847486111,-0.492036031,-0.536570268,0.506974183,0.523236075,0.770128134,0.753187131,0.014956067,0.014956067
325,5/9/2018,-0.100106062,-0.13713166,-0.216816936,-0.202197962,0.039367282,-0.029787489,-0.237845701,-0.314419356,-0.001289372,0.001289372
326,5/10/2018,-0.496897131,-0.466718873,-0.269009631,-0.273682567,-0.15035011,-0.129909747,-0.15818557,-0.181150847,0.004610845,0.004610845
