,date,cum_profit_0_-0.1,cum_profit_0_0,cum_profit_0_0.1,cum_profit_0_0.2,cum_profit_0_0.3,cum_profit_0.05_-0.1,cum_profit_0.05_0,cum_profit_0.05_0.1,cum_profit_0.05_0.2,cum_profit_0.05_0.3,cum_profit_0.1_-0.1,cum_profit_0.1_0,cum_profit_0.1_0.1,cum_profit_0.1_0.2,cum_profit_0.1_0.3,cum_profit_0.15_-0.1,cum_profit_0.15_0,cum_profit_0.15_0.1,cum_profit_0.15_0.2,cum_profit_0.15_0.3,cum_profit_0.2_-0.1,cum_profit_0.2_0,cum_profit_0.2_0.1,cum_profit_0.2_0.2,cum_profit_0.2_0.3
0,2017-12-01,-0.1307,-0.1283,-0.1258,-0.1234,-0.1209,-0.1335,-0.1311,-0.1286,-0.1262,-0.1238,-0.1363,-0.1339,-0.1315,-0.129,-0.1266,-0.1392,-0.1367,-0.1343,-0.1318,-0.1294,-0.142,-0.1395,-0.1371,-0.1346,-0.1322
1,2017-12-04,-0.1307,-0.1283,-0.1258,-0.1234,-0.1209,-0.1335,-0.1311,-0.1286,-0.1262,-0.1238,-0.1363,-0.1339,-0.1315,-0.129,-0.1266,-0.1392,-0.1367,-0.1343,-0.1318,-0.1294,-0.142,-0.1395,-0.1371,-0.1346,-0.1322
2,2017-12-05,0.8047,0.8444,0.884,0.9237,0.9634,0.7555,0.7952,0.8348,0.8745,0.9142,0.7063,0.746,0.7856,0.8253,0.865,0.6571,0.6968,0.7364,0.7761,0.8158,0.4852,0.52,0.5548,0.5896,0.6244
3,2017-12-06,1.629,1.7237,1.8184,1.9131,2.0079,1.4986,1.5933,1.688,1.7828,1.8775,1.3682,1.463,1.5577,1.6524,1.7471,1.2379,1.3326,1.4273,1.522,1.6168,0.8787,0.9648,1.051,1.1372,1.2234
4,2017-12-07,1.2348,1.3373,1.4399,1.5424,1.645,1.0953,1.1978,1.3004,1.4029,1.5055,0.9558,1.0583,1.1609,1.2635,1.366,0.8163,0.9189,1.0214,1.124,1.2265,0.3371,0.4328,0.5286,0.6243,0.7201
5,2017-12-08,1.1692,1.2734,1.3776,1.4818,1.5861,1.0279,1.1322,1.2364,1.3406,1.4448,0.8867,0.9909,1.0951,1.1994,1.3036,0.7455,0.8497,0.9539,1.0581,1.1623,0.2483,0.3459,0.4436,0.5412,0.6388
6,2017-12-11,1.2213,1.328,1.4347,1.5414,1.6481,1.0766,1.1833,1.29,1.3967,1.5034,0.9319,1.0386,1.1453,1.252,1.3587,0.7872,0.8939,1.0006,1.1073,1.214,0.2661,0.3657,0.4653,0.5649,0.6646
7,2017-12-12,0.8229,0.9452,1.0675,1.1898,1.3122,0.6599,0.7822,0.9045,1.0269,1.1492,0.4969,0.6192,0.7415,0.8639,0.9862,0.3339,0.4562,0.5786,0.7009,0.8232,-0.3119,-0.1942,-0.0764,0.0413,0.159
8,2017-12-13,0.9656,1.1223,1.279,1.4357,1.5924,0.7531,0.9098,1.0665,1.2232,1.3799,0.5406,0.6973,0.854,1.0107,1.1674,0.3281,0.4848,0.6415,0.7982,0.9549,-0.3636,-0.215,-0.0664,0.0822,0.2308
9,2017-12-14,1.1763,1.3585,1.5406,1.7228,1.9049,0.9255,1.1077,1.2898,1.472,1.6541,0.6747,0.8569,1.039,1.2212,1.4033,0.4239,0.606,0.7882,0.9704,1.1525,-0.1796,-0.0013,0.177,0.3553,0.5336
10,2017-12-15,0.827,1.0195,1.212,1.4046,1.5971,0.5602,0.7527,0.9453,1.1378,1.3303,0.2935,0.486,0.6785,0.871,1.0635,0.0267,0.2192,0.4117,0.6042,0.7968,-0.689,-0.4983,-0.3076,-0.1169,0.0738
11,2017-12-18,0.7798,0.9735,1.1671,1.3607,1.5544,0.5116,0.7052,0.8989,1.0925,1.2861,0.2433,0.437,0.6306,0.8242,1.0179,-0.0249,0.1687,0.3623,0.556,0.7496,-0.7421,-0.5503,-0.3585,-0.1667,0.0251
12,2017-12-19,0.7798,0.9735,1.1671,1.3607,1.5544,0.5116,0.7052,0.8989,1.0925,1.2861,0.2433,0.437,0.6306,0.8242,1.0179,-0.0249,0.1687,0.3623,0.556,0.7496,-0.7421,-0.5503,-0.3585,-0.1667,0.0251
13,2017-12-20,0.7432,0.939,1.1347,1.3305,1.5262,0.4716,0.6674,0.8631,1.0589,1.2546,0.2,0.3958,0.5915,0.7873,0.983,-0.0716,0.1242,0.3199,0.5157,0.7114,-0.7837,-0.5899,-0.3962,-0.2024,-0.0086
14,2017-12-21,0.6552,0.8566,1.058,1.2595,1.4609,0.3738,0.5752,0.7766,0.978,1.1794,0.0924,0.2938,0.4952,0.6966,0.898,-0.189,0.0124,0.2138,0.4152,0.6166,-0.911,-0.7116,-0.5121,-0.3127,-0.1133
15,2017-12-22,0.5745,0.7781,0.9818,1.1854,1.3891,0.2879,0.4915,0.6952,0.8988,1.1025,0.0013,0.2049,0.4086,0.6122,0.8159,-0.2853,-0.0816,0.122,0.3257,0.5293,-1.0124,-0.8107,-0.6091,-0.4074,-0.2058
16,2017-12-25,0.5215,0.7257,0.9298,1.1339,1.338,0.2334,0.4376,0.6417,0.8458,1.0499,-0.0547,0.1494,0.3536,0.5577,0.7618,-0.3428,-0.1387,0.0655,0.2696,0.4737,-1.047,-0.8451,-0.6431,-0.4411,-0.2392
17,2017-12-26,3.9284,4.1325,4.3367,4.5409,4.7451,3.4431,3.6473,3.8515,4.0556,4.2598,2.9578,3.162,3.3662,3.5704,3.7745,2.4725,2.6767,2.8809,3.0851,3.2893,0.1907,0.3928,0.5948,0.7968,0.9989
18,2017-12-27,3.9284,4.1325,4.3367,4.5409,4.7451,3.4431,3.6473,3.8515,4.0556,4.2598,2.9578,3.162,3.3662,3.5704,3.7745,2.4725,2.6767,2.8809,3.0851,3.2893,0.1907,0.3928,0.5948,0.7968,0.9989
19,2017-12-28,3.2463,3.4797,3.7131,3.9465,4.1799,2.735,2.9684,3.2018,3.4352,3.6686,2.2237,2.4571,2.6905,2.9239,3.1573,1.7124,1.9458,2.1792,2.4126,2.646,-0.5954,-0.3642,-0.1329,0.0983,0.3296
20,2017-12-29,2.7289,2.9799,3.2308,3.4818,3.7327,2.2033,2.4542,2.7052,2.9561,3.2071,1.6776,1.9286,2.1795,2.4305,2.6814,1.152,1.4029,1.6539,1.9048,2.1557,-1.1702,-0.9214,-0.6726,-0.4238,-0.175
21,2018-01-02,2.6683,2.9382,3.208,3.4778,3.7477,2.1247,2.3945,2.6644,2.9342,3.204,1.581,1.8509,2.1207,2.3906,2.6604,1.0374,1.3072,1.5771,1.8469,2.1167,-1.2397,-0.9758,-0.712,-0.4482,-0.1843
22,2018-01-03,2.5027,2.7881,3.0735,3.359,3.6444,1.944,2.2294,2.5148,2.8003,3.0857,1.3853,1.6707,1.9561,2.2416,2.527,0.8266,1.112,1.3974,1.6829,1.9683,-1.4382,-1.1603,-0.8824,-0.6044,-0.3265
23,2018-01-04,2.405,2.6974,2.9898,3.2823,3.5747,1.8398,2.1322,2.4246,2.717,3.0094,1.2746,1.567,1.8594,2.1518,2.4442,0.7094,1.0018,1.2942,1.5866,1.879,-1.562,-1.277,-0.9921,-0.7072,-0.4223
24,2018-01-05,1.9139,2.2392,2.5645,2.8898,3.2151,1.3124,1.6377,1.963,2.2883,2.6136,0.7109,1.0362,1.3615,1.6868,2.0121,0.1095,0.4348,0.7601,1.0854,1.4107,-1.9684,-1.6594,-1.3503,-1.0412,-0.7321
25,2018-01-08,1.3492,1.6949,2.0406,2.3863,2.7321,0.7268,1.0725,1.4182,1.7639,2.1097,0.1044,0.4501,0.7958,1.1416,1.4873,-0.518,-0.1723,0.1734,0.5192,0.8649,-2.4927,-2.1656,-1.8385,-1.5114,-1.1842
26,2018-01-09,1.1483,1.5139,1.8794,2.245,2.6105,0.5057,0.8712,1.2368,1.6024,1.9679,-0.137,0.2286,0.5942,0.9597,1.3253,-0.7796,-0.414,-0.0485,0.3171,0.6826,-2.7745,-2.4276,-2.0806,-1.7337,-1.3867
27,2018-01-10,1.087,1.4674,1.8477,2.2281,2.6084,0.4266,0.807,1.1873,1.5677,1.948,-0.2338,0.1465,0.5269,0.9072,1.2876,-0.8942,-0.5139,-0.1335,0.2468,0.6272,-2.8994,-2.5411,-2.1829,-1.8246,-1.4663
28,2018-01-11,0.8641,1.2587,1.6532,2.0478,2.4423,0.1868,0.5813,0.9759,1.3704,1.765,-0.4906,-0.096,0.2985,0.6931,1.0876,-1.1679,-0.7734,-0.3788,0.0157,0.4103,-3.146,-2.7749,-2.4038,-2.0327,-1.6616
29,2018-01-12,0.6601,1.0684,1.4767,1.885,2.2932,-0.0351,0.3732,0.7815,1.1897,1.598,-0.7303,-0.322,0.0863,0.4945,0.9028,-1.4255,-1.0172,-0.6089,-0.2007,0.2076,-3.4214,-3.0366,-2.6518,-2.2669,-1.8821
30,2018-01-15,-0.2113,0.2142,0.6397,1.0652,1.4907,-0.93,-0.5045,-0.079,0.3466,0.7721,-1.6486,-1.2231,-0.7976,-0.3721,0.0534,-2.3672,-1.9417,-1.5162,-1.0907,-0.6652,-4.1435,-3.7446,-3.3457,-2.9469,-2.548
31,2018-01-16,0.0496,0.4964,0.9432,1.39,1.8367,-0.7016,-0.2548,0.192,0.6388,1.0856,-1.4527,-1.006,-0.5592,-0.1124,0.3344,-2.2039,-1.7571,-1.3104,-0.8636,-0.4168,-4.0427,-3.6245,-3.2063,-2.788,-2.3698
32,2018-01-17,-0.5234,-0.0607,0.402,0.8647,1.3273,-1.2988,-0.8361,-0.3734,0.0892,0.5519,-2.0742,-1.6116,-1.1489,-0.6862,-0.2235,-2.8497,-2.387,-1.9243,-1.4616,-0.9989,-4.7127,-4.2786,-3.8445,-3.4103,-2.9762
33,2018-01-18,-0.3631,0.1233,0.6098,1.0962,1.5826,-1.1834,-0.697,-0.2105,0.2759,0.7624,-2.0037,-1.5172,-1.0308,-0.5443,-0.0579,-2.824,-2.3375,-1.8511,-1.3646,-0.8782,-4.8291,-4.3763,-3.9235,-3.4708,-3.018
34,2018-01-19,-1.7434,-1.2521,-0.7608,-0.2694,0.2219,-2.574,-2.0827,-1.5914,-1.1,-0.6087,-3.4046,-2.9133,-2.4219,-1.9306,-1.4393,-4.2352,-3.7439,-3.2525,-2.7612,-2.2699,-6.0784,-5.6211,-5.1638,-4.7065,-4.2492
35,2018-01-22,-1.8567,-1.364,-0.8714,-0.3787,0.114,-2.6911,-2.1984,-1.7057,-1.2131,-0.7204,-3.5255,-3.0328,-2.5401,-2.0474,-1.5548,-4.3598,-3.8672,-3.3745,-2.8818,-2.3891,-6.1509,-5.6925,-5.2342,-4.7758,-4.3175
36,2018-01-23,-1.9757,-1.483,-0.9903,-0.4976,-0.005,-2.8101,-2.3174,-1.8247,-1.332,-0.8393,-3.6444,-3.1518,-2.6591,-2.1664,-1.6737,-4.4788,-3.9861,-3.4935,-3.0008,-2.5081,-6.2098,-5.7515,-5.2931,-4.8347,-4.3764
37,2018-01-24,-1.9757,-1.483,-0.9903,-0.4976,-0.005,-2.8101,-2.3174,-1.8247,-1.332,-0.8393,-3.6444,-3.1518,-2.6591,-2.1664,-1.6737,-4.4788,-3.9861,-3.4935,-3.0008,-2.5081,-6.2098,-5.7515,-5.2931,-4.8347,-4.3764
38,2018-01-25,-4.21,-3.6682,-3.1265,-2.5847,-2.043,-5.0879,-4.5461,-4.0044,-3.4626,-2.9208,-5.9658,-5.424,-4.8823,-4.3405,-3.7987,-6.8437,-6.3019,-5.7602,-5.2184,-4.6766,-8.6182,-8.1108,-7.6033,-7.0959,-6.5884
39,2018-01-26,-1.7253,-1.1122,-0.4992,0.1139,0.7269,-2.684,-2.0709,-1.4579,-0.8449,-0.2318,-3.6427,-3.0297,-2.4166,-1.8036,-1.1905,-4.6014,-3.9884,-3.3753,-2.7623,-2.1493,-6.4568,-5.878,-5.2993,-4.7206,-4.1419
40,2018-01-29,-0.8412,-0.1431,0.5551,1.2532,1.9514,-1.8981,-1.1999,-0.5018,0.1964,0.8945,-2.9549,-2.2567,-1.5586,-0.8604,-0.1623,-4.0117,-3.3136,-2.6154,-1.9173,-1.2191,-5.6425,-4.9668,-4.2912,-3.6155,-2.9399
41,2018-01-30,-1.5954,-0.8619,-0.1284,0.6052,1.3387,-2.6859,-1.9523,-1.2188,-0.4853,0.2483,-3.7763,-3.0428,-2.3093,-1.5757,-0.8422,-4.8668,-4.1332,-3.3997,-2.6662,-1.9326,-6.9558,-6.2346,-5.5134,-4.7921,-4.0709
42,2018-01-31,-2.3172,-1.555,-0.7928,-0.0306,0.7316,-3.4332,-2.671,-1.9088,-1.1466,-0.3844,-4.5492,-3.787,-3.0248,-2.2626,-1.5004,-5.6652,-4.903,-4.1408,-3.3786,-2.6164,-7.7164,-6.969,-6.2216,-5.4743,-4.7269
43,2018-02-01,-2.5713,-1.7833,-0.9953,-0.2073,0.5807,-3.7135,-2.9255,-2.1374,-1.3494,-0.5614,-4.8556,-4.0676,-3.2796,-2.4916,-1.7036,-5.9977,-5.2097,-4.4217,-3.6337,-2.8457,-7.9532,-7.1859,-6.4185,-5.6511,-4.8837
44,2018-02-02,-3.2511,-2.434,-1.6169,-0.7998,0.0172,-4.4217,-3.6046,-2.7875,-1.9704,-1.1533,-5.5922,-4.7751,-3.9581,-3.141,-2.3239,-6.7628,-5.9457,-5.1286,-4.3115,-3.4944,-8.6705,-7.8763,-7.0821,-6.2879,-5.4937
45,2018-02-05,5.7731,6.6971,7.6212,8.5452,9.4692,4.4409,5.3649,6.289,7.213,8.137,3.1087,4.0327,4.9568,5.8808,6.8048,1.7765,2.7005,3.6246,4.5486,5.4726,-0.2929,0.6083,1.5094,2.4105,3.3117
46,2018-02-06,16.6838,17.7228,18.7618,19.8008,20.8398,15.1265,16.1655,17.2045,18.2435,19.2825,13.5692,14.6082,15.6472,16.6862,17.7252,12.0119,13.0509,14.0899,15.1289,16.1679,11.307,12.3278,13.3487,14.3695,15.3903
47,2018-02-07,36.9205,38.1444,39.3683,40.5922,41.8162,34.9533,36.1772,37.4012,38.6251,39.849,32.9862,34.2101,35.434,36.6579,37.8818,31.019,32.2429,33.4668,34.6907,35.9146,36.7123,37.9306,39.1489,40.3672,41.5855
48,2018-02-08,101.7764,103.1609,104.5455,105.93,107.3145,99.2555,100.64,102.0245,103.4091,104.7936,96.7345,98.1191,99.5036,100.8881,102.2727,94.2136,95.5982,96.9827,98.3672,99.7518,108.1624,109.535,110.9076,112.2801,113.6527
49,2018-02-09,95.0331,96.4703,97.9074,99.3446,100.7818,92.3774,93.8146,95.2518,96.689,98.1262,89.7218,91.159,92.5961,94.0333,95.4705,87.0661,88.5033,89.9405,91.3777,92.8149,99.1204,100.5524,101.9844,103.4164,104.8484
50,2018-02-12,91.7309,93.1926,94.6543,96.116,97.5777,89.0301,90.4919,91.9536,93.4153,94.877,86.3294,87.7912,89.2529,90.7146,92.1763,83.6287,85.0904,86.5522,88.0139,89.4756,94.7709,96.2314,97.6919,99.1525,100.613
51,2018-02-13,91.4836,92.9739,94.4643,95.9546,97.4449,88.7335,90.2238,91.7142,93.2045,94.6948,85.9834,87.4738,88.9641,90.4544,91.9447,83.2333,84.7237,86.214,87.7043,89.1947,94.4778,95.9643,97.4508,98.9372,100.4237
52,2018-02-14,88.2661,89.7653,91.2644,92.7635,94.2627,85.5004,86.9995,88.4986,89.9978,91.4969,82.7346,84.2337,85.7329,87.232,88.7312,79.9688,81.468,82.9671,84.4663,85.9654,91.4094,92.9041,94.3988,95.8935,97.3883
53,2018-02-22,87.8571,89.3595,90.8619,92.3643,93.8667,85.0847,86.5871,88.0895,89.5918,91.0942,82.3122,83.8146,85.317,86.8194,88.3218,79.5397,81.0421,82.5445,84.0469,85.5493,91.1209,92.618,94.1152,95.6123,97.1094
54,2018-02-23,87.6951,89.1983,90.7015,92.2047,93.7079,84.9207,86.4239,87.9271,89.4303,90.9335,82.1463,83.6495,85.1527,86.6559,88.1591,79.3718,80.875,82.3782,83.8814,85.3846,90.9741,92.4719,93.9697,95.4675,96.9653
55,2018-02-26,87.6951,89.1983,90.7015,92.2047,93.7079,84.9207,86.4239,87.9271,89.4303,90.9335,82.1463,83.6495,85.1527,86.6559,88.1591,79.3718,80.875,82.3782,83.8814,85.3846,90.9741,92.4719,93.9697,95.4675,96.9653
56,2018-02-27,87.3461,88.8493,90.3526,91.8558,93.3591,84.5701,86.0734,87.5766,89.0799,90.5831,81.7942,83.2974,84.8007,86.3039,87.8072,79.0183,80.5215,82.0247,83.528,85.0312,90.7833,92.2812,93.779,95.2768,96.7746
57,2018-02-28,87.3461,88.8493,90.3526,91.8558,93.3591,84.5701,86.0734,87.5766,89.0799,90.5831,81.7942,83.2974,84.8007,86.3039,87.8072,79.0183,80.5215,82.0247,83.528,85.0312,90.7833,92.2812,93.779,95.2768,96.7746
58,2018-03-01,87.4352,88.9441,90.4529,91.9618,93.4706,84.651,86.1598,87.6687,89.1775,90.6863,81.8667,83.3756,84.8844,86.3933,87.9021,79.0825,80.5913,82.1002,83.609,85.1178,90.8392,92.3427,93.8461,95.3495,96.8529
59,2018-03-02,87.3725,88.8839,90.3954,91.9068,93.4182,84.5847,86.0961,87.6076,89.119,90.6304,81.7969,83.3083,84.8197,86.3312,87.8426,79.0091,80.5205,82.0319,83.5433,85.0548,90.7581,92.2642,93.7703,95.2764,96.7825
60,2018-03-05,87.3725,88.8839,90.3954,91.9068,93.4182,84.5847,86.0961,87.6076,89.119,90.6304,81.7969,83.3083,84.8197,86.3312,87.8426,79.0091,80.5205,82.0319,83.5433,85.0548,90.7581,92.2642,93.7703,95.2764,96.7825
61,2018-03-06,87.3725,88.8839,90.3954,91.9068,93.4182,84.5847,86.0961,87.6076,89.119,90.6304,81.7969,83.3083,84.8197,86.3312,87.8426,79.0091,80.5205,82.0319,83.5433,85.0548,90.7581,92.2642,93.7703,95.2764,96.7825
62,2018-03-07,87.3609,88.8727,90.3844,91.8961,93.4078,84.5728,86.0845,87.5962,89.1079,90.6196,81.7846,83.2963,84.808,86.3197,87.8314,78.9964,80.5081,82.0198,83.5315,85.0432,90.746,92.2524,93.7588,95.2652,96.7715
63,2018-03-08,87.284,88.7988,90.3136,91.8284,93.3432,84.4918,86.0066,87.5214,89.0362,90.551,81.6996,83.2143,84.7291,86.2439,87.7587,78.9073,80.4221,81.9369,83.4517,84.9665,90.6529,92.1624,93.6719,95.1813,96.6908
64,2018-03-09,87.284,88.7988,90.3136,91.8284,93.3432,84.4918,86.0066,87.5214,89.0362,90.551,81.6996,83.2143,84.7291,86.2439,87.7587,78.9073,80.4221,81.9369,83.4517,84.9665,90.6529,92.1624,93.6719,95.1813,96.6908
65,2018-03-12,87.7006,89.2276,90.7546,92.2816,93.8086,84.8883,86.4153,87.9424,89.4694,90.9964,82.0761,83.6031,85.1301,86.6571,88.1841,79.2638,80.7908,82.3178,83.8449,85.3719,90.9894,92.5111,94.0328,95.5545,97.0762
66,2018-03-13,87.5371,89.0767,90.6163,92.1559,93.6956,84.7037,86.2433,87.7829,89.3226,90.8622,81.8703,83.4099,84.9495,86.4892,88.0288,79.0369,80.5765,82.1161,83.6558,85.1954,90.7413,92.2756,93.8099,95.3442,96.8785
67,2018-03-14,87.3751,88.9183,90.4615,92.0047,93.548,84.5367,86.0799,87.6231,89.1663,90.7095,81.6983,83.2415,84.7847,86.3279,87.8711,78.8598,80.403,81.9462,83.4895,85.0327,90.5105,92.049,93.5875,95.126,96.6645
68,2018-03-15,87.6617,89.2169,90.7721,92.3272,93.8824,84.8023,86.3575,87.9127,89.4678,91.023,81.943,83.4981,85.0533,86.6084,88.1636,79.0836,80.6387,82.1939,83.749,85.3042,90.6983,92.2479,93.7976,95.3472,96.8968
69,2018-03-16,87.5833,89.1413,90.6994,92.2575,93.8156,84.7191,86.2772,87.8353,89.3934,90.9515,81.855,83.4131,84.9712,86.5293,88.0874,78.9909,80.549,82.1071,83.6652,85.2232,90.5771,92.1299,93.6827,95.2355,96.7882
70,2018-03-19,87.2991,88.868,90.4369,92.0057,93.5746,84.4152,85.9841,87.5529,89.1218,90.6907,81.5313,83.1002,84.669,86.2379,87.8068,78.6474,80.2163,81.7851,83.354,84.9229,90.2337,91.797,93.3604,94.9237,96.487
71,2018-03-20,87.2539,88.834,90.4141,91.9942,93.5744,84.347,85.9271,87.5072,89.0873,90.6674,81.44,83.0201,84.6002,86.1803,87.7604,78.533,80.1131,81.6932,83.2733,84.8535,90.0278,91.6016,93.1754,94.7492,96.323
72,2018-03-21,86.961,88.5501,90.1391,91.7282,93.3172,84.034,85.623,87.2121,88.8011,90.3902,81.107,82.696,84.2851,85.8741,87.4631,78.1799,79.769,81.358,82.9471,84.5361,89.6546,91.2374,92.8201,94.4029,95.9856
73,2018-03-22,88.8873,90.4836,92.0799,93.6762,95.2725,85.9252,87.5215,89.1178,90.7141,92.3105,82.9631,84.5594,86.1557,87.752,89.3484,80.001,81.5973,83.1936,84.79,86.3863,91.8105,93.4007,94.9909,96.5812,98.1714
74,2018-03-23,88.5568,90.1547,91.7527,93.3506,94.9485,85.5853,87.1833,88.7812,90.3791,91.977,82.6138,84.2118,85.8097,87.4076,89.0055,79.6424,81.2403,82.8382,84.4361,86.034,91.4066,92.9988,94.5909,96.1831,97.7753
75,2018-03-26,88.5353,90.1333,91.7313,93.3293,94.9272,85.5634,87.1613,88.7593,90.3573,91.9553,82.5914,84.1894,85.7874,87.3854,88.9834,79.6195,81.2175,82.8155,84.4134,86.0114,91.3695,92.9618,94.5541,96.1464,97.7387
76,2018-03-27,88.4224,90.0204,91.6183,93.2163,94.8143,85.4504,87.0484,88.6464,90.2444,91.8424,82.4785,84.0765,85.6745,87.2724,88.8704,79.5065,81.1045,82.7025,84.3005,85.8985,91.2778,92.8701,94.4624,96.0547,97.6471
77,2018-03-28,88.4224,90.0204,91.6183,93.2163,94.8143,85.4504,87.0484,88.6464,90.2444,91.8424,82.4785,84.0765,85.6745,87.2724,88.8704,79.5065,81.1045,82.7025,84.3005,85.8985,91.2778,92.8701,94.4624,96.0547,97.6471
78,2018-03-29,88.4677,90.0718,91.6759,93.2799,94.884,85.486,87.0901,88.6942,90.2983,91.9023,82.5044,84.1084,85.7125,87.3166,88.9207,79.5227,81.1268,82.7308,84.3349,85.939,91.2842,92.8826,94.481,96.0794,97.6778
79,2018-03-30,88.5223,90.1333,91.7443,93.3552,94.9662,85.5283,87.1393,88.7502,90.3612,91.9722,82.5343,84.1452,85.7562,87.3672,88.9781,79.5402,81.1512,82.7622,84.3731,85.9841,91.2894,92.8947,94.5,96.1053,97.7106
80,2018-04-02,88.4793,90.0962,91.7131,93.33,94.9469,85.4755,87.0924,88.7092,90.3261,91.943,82.4716,84.0885,85.7054,87.3223,88.9391,79.4677,81.0846,82.7015,84.3184,85.9353,91.2149,92.8266,94.4382,96.0499,97.6615
81,2018-04-03,88.4296,90.052,91.6744,93.2969,94.9193,85.4166,87.039,88.6614,90.2838,91.9063,82.4035,84.026,85.6484,87.2708,88.8932,79.3905,81.0129,82.6354,84.2578,85.8802,91.123,92.7404,94.3578,95.9752,97.5926
82,2018-04-04,88.217,89.8437,91.4703,93.0969,94.7236,85.1971,86.8237,88.4504,90.077,91.7037,82.1772,83.8038,85.4305,87.0571,88.6838,79.1573,80.7839,82.4106,84.0372,85.6638,90.8829,92.5045,94.1261,95.7477,97.3693
83,2018-04-09,87.9073,89.5363,91.1653,92.7942,94.4232,84.8844,86.5133,88.1423,89.7713,91.4002,81.8614,83.4904,85.1193,86.7483,88.3772,78.8384,80.4674,82.0963,83.7253,85.3543,90.561,92.1849,93.8088,95.4327,97.0567
84,2018-04-10,87.8967,89.5368,91.177,92.8171,94.4573,84.8543,86.4945,88.1347,89.7748,91.415,81.812,83.4522,85.0924,86.7325,88.3727,78.7697,80.4099,82.0501,83.6902,85.3304,90.51,92.143,93.7759,95.4088,97.0417
85,2018-04-11,88.2869,89.9405,91.5942,93.2478,94.9015,85.2165,86.8702,88.5238,90.1775,91.8311,82.1462,83.7999,85.4535,87.1072,88.7608,79.0759,80.7296,82.3832,84.0369,85.6905,90.7201,92.3653,94.0105,95.6557,97.301
86,2018-04-12,88.3644,90.0226,91.6808,93.339,94.9972,85.2842,86.9424,88.6006,90.2588,91.917,82.2041,83.8623,85.5205,87.1786,88.8368,79.1239,80.7821,82.4403,84.0985,85.7567,90.7798,92.43,94.0802,95.7304,97.3806
87,2018-04-13,88.7398,90.4029,92.066,93.7291,95.3923,85.6445,87.3076,88.9707,90.6338,92.2969,82.5491,84.2122,85.8753,87.5385,89.2016,79.4538,81.1169,82.78,84.4431,86.1062,91.1415,92.7967,94.452,96.1072,97.7624
88,2018-04-16,88.8343,90.5,92.1656,93.8313,95.4969,85.7309,87.3966,89.0622,90.7279,92.3935,82.6276,84.2932,85.9589,87.6245,89.2901,79.5242,81.1898,82.8555,84.5211,86.1868,91.2318,92.8898,94.5477,96.2057,97.8636
89,2018-04-17,88.697,90.364,92.031,93.698,95.365,85.5901,87.2571,88.9241,90.5912,92.2582,82.4833,84.1503,85.8173,87.4843,89.1513,79.3764,81.0434,82.7104,84.3775,86.0445,91.0387,92.6984,94.3581,96.0178,97.6775
90,2018-04-18,88.6185,90.2859,91.9532,93.6206,95.288,85.511,87.1783,88.8457,90.5131,92.1804,82.4034,84.0708,85.7382,87.4055,89.0729,79.2959,80.9633,82.6307,84.298,85.9654,90.9428,92.6029,94.2631,95.9233,97.5834
91,2018-04-19,88.6042,90.2717,91.9393,93.6068,95.2744,85.4961,87.1637,88.8312,90.4988,92.1663,82.3881,84.0556,85.7232,87.3907,89.0583,79.28,80.9476,82.6151,84.2826,85.9502,90.9326,92.5929,94.2532,95.9135,97.5737
92,2018-04-23,88.5951,90.2627,91.9302,93.5978,95.2653,85.4871,87.1546,88.8222,90.4897,92.1573,82.379,84.0466,85.7141,87.3816,89.0492,79.2709,80.9385,82.606,84.2736,85.9411,90.9254,92.5857,94.2459,95.9062,97.5665
93,2018-04-24,88.5024,90.1699,91.8375,93.505,95.1725,85.3943,87.0618,88.7294,90.3969,92.0645,82.2862,83.9538,85.6213,87.2889,88.9564,79.1782,80.8457,82.5133,84.1808,85.8484,90.8812,92.5415,94.2017,95.862,97.5223
94,2018-04-25,88.5024,90.1699,91.8375,93.505,95.1725,85.3943,87.0618,88.7294,90.3969,92.0645,82.2862,83.9538,85.6213,87.2889,88.9564,79.1782,80.8457,82.5133,84.1808,85.8484,90.8812,92.5415,94.2017,95.862,97.5223
95,2018-04-26,88.5024,90.1699,91.8375,93.505,95.1725,85.3943,87.0618,88.7294,90.3969,92.0645,82.2862,83.9538,85.6213,87.2889,88.9564,79.1782,80.8457,82.5133,84.1808,85.8484,90.8812,92.5415,94.2017,95.862,97.5223
96,2018-04-27,88.5024,90.1699,91.8375,93.505,95.1725,85.3943,87.0618,88.7294,90.3969,92.0645,82.2862,83.9538,85.6213,87.2889,88.9564,79.1782,80.8457,82.5133,84.1808,85.8484,90.8812,92.5415,94.2017,95.862,97.5223
97,2018-05-02,88.5024,90.1699,91.8375,93.505,95.1725,85.3943,87.0618,88.7294,90.3969,92.0645,82.2862,83.9538,85.6213,87.2889,88.9564,79.1782,80.8457,82.5133,84.1808,85.8484,90.8812,92.5415,94.2017,95.862,97.5223
98,2018-05-03,88.5024,90.1699,91.8375,93.505,95.1725,85.3943,87.0618,88.7294,90.3969,92.0645,82.2862,83.9538,85.6213,87.2889,88.9564,79.1782,80.8457,82.5133,84.1808,85.8484,90.8812,92.5415,94.2017,95.862,97.5223
99,2018-05-04,88.5024,90.1699,91.8375,93.505,95.1725,85.3943,87.0618,88.7294,90.3969,92.0645,82.2862,83.9538,85.6213,87.2889,88.9564,79.1782,80.8457,82.5133,84.1808,85.8484,90.8812,92.5415,94.2017,95.862,97.5223
100,2018-05-07,88.5024,90.1699,91.8375,93.505,95.1725,85.3943,87.0618,88.7294,90.3969,92.0645,82.2862,83.9538,85.6213,87.2889,88.9564,79.1782,80.8457,82.5133,84.1808,85.8484,90.8812,92.5415,94.2017,95.862,97.5223
101,2018-05-08,88.3244,89.9998,91.6752,93.3506,95.026,85.2024,86.8778,88.5532,90.2287,91.9041,82.0804,83.7559,85.4313,87.1067,88.7821,78.9585,80.6339,82.3093,83.9847,85.6602,90.68,92.3465,94.013,95.6795,97.346
102,2018-05-09,88.1241,89.8031,91.4821,93.1612,94.8402,84.9961,86.6751,88.3541,90.0332,91.7122,81.8681,83.5471,85.2261,86.9052,88.5842,78.7401,80.4191,82.0982,83.7772,85.4562,90.4755,92.1453,93.8151,95.4849,97.1547
