,date,timestamp,spot_price,id,OptionPrice,BidPrice,AskPrice,Sigma,BidSigma,AskSigma,Delta,Vega,Gamma,Theta,Rho,RhoB,Risk_free_rate,Borrow_rate,time2expiry,Delta_time_decay,Delta_time,strike,Z,type,expiry,etf_price
0,2017-01-03,2017-01-03 14:56:00,2.3088,10000826,0.0052624,0.0052,0.0053,0.164653,0.16408,0.164996,-0.113643,0.00109263,2.05597,-0.149374,-0.1927,-0.163641,0.04,0.0439111,0.0605499,-0.148974,-1.49803,2.2,-0.780817,0,20170125,2.3075
1,2017-01-04,2017-01-04 14:56:04,2.3241,10000826,0.00336004,0.0034,0.0035,0.162143,0.16262100000000002,0.16380799999999998,-0.0806051,0.0008323919999999999,1.65345,-0.121313,-0.168823,-0.145202,0.04,0.0616061,0.0574816,-0.121353,-1.78164,2.2,-0.894812,0,20170125,2.3235
2,2017-01-05,2017-01-05 14:56:06,2.3225,10000826,0.0029366,0.0029,0.0031,0.15948099999999998,0.159001,0.161591,-0.0747762,0.0007643639999999999,1.63357,-0.116238,-0.161703,-0.139714,0.04,0.0647505,0.0543928,-0.11739,-1.92514,2.2,-0.906269,0,20170125,2.3225
3,2017-01-06,2017-01-06 14:56:03,2.3153,10000826,0.00293135,0.003,0.0031,0.15768,0.158577,0.159867,-0.07750900000000001,0.000760623,1.75397,-0.120229,-0.159532,-0.138152,0.04,0.0592881,0.051304599999999985,-0.120873,-2.02623,2.2,-0.8846129999999999,0,20170125,2.3135
4,2017-01-09,2017-01-09 14:56:18,2.3234,10000826,0.00138655,0.0014,0.0015,0.14991600000000002,0.150203,0.152293,-0.0453056,0.000466825,1.29613,-0.0823716,-0.130578,-0.114991,0.04,0.0761177,0.0445051,-0.0879684,-2.51617,2.2,-1.00429,0,20170125,2.3195
5,2017-01-10,2017-01-10 14:56:01,2.3176,10000826,0.00149015,0.0015,0.0017,0.149149,0.149351,0.153309,-0.0500701,0.000486572,1.46641,-0.095091,-0.129727,-0.114481,0.04,0.105002,0.041418300000000005,-0.0963234,-2.85116,2.2,-0.970592,0,20170125,2.3135
6,2017-01-11,2017-01-11 14:56:03,2.3095,10000826,0.00167945,0.0017,0.0019,0.15109,0.15148699999999998,0.155224,-0.0569141,0.000516321,1.67153,-0.109565,-0.12725899999999998,-0.112627,0.04,0.0998681,0.0383296,-0.104476,-3.07099,2.2,-0.945531,0,20170125,2.3035
7,2017-01-12,2017-01-12 14:56:15,2.3008,10000826,0.00194935,0.0019,0.002,0.152246,0.151357,0.153146,-0.0667843,0.0005587740000000001,1.96743,-0.13104100000000002,-0.126319,-0.11203699999999997,0.04,0.107791,0.0352398,-0.116704,-3.38403,2.2,-0.903685,0,20170125,2.2965
8,2017-01-13,2017-01-13 14:56:10,2.3147,10000826,0.00118989,0.0011,0.0013,0.15692,0.154544,0.159698,-0.0440999,0.000386714,1.43059,-0.10482,-0.102299,-0.0919696,0.04,0.142841,0.0321517,-0.0986253,-3.88987,2.2,-1.05998,0,20170125,2.3095
9,2017-01-16,2017-01-16 14:56:16,2.3323,10000826,0.00104046,0.001,0.0011,0.198541,0.197121,0.200574,-0.035205300000000016,0.000288192,1.05252,-0.118436,-0.0565918,-0.0522047,0.04,0.108642,0.0253532,-0.0737547,-4.0271,2.2,-1.4233,0,20170125,2.3365
10,2017-01-17,2017-01-17 14:56:08,2.3368,10000826,0.000556917,0.0005,0.0006,0.193486,0.190267,0.19579,-0.0219877,0.000182825,0.777157,-0.0854797,-0.043788,-0.040745599999999986,0.04,0.158046,0.0222655,-0.0599493,-4.29505,2.2,-1.54666,0,20170125,2.3305
11,2017-01-18,2017-01-18 14:56:05,2.354,10000754,0.000711022,0.0005,0.0007,0.16272899999999998,0.153173,0.162276,-0.033744,0.00024422,1.41226,-0.121347,-0.0683327,-0.0631567,0.04,0.263575,0.0191773,-0.0902603,-6.973789999999998,2.25,-1.18132,0,20170125,2.3445
12,2017-01-19,2017-01-19 14:56:05,2.3422,10000754,0.00056506,0.0003,0.0006,0.161851,0.146181,0.163545,-0.030101,0.000202624,1.41843,-0.109838,-0.0600066,-0.05586569999999999,0.04,0.152649,0.0160888,-0.085424,-7.50731,2.25,-1.2093200000000002,0,20170125,2.3365
13,2017-01-20,2017-01-20 14:56:02,2.3576,10000754,0.000390452,0.0002,0.0004,0.189116,0.171727,0.189824,-0.0206716,0.000133779,0.978937,-0.108486,-0.0340971,-0.032242900000000005,0.04,0.269809,0.0130005,-0.0730886,-7.900239999999998,2.25,-1.53398,0,20170125,2.3495
14,2017-01-23,2017-01-23 14:56:01,2.3565,10000782,0.00045271,0.0005,0.0007,0.151233,0.15412,0.164896,-0.0397926,0.000159148,3.05512,-0.246586,-0.0439026,-0.0418175,0.04,0.600874,0.00620274,-0.0948262,-25.12,2.3,-1.05586,0,20170125,2.3475
15,2017-01-24,2017-01-24 14:56:06,2.3588,10000782,3.60877e-05,0.0001,0.0002,0.158822,0.179855,0.198639,-0.00540597,2.03947e-05,0.741229,-0.0630887,-0.0144129,-0.0140302,0.04,0.908546,0.00311366,-0.0552071,-34.2181,2.3,-1.61573,0,20170125,2.3535
16,2017-01-25,2017-01-25 14:56:08,2.3681,10000782,0.0,0.0,0.0001,0.220381,0.0,1.0,-0.0,2.932249999999999e-104,9.487369999999996e-98,-1.2920099999999993e-98,0.0,0.0,0.04,224.9,2.49007e-05,-0.0852175,-3407.6,2.3,-18.8414,0,20170125,2.3585
17,2017-01-26,2017-01-26 14:56:15,2.3763,10000837,0.0019298,0.0019,0.002,0.129825,0.129395,0.130827,-0.0558782,0.0006942439999999999,1.40557,-0.0700847,-0.203765,-0.172189,0.03,0.0545143,0.0673745,-0.105641,-1.41704,2.25,-0.816174,0,20170222,2.3665
18,2017-02-03,2017-02-03 14:56:02,2.3507,10000836,0.00108018,0.001,0.0012,0.155719,0.153615,0.158699,-0.0327914,0.000389702,0.8827510000000001,-0.062098,-0.122692,-0.107998,0.03,0.068784,0.0513047,-0.07825189999999999,-2.12418,2.2,-1.13491,0,20170222,2.3405
19,2017-02-06,2017-02-06 14:56:08,2.3513,10000837,0.00150846,0.0013,0.0014,0.127585,0.123681,0.125593,-0.0554813,0.000555254,1.7687099999999998,-0.08405030000000001,-0.161302,-0.14016900000000002,0.035,0.06962180000000001,0.0445061,-0.0960514,-2.39258,2.25,-0.805769,0,20170222,2.3425
20,2017-02-07,2017-02-07 14:56:11,2.3443,10000836,0.0007081110000000001,0.0007,0.0008,0.155373,0.155083,0.158548,-0.0249967,0.000278657,0.787926,-0.0552149,-0.0994749,-0.0889544,0.03,0.0806552,0.0414173,-0.06839780000000001,-2.67552,2.2,-1.2074200000000002,0,20170222,2.3355
21,2017-02-08,2017-02-08 14:56:11,2.3538,10000837,0.000888474,0.0007,0.0008,0.12565,0.120348,0.123253,-0.0379542,0.000380284,1.42521,-0.06644069999999999,-0.137934,-0.121617,0.03,0.07628099999999999,0.0383287,-0.0840578,-2.97698,2.25,-0.885228,0,20170222,2.3465
22,2017-02-09,2017-02-09 14:56:10,2.3616,10000837,0.000833089,0.0008,0.0009,0.137107,0.136115,0.139046,-0.0343826,0.000337411,1.25212,-0.0700647,-0.118661,-0.10578,0.03,0.08483589999999999,0.0352403,-0.08372360000000001,-3.34471,2.25,-0.99032,0,20170222,2.3545
23,2017-02-10,2017-02-10 14:56:03,2.3725,10000837,0.000665042,0.0006,0.0007,0.146635,0.144149,0.147912,-0.0275782,0.00026972,1.01636,-0.0675559,-0.0982977,-0.0886205,0.03,0.1228,0.0321525,-0.0807793,-3.79519,2.25,-1.11605,0,20170222,2.3655
24,2017-02-13,2017-02-13 14:56:16,2.3814,10000837,0.000477682,0.0005,0.0006,0.16504000000000002,0.166212,0.171099,-0.0205278,0.000187572,0.790463,-0.06771369999999999,-0.06515180000000001,-0.05991990000000001,0.03,0.166588,0.0253532,-0.0638634,-4.5271,2.25,-1.33885,0,20170222,2.3755
25,2017-02-14,2017-02-14 14:56:10,2.3775,10000837,0.000331177,0.0003,0.0004,0.164224,0.161931,0.168827,-0.015798799999999998,0.000140401,0.679301,-0.0564597,-0.0554765,-0.0513894,0.03,0.154904,0.0222653,-0.0589329,-4.880330000000002,2.25,-1.4030200000000002,0,20170222,2.3695
26,2017-02-15,2017-02-15 14:56:01,2.3763,10000837,0.000280513,0.0003,0.0004,0.171129,0.172748,0.180123,-0.014041299999999998,0.000117681,0.6350100000000001,-0.057511,-0.0447311,-0.0417681,0.03,0.180282,0.0191777,-0.057392999999999986,-5.34906,2.25,-1.49425,0,20170222,2.3705
27,2017-02-16,2017-02-16 14:56:11,2.3773,10000838,0.000425104,0.0002,0.0003,0.12917,0.114863,0.122061,-0.028245,0.000195068,1.66093,-0.0864779,-0.0792097,-0.073128,0.03,0.15185,0.0160881,-0.08735989999999999,-8.02258,2.3,-0.980643,0,20170222,2.3715
28,2017-02-17,2017-02-17 14:56:04,2.3667,10000838,0.000409514,0.0003,0.0004,0.127575,0.121126,0.12706099999999998,-0.030483,0.000185999,2.00218,-0.0992949,-0.07256169999999999,-0.0674375,0.03,0.141506,0.0130003,-0.0955427,-9.80622,2.3,-0.952047,0,20170222,2.3635
29,2017-02-20,2017-02-20 14:56:07,2.3974,10000839,0.000737155,0.0007,0.0008,0.146817,0.145169,0.14951,-0.0612424,0.000228426,4.36457,-0.322252,-0.052243499999999984,-0.049564599999999986,0.03,0.383565,0.0062021,-0.11223,-23.28,2.35,-0.902892,0,20170222,2.394
30,2017-02-21,2017-02-21 14:56:04,2.3921,10000837,0.00054656,0.0,0.0001,0.548512,0.0,0.439406,-0.0201088,6.493e-05,0.664331,-0.55492,-2.40248e-06,-2.37429e-06,0.348082,0.0,0.00311388,-0.0201293,-0.0141106,2.25,-4.46752,0,20170222,2.3925
31,2017-02-22,2017-02-22 14:56:15,2.3941,10000839,0.0,0.0,0.0001,0.37701,0.0,1.0,-0.0,1.7301e-26,3.31534e-20,-1.35048e-20,0.0,0.0,0.03,7.7796699999999985,2.41494e-05,-2.96199e-11,-1.22653e-06,2.35,-14.981,0,20170222,2.3935
32,2017-02-23,2017-02-23 14:56:05,2.3857,10000680,0.00156293,0.0013,0.0015,0.129769,0.125237,0.128726,-0.0447371,0.000610172,1.1233,-0.0529816,-0.204107,-0.172156,0.03,0.0224709,0.073545,-0.07968639999999999,-1.18395,2.25,-0.8719450000000001,0,20170322,2.3865
33,2017-02-24,2017-02-24 14:56:11,2.3856,10000680,0.00156921,0.0014,0.0016,0.13285,0.12993,0.13336199999999998,-0.0448167,0.000598076,1.12275,-0.0552961,-0.195221,-0.165468,0.03,0.0202478,0.0704558,-0.081191,-1.26371,2.25,-0.8922329999999999,0,20170322,2.3855
34,2017-02-27,2017-02-27 14:56:10,2.3683,10000680,0.00219978,0.002,0.0022,0.133751,0.130968,0.13375399999999998,-0.0626082,0.000735537,1.54021,-0.0774502,-0.19798,-0.16793,0.03,0.0316515,0.063658,-0.0973214,-1.4262,2.25,-0.810716,0,20170322,2.3675
35,2017-02-28,2017-02-28 14:56:07,2.3675,10000680,0.0017750999999999995,0.0017,0.0018,0.13178299999999998,0.130593,0.132172,-0.0539642,0.000638342,1.42678,-0.06793339999999999,-0.1876,-0.160065,0.03,0.0186041,0.0605698,-0.08927660000000001,-1.49596,2.25,-0.838563,0,20170322,2.3675
36,2017-03-01,2017-03-01 14:56:02,2.3684,10000680,0.00182684,0.0016,0.0018,0.135894,0.132178,0.135468,-0.0550707,0.000632107,1.44261,-0.0741862,-0.178579,-0.153177,0.03,0.0263339,0.0574818,-0.0928997,-1.65403,2.25,-0.8591340000000001,0,20170322,2.3675
37,2017-03-02,2017-03-02 14:56:00,2.3522,10000680,0.00228403,0.0021,0.0022,0.13126600000000002,0.128734,0.130123,-0.07069910000000001,0.0007419680000000001,1.87818,-0.0891301,-0.187816,-0.160499,0.03,0.0280152,0.0543934,-0.10776199999999997,-1.67432,2.25,-0.763709,0,20170322,2.3525
38,2017-03-03,2017-03-03 14:56:06,2.3408,10000680,0.00236391,0.0021,0.0022,0.12579300000000002,0.122271,0.123629,-0.07771289999999999,0.000770905,2.18003,-0.0926898,-0.189823,-0.162126,0.03,0.020390900000000003,0.0513043,-0.113612,-1.67744,2.25,-0.707368,0,20170322,2.3425
39,2017-03-06,2017-03-06 14:56:07,2.3459,10000680,0.00153521,0.0014,0.0015,0.127573,0.125108,0.126943,-0.0564571,0.000561924,1.79837,-0.0788451,-0.161877,-0.140629,0.03,0.0175885,0.044506300000000006,-0.0929467,-2.15194,2.25,-0.801864,0,20170322,2.3485
40,2017-03-07,2017-03-07 14:56:00,2.3509,10000680,0.00133737,0.0013,0.0014,0.13234400000000002,0.131581,0.133597,-0.050023000000000005,0.000493508,1.62903,-0.0786625,-0.147142,-0.128955,0.03,0.028788900000000006,0.0414185,-0.0902659,-2.48067,2.25,-0.863192,0,20170322,2.3525
41,2017-03-08,2017-03-08 14:56:17,2.3556,10000680,0.000920167,0.0008,0.0009,0.131138,0.127832,0.130601,-0.0376691,0.000378322,1.35648,-0.0659826,-0.13274,-0.117336,0.03,0.0445328,0.0383281,-0.0817372,-2.84567,2.25,-0.925718,0,20170322,2.3555
42,2017-03-09,2017-03-09 14:56:04,2.3399,10000680,0.00116436,0.0009,0.001,0.12567,0.119418,0.12189,-0.0500157,0.000452988,1.86815,-0.082975,-0.13935699999999998,-0.122954,0.03,0.049155800000000006,0.0352409,-0.0949049,-3.04277,2.25,-0.820407,0,20170322,2.3425
43,2017-03-10,2017-03-10 14:56:16,2.3369,10000828,0.000485159,0.0004,0.0005,0.161649,0.157069,0.162393,-0.0193896,0.000197559,0.69606,-0.0509356,-0.0739533,-0.06730760000000001,0.03,0.0583802,0.032151099999999995,-0.0646544,-3.22936,2.2,-1.32633,0,20170322,2.3365
44,2017-03-13,2017-03-13 14:56:16,2.3552,10000680,0.000500269,0.0005,0.0006,0.14440899999999998,0.144397,0.148806,-0.0243375,0.000214244,1.05494,-0.0624542,-0.084531,-0.07709980000000001,0.03,0.0553612,0.0253532,-0.06727419999999999,-4.48548,2.25,-1.13178,0,20170322,2.3535
45,2017-03-14,2017-03-14 14:56:04,2.3528,10000680,0.00056341,0.0004,0.0005,0.153172,0.144954,0.150187,-0.0271952,0.000220093,1.16577,-0.0785169,-0.0751033,-0.0689865,0.03,0.0742378,0.022266,-0.07294260000000001,-5.1757,2.25,-1.1712,0,20170322,2.3495
46,2017-03-15,2017-03-15 14:56:12,2.3527,10000680,0.000573491,0.0005,0.0007,0.166028,0.162313,0.171801,-0.0274806,0.000206041,1.16914,-0.0918281,-0.06147130000000001,-0.056988,0.03,0.0710101,0.0191765,-0.0743495,-5.78397,2.25,-1.26653,0,20170322,2.3545
47,2017-03-16,2017-03-16 14:56:03,2.3723,10000680,0.00031664400000000004,0.0002,0.0003,0.192077,0.180434,0.190615,-0.0152907,0.000115834,0.666025,-0.070376,-0.031678700000000004,-0.0298627,0.03,0.0642418,0.016089,-0.052841699999999985,-5.09543,2.25,-1.6517700000000002,0,20170322,2.3675
48,2017-03-17,2017-03-17 14:56:16,2.3453,10000792,0.0007975360000000001,0.0009,0.001,0.105937,0.108893,0.111618,-0.0642909,0.000336045,4.43646,-0.15119200000000002,-0.0938451,-0.0860517,0.03,0.12473800000000003,0.012999,-0.121302,-8.5946,2.3,-0.64107,0,20170322,2.3435
49,2017-03-20,2017-03-20 14:56:10,2.3487,10000792,0.000440862,0.0003,0.0004,0.148544,0.138632,0.14588800000000002,-0.0396323,0.000158178,3.11258,-0.196853,-0.0446905,-0.0425507,0.03,0.109869,0.00620178,-0.08294460000000001,-19.7795,2.3,-1.03909,0,20170322,2.3455
50,2017-03-21,2017-03-21 14:56:08,2.3561,10000792,4.9661899999999986e-05,0.0001,0.0002,0.158013,0.172649,0.190865,-0.00727131,2.64848e-05,0.96975,-0.08151560000000001,-0.0162222,-0.0157779,0.03,0.865389,0.00311345,-0.060699,-36.7126,2.3,-1.54106,0,20170322,2.3515
51,2017-03-22,2017-03-22 14:56:07,2.3377,10000792,0.0,0.0,0.0001,0.15578499999999998,0.0,1.0,-0.0,1.2192399999999993e-99,5.726739999999997e-93,-3.7975599999999987e-94,0.0,0.0,0.03,0.02,2.5008e-05,-7.450219999999999e-10,-2.97913e-05,2.3,-13.0048,0,20170322,2.3355
52,2017-03-23,2017-03-23 14:56:03,2.3455,10000868,0.00258178,0.0024,0.0026,0.0975063,0.0957652,0.0976776,-0.0815847,0.00106214,2.19448,-0.0598889,-0.299894,-0.240302,0.025,0.0383956,0.0902295,-0.104164,-0.576853,2.25,-0.5374439999999999,0,20170426,2.3445
53,2017-03-24,2017-03-24 14:56:15,2.3709,10000868,0.00127888,0.0014,0.0015,0.101301,0.103128,0.104572,-0.0435957,0.000646171,1.30224,-0.0395366,-0.26458000000000004,-0.21628000000000006,0.025,0.044442,0.08713969999999999,-0.0761551,-0.8477610000000001,2.25,-0.686263,0,20170426,2.3645
54,2017-03-27,2017-03-27 14:56:16,2.3655,10000868,0.00183598,0.0019,0.0021,0.110823,0.111649,0.11414,-0.05713330000000001,0.0007681010000000001,1.5417,-0.054595000000000005,-0.25069,-0.206496,0.025,0.0373203,0.08034169999999999,-0.08922419999999999,-0.944906,2.25,-0.6924680000000001,0,20170426,2.3615
55,2017-03-28,2017-03-28 14:56:03,2.3591,10000868,0.00188404,0.0018,0.0019,0.109041,0.107957,0.109244,-0.060387,0.000784565,1.67349,-0.05684880000000001,-0.249129,-0.205411,0.025,0.0357198,0.07725449999999999,-0.0925587,-0.968193,2.25,-0.669506,0,20170426,2.3535
56,2017-03-29,2017-03-29 14:56:06,2.3583,10000868,0.00182835,0.0017,0.0019,0.108381,0.106675,0.109306,-0.0602319,0.000766788,1.71523,-0.05917140000000001,-0.243719,-0.201567,0.025,0.0474608,0.07416569999999999,-0.0952066,-1.07636,2.25,-0.666021,0,20170426,2.3515
57,2017-03-30,2017-03-30 14:56:02,2.3515,10000868,0.00163064,0.0018,0.0019,0.10356300000000003,0.105833,0.107122,-0.058010800000000015,0.000726855,1.78574,-0.0551188,-0.241301,-0.199843,0.025,0.0411764,0.0710776,-0.0925416,-1.0872700000000002,2.25,-0.644753,0,20170426,2.3445
58,2017-03-31,2017-03-31 14:56:13,2.3629,10000868,0.000980113,0.0009,0.0011,0.102432,0.10083,0.104695,-0.038324,0.000512393,1.31778,-0.0413391,-0.22214,-0.185973,0.025,0.0555264,0.0679878,-0.0794714,-1.32634,2.25,-0.719232,0,20170426,2.3565
59,2017-04-05,2017-04-05 14:56:00,2.3904,10000868,0.00101782,0.001,0.0011,0.132187,0.13177,0.13405899999999998,-0.0337177,0.000429094,0.988304,-0.053716199999999985,-0.162535,-0.140435,0.03,0.084703,0.05748200000000001,-0.0780846,-1.93987,2.25,-0.957416,0,20170426,2.3815
60,2017-04-06,2017-04-06 14:56:08,2.3855,10000868,0.000744902,0.0007,0.0008,0.128444,0.127126,0.13,-0.027010900000000004,0.000346735,0.872134,-0.0423972,-0.153585,-0.133405,0.03,0.0529697,0.054392599999999985,-0.070184,-1.9504,2.25,-0.981538,0,20170426,2.3845
61,2017-04-07,2017-04-07 14:56:13,2.3843,10000868,0.000641706,0.0007,0.0008,0.127686,0.12952,0.132456,-0.0244425,0.00030963700000000003,0.831094,-0.040147900000000014,-0.146012,-0.127431,0.03,0.0583514,0.051325800000000005,-0.0696302,-2.11212,2.25,-0.997919,0,20170426,2.3825
62,2017-04-10,2017-04-10 14:56:08,2.3792,10000868,0.0006872730000000001,0.0007,0.0008,0.135434,0.135849,0.138948,-0.0263015,0.000306044,0.896548,-0.0477598,-0.128439,-0.113362,0.03,0.0497661,0.044526800000000005,-0.0678252,-2.44956,2.25,-1.04171,0,20170426,2.3775
63,2017-04-11,2017-04-11 14:56:05,2.3783,10000868,0.000733336,0.0007,0.0008,0.143887,0.142777,0.146022,-0.0272589,0.000304136,0.901835,-0.0521254,-0.115837,-0.102984,0.03,0.019863,0.0414368,-0.0681858,-2.52363,2.25,-1.09797,0,20170426,2.3785
64,2017-04-12,2017-04-12 14:56:07,2.367,10000868,0.000667849,0.0007,0.0008,0.135001,0.136079,0.139248,-0.0276133,0.000294322,1.01476,-0.052434900000000007,-0.11975,-0.106492,0.02,0.0297823,0.0383463,-0.07180750000000001,-2.85439,2.25,-1.02783,0,20170426,2.3655
65,2017-04-13,2017-04-13 14:56:07,2.3703,10000868,0.00068553,0.0007,0.0008,0.145348,0.14586,0.149231,-0.0274353,0.000281105,0.976382,-0.0580624,-0.104521,-0.093765,0.02,0.0220246,0.0352561,-0.0728056,-3.07628,2.25,-1.10808,0,20170426,2.3675
66,2017-04-14,2017-04-14 14:56:03,2.3543,10000868,0.00108234,0.0011,0.0012,0.146704,0.14716400000000002,0.149696,-0.0424746,0.000381935,1.46024,-0.0881508,-0.111278,-0.0997403,0.02,0.0307577,0.032166200000000006,-0.0910701,-3.4675199999999995,2.25,-1.0029,0,20170426,2.3515
67,2017-04-17,2017-04-17 14:56:12,2.3543,10000868,0.000683314,0.0007,0.0008,0.152384,0.153025,0.156681,-0.030537,0.00025887,1.20829,-0.0781951,-0.084338,-0.0769295,0.03,0.036372,0.0253657,-0.0725247,-4.38746,2.25,-1.13399,0,20170426,2.3545
68,2017-04-18,2017-04-18 14:56:07,2.3451,10000868,0.0007005830000000001,0.0006,0.0008,0.148951,0.144951,0.152585,-0.0338375,0.00026297,1.44113,-0.09161,-0.0832875,-0.0762201,0.03,0.07677869999999999,0.0222759,-0.08074210000000001,-5.30828,2.25,-1.08155,0,20170426,2.3405
69,2017-04-19,2017/4/19 14:56,2.3251,10000868,0.0008377660000000001,0.0008,0.0009,0.134598,0.133376,0.136547,-0.0464526,0.000313024,2.24217,-0.119347,-0.0923744,-0.0843788,0.03,0.118629,0.0191861,-0.0990765,-6.49512,2.25,-0.89904,0,20170426,2.3205
70,2017-04-20,2017-04-20 14:56:05,2.3337,10000882,0.000278204,0.0002,0.0003,0.205864,0.197065,0.208012,-0.012976499999999998,9.89347e-05,0.548236,-0.0655063,-0.0230012,-0.0217656,0.03,0.104167,0.0160956,-0.0443563,-4.25916,2.2,-1.82247,0,20170426,2.3305
71,2017-04-21,2017-04-21 14:56:00,2.3432,10000868,0.00035392,0.0004,0.0005,0.171984,0.175306,0.18177,-0.020738,0.000133399,1.08619,-0.0911869,-0.041852,-0.039440300000000005,0.025,0.0866445,0.0130059,-0.07422419999999999,-8.06283,2.25,-1.39545,0,20170426,2.3445
72,2017-04-24,2017-04-24 14:56:05,2.3374,10000868,0.00017492200000000002,0.0002,0.0003,0.209157,0.213057,0.226012,-0.0129553,6.14417e-05,0.866426,-0.111115,-0.013301599999999998,-0.0128532,0.025,0.275281,0.00620575,-0.0376514,-11.2796,2.25,-1.85618,0,20170426,2.3365
73,2017-04-25,2017-04-25 14:56:04,2.3443,10000862,6.99499e-05,0.0001,0.0002,0.137704,0.144552,0.160509,-0.0112781,3.87187e-05,1.64213,-0.0989772,-0.024290400000000004,-0.0235351,0.025,0.53235,0.00311559,-0.072533,-42.0942,2.3,-1.25387,0,20170426,2.3415
74,2017-04-26,2017-04-26 14:56:04,2.3461,10000862,0.0,0.0,0.0001,0.141925,0.0,1.0,-0.0,1.1595099999999993e-172,5.859829999999997e-166,-3.248379999999998e-167,0.0,0.0,0.025,0.05,2.533e-05,-1.69799e-13,-6.70348e-09,2.3,-15.7719,0,20170426,2.3395
75,2017-04-27,2017-04-27 14:56:08,2.3487,10000874,0.00143362,0.0014,0.0015,0.0955162,0.0950368,0.0964457,-0.0553442,0.000705588,1.8511,-0.0507417,-0.25100300000000003,-0.206696,0.025,0.057284,0.0723417,-0.0880587,-1.06802,2.25,-0.603742,0,20170524,2.3435
76,2017-04-28,2017-04-28 14:56:10,2.3442,10000884,0.000768115,0.0008,0.0009,0.122433,0.123268,0.12576099999999998,-0.0264106,0.000377284,0.809757,-0.034820300000000005,-0.180514,-0.153775,0.025,0.0490446,0.0692512,-0.0695253,-1.44214,2.2,-0.939696,0,20170524,2.3405
77,2017-05-02,2017-05-02 14:56:00,2.338,10000884,0.000761262,0.0007,0.0008,0.127149,0.125395,0.128216,-0.0269523,0.00035806300000000004,0.8501569999999999,-0.0386163,-0.161577,-0.13926,0.025,0.0419849,0.060598,-0.06683389999999999,-1.68997,2.2,-0.97185,0,20170524,2.3335
78,2017-05-03,2017-05-03 14:56:10,2.3314,10000884,0.000731465,0.0007,0.0008,0.123663,0.122759,0.125557,-0.0273682,0.000352273,0.911355,-0.0395483,-0.161433,-0.139327,0.025,0.0514877,0.0575067,-0.0691556,-1.82769,2.2,-0.942236,0,20170524,2.3255
79,2017-05-04,2017-05-04 14:56:01,2.3241,10000884,0.0006050669999999999,0.0006,0.0007,0.117594,0.117434,0.12047,-0.024886900000000003,0.000315517,0.912828,-0.0356344,-0.160403,-0.138681,0.025,0.0519448,0.0544174,-0.0678724,-1.94238,2.2,-0.915814,0,20170524,2.3175
80,2017-05-05,2017-05-05 14:56:12,2.3153,10000884,0.000647198,0.0006,0.0007,0.115432,0.113984,0.116979,-0.0276474,0.000333332,1.04954,-0.0391296,-0.160625,-0.139031,0.025,0.0509721,0.0513259,-0.07159589999999999,-2.05419,2.2,-0.8783639999999999,0,20170524,2.3125
81,2017-05-08,2017-05-08 14:56:00,2.3215,10000884,0.000478634,0.0004,0.0005,0.122634,0.11931300000000003,0.123476,-0.0213289,0.000250363,0.8507290000000001,-0.0363167,-0.133006,-0.117003,0.025,0.06240850000000001,0.0445276,-0.06409630000000001,-2.5228200000000003,2.2,-0.987424,0,20170524,2.3185
82,2017-05-09,2017-05-09 14:56:01,2.321,10000884,0.000354072,0.0003,0.0004,0.121834,0.118964,0.124055,-0.016952099999999998,0.000198645,0.730409,-0.0303939,-0.122431,-0.108408,0.025,0.0554982,0.041437199999999993,-0.06079830000000001,-2.70357,2.2,-1.02725,0,20170524,2.3155
83,2017-05-10,2017-05-10 14:56:12,2.3269,10000884,0.000304234,0.0002,0.0004,0.12854200000000002,0.121462,0.13373,-0.0145735,0.00016827299999999998,0.630514,-0.0295317,-0.106355,-0.0950314,0.025,0.0643786,0.0383458,-0.0602309,-2.949,2.2,-1.11468,0,20170524,2.3225
84,2017-05-11,2017-05-11 14:56:11,2.3411,10000884,0.000340821,0.0003,0.0004,0.14702,0.144429,0.15043800000000002,-0.0147609,0.000164108,0.577677,-0.0366596,-0.0838025,-0.0757697,0.025,0.0959221,0.0352556,-0.061386,-3.16146,2.2,-1.27102,0,20170524,2.3355
85,2017-05-12,2017-05-12 14:56:03,2.3722,10000874,0.000371307,0.0003,0.0004,0.13124,0.12722,0.132716,-0.0181737,0.000189756,0.7987770000000001,-0.0439889,-0.101106,-0.0910397,0.025,0.147644,0.032166200000000006,-0.073585,-3.95386,2.25,-1.09156,0,20170524,2.3685
86,2017-05-15,2017-05-15 14:56:09,2.3755,10000874,0.00035894199999999995,0.0004,0.0005,0.153721,0.15620599999999998,0.161641,-0.0170026,0.00015945100000000002,0.724653,-0.0526154,-0.0690938,-0.0634399,0.025,0.13171,0.025366,-0.060390199999999984,-4.53359,2.25,-1.2952,0,20170524,2.3765
87,2017-05-16,2017-05-16 14:56:10,2.3801,10000874,0.000256017,0.0003,0.0004,0.159795,0.163339,0.17028,-0.0128437,0.000117616,0.583282,-0.0467445,-0.0543727,-0.0503899,0.025,0.174334,0.0222756,-0.0562669,-4.91448,2.25,-1.41737,0,20170524,2.3755
88,2017-05-17,2017-05-17 14:56:04,2.3631,10000875,0.000554536,0.0005,0.0006,0.103178,0.101202,0.104742,-0.0403898,0.000284152,2.5704700000000003,-0.0874828,-0.110099,-0.0996435,0.025,0.141211,0.019186,-0.09175239999999997,-6.33945,2.3,-0.717201,0,20170524,2.3585
89,2017-05-18,2017-05-18 14:56:03,2.3583,10000875,0.000510191,0.0005,0.0006,0.101144,0.100757,0.104382,-0.0413429,0.00026466900000000004,2.92313,-0.100505,-0.101297,-0.0923182,0.025,0.203068,0.0160958,-0.100511,-8.03058,2.3,-0.69885,0,20170524,2.3505
90,2017-05-19,2017-05-19 14:56:11,2.3594,10000875,0.00029369,0.0,0.0,0.106947,0.0,0.0,-0.0266601,0.000165882,2.14253,-0.0779633,-0.08163150000000001,-0.07547960000000001,0.025,0.1802,0.0130047,-0.0932383,-10.0382,2.3,-0.82358,0,20170524,2.3555
91,2017-05-22,2017-05-22 14:56:10,2.3752,10000875,0.000187842,0.0001,0.0003,0.167419,0.153622,0.179796,-0.0166249,7.734300000000001e-05,1.31963,-0.13108399999999998,-0.0278504,-0.0267312,0.025,0.702518,0.00620521,-0.0626737,-21.0364,2.3,-1.42018,0,20170524,2.3695
92,2017-05-23,2017-05-23 14:56:08,2.4047,10000876,0.000100057,0.0003,0.0004,0.154397,0.182969,0.192674,-0.013714,4.702560000000001e-05,1.6908,-0.159474,-0.0216332,-0.0209917,0.025,1.32709,0.00311516,-0.0840298,-48.335,2.35,-1.35835,0,20170524,2.4025
93,2017-05-24,2017-05-24 14:56:08,2.3997,10000876,0.0,0.0,0.0001,0.174568,0.0,1.0,-0.0,2.247979999999999e-130,8.980559999999996e-124,-7.879799999999995e-125,0.0,0.0,0.025,0.08,2.49007e-05,-8.68055e-15,-3.4860699999999987e-10,2.35,-16.775,0,20170524,2.3995
94,2017-05-25,2017-05-25 14:56:08,2.4724,10000803,0.00479035,0.0051,0.0052,0.12626500000000002,0.128531,0.12925,-0.104984,0.00134837,1.93536,-0.105896,-0.296181,-0.239667,0.02,0.0650244,0.0902668,-0.13719,-0.8229989999999999,2.35,-0.621876,0,20170628,2.4685
95,2017-05-26,2017-05-26 14:56:03,2.4687,10000803,0.00343692,0.0039,0.0042,0.11729,0.121219,0.123652,-0.086155,0.00114447,1.83657,-0.083498,-0.288063,-0.234072,0.02,0.0509212,0.087177,-0.117898,-0.8266819999999999,2.35,-0.6310520000000001,0,20170628,2.4645
96,2017-05-31,2017-05-31 14:56:09,2.4821,10000803,0.00352791,0.0039,0.004,0.135446,0.138944,0.13985699999999998,-0.0819146,0.0010389000000000002,1.6239,-0.100382,-0.244738,-0.203382,0.02,0.0627051,0.0766674,-0.118097,-1.1963,2.35,-0.7427600000000001,0,20170628,2.4755
97,2017-06-01,2017-06-01 14:56:08,2.4982,10000803,0.00315236,0.0033,0.0034,0.145387,0.146977,0.148034,-0.0709703,0.000918337,1.37556,-0.100624,-0.219542,-0.184678,0.02,0.0761584,0.0735773,-0.112235,-1.3983,2.35,-0.8408899999999999,0,20170628,2.4915
98,2017-06-02,2017-06-02 14:56:08,2.4765,10000803,0.00341398,0.0034,0.0035,0.136773,0.136632,0.137632,-0.0820753,0.0009955539999999998,1.68375,-0.104163,-0.231362,-0.193695,0.02,0.0576029,0.070487,-0.12028,-1.32766,2.35,-0.750004,0,20170628,2.4695
99,2017-06-05,2017-06-05 14:56:00,2.4493,10000802,0.00184747,0.002,0.0021,0.14541600000000002,0.14781,0.149325,-0.0486895,0.000623614,1.1224299999999998,-0.0764077,-0.177427,-0.152187,0.02,0.064036,0.0636883,-0.0896087,-1.6816099999999998,2.3,-0.952405,0,20170628,2.4415
100,2017-06-06,2017-06-06 14:56:00,2.464,10000803,0.00326772,0.0033,0.0035,0.13404100000000002,0.134379,0.136441,-0.08619,0.000952725,1.93192,-0.115692,-0.216367,-0.182788,0.02,0.0689085,0.060598,-0.124695,-1.63164,2.35,-0.721576,0,20170628,2.4555
101,2017-06-07,2017-06-07 14:56:06,2.4807,10000803,0.00315437,0.0035,0.0036,0.15601099999999998,0.160023,0.161148,-0.0747747,0.000839747,1.52098,-0.116912,-0.181929,-0.156377,0.02,0.036538699999999986,0.05750710000000001,-0.115031,-1.76069,2.35,-0.8869549999999999,0,20170628,2.4775
102,2017-06-08,2017-06-08 14:56:08,2.5098,10000804,0.00521363,0.0048,0.005,0.154077,0.150402,0.152195,-0.116357,0.0011447,2.16743,-0.175718,-0.20715100000000006,-0.17641800000000002,0.02,0.06713839999999999,0.0544166,-0.157398,-1.85459,2.4,-0.7230850000000001,0,20170628,2.5015
103,2017-06-09,2017-06-09 14:56:03,2.5216,10000804,0.00486834,0.0047,0.0049,0.168802,0.167157,0.16910899999999998,-0.104019,0.00103087,1.87123,-0.180034,-0.182154,-0.157173,0.02,0.0604764,0.0513269,-0.14866500000000002,-2.08668,2.4,-0.8359549999999999,0,20170628,2.5165
104,2017-06-12,2017-06-12 14:56:12,2.5146,10000804,0.00504086,0.0047,0.0049,0.173811,0.17036600000000002,0.1724,-0.111115,0.00100397,2.05159,-0.212326,-0.16797,-0.146261,0.02,0.0789607,0.044526300000000005,-0.154278,-2.54633,2.4,-0.8344459999999999,0,20170628,2.5145
105,2017-06-13,2017-06-13 14:56:11,2.5138,10000804,0.00385444,0.0031,0.0032,0.169189,0.159946,0.161227,-0.0938546,0.000856633,1.93366,-0.183896,-0.154799,-0.13580599999999998,0.02,0.0585144,0.0414362,-0.137524,-2.6928400000000003,2.4,-0.878977,0,20170628,2.5125
106,2017-06-14,2017-06-14 14:56:06,2.486,10000803,0.00158017,0.002,0.0021,0.170504,0.178924,0.180785,-0.0456409,0.000466604,1.15474,-0.105048,-0.110355,-0.098736,0.02,0.0318392,0.0383464,-0.08937819999999999,-2.8248900000000003,2.35,-1.13992,0,20170628,2.4855
107,2017-06-15,2017-06-15 14:56:05,2.4753,10000803,0.00162358,0.0021,0.0022,0.162638,0.17180399999999998,0.173584,-0.0506775,0.000484212,1.3782299999999998,-0.120291,-0.115827,-0.103619,0.02,0.0888712,0.035256300000000004,-0.100738,-3.39427,2.35,-1.05489,0,20170628,2.4655
108,2017-06-16,2017-06-16 14:56:02,2.4625,10000803,0.00151145,0.0017,0.0019,0.157946,0.16188699999999998,0.165821,-0.0511085,0.000463379,1.50408,-0.117223,-0.113798,-0.102109,0.02,0.047703800000000005,0.0321663,-0.100874,-3.551,2.35,-1.02304,0,20170628,2.4605
109,2017-06-19,2017-06-19 14:56:11,2.5011,10000803,0.000610044,0.0006,0.0007,0.188719,0.18823,0.192895,-0.0216523,0.000206195,0.6885760000000001,-0.0810941,-0.0529384,-0.0489811,0.02,0.101293,0.0253658,-0.0578253,-3.77986,2.35,-1.51327,0,20170628,2.4945
110,2017-06-20,2017-06-20 14:56:03,2.4895,10000803,0.000505428,0.0005,0.0006,0.184634,0.18433,0.189634,-0.0198895,0.00017900900000000002,0.702249,-0.0773054,-0.0496977,-0.0461895,0.025,0.088297,0.0222764,-0.0576998,-4.27886,2.35,-1.50768,0,20170628,2.4855
111,2017-06-21,2017-06-21 14:56:12,2.5088,10000804,0.000726505,0.0007,0.0008,0.168245,0.167159,0.171139,-0.0315868,0.000246673,1.21417,-0.113629,-0.06767360000000001,-0.0626834,0.025,0.0942472,0.0191851,-0.0801205,-5.9910000000000005,2.4,-1.24199,0,20170628,2.5075
112,2017-06-22,2017-06-22 14:56:11,2.5274,10000804,0.000600072,0.0005,0.0006,0.202384,0.196608,0.202381,-0.0243381,0.000183174,0.8803280000000001,-0.120708,-0.0376876,-0.035469,0.025,0.115379,0.016094999999999998,-0.0658818,-5.63927,2.4,-1.5849,0,20170628,2.5285
113,2017-06-23,2017-06-23 14:56:11,2.5447,10000805,0.000557358,0.0005,0.0006,0.16833,0.165274,0.170482,-0.0293448,0.000193797,1.36714,-0.135957,-0.0542508,-0.0509431,0.025,0.166249,0.0130047,-0.0903206,-9.19349,2.45,-1.2658200000000002,0,20170628,2.5405
114,2017-06-26,2017-06-26 14:56:12,2.5549,10000805,0.000292652,0.0003,0.0004,0.248045,0.248937,0.259879,-0.0162687,8.17091e-05,0.8133,-0.165658,-0.00872719,-0.00845898,0.025,0.0815073,0.006205,-0.0321821,-7.27078,2.45,-2.11113,0,20170628,2.5545
115,2017-06-27,2017-06-27 14:56:03,2.5671,10000806,5.25005e-05,0.0002,0.0002,0.17796099999999998,0.211912,0.211912,-0.00634604,2.55993e-05,0.7005600000000001,-0.08243389999999999,-0.0120597,-0.0117586,0.025,0.5976640000000001,0.0031156999999999995,-0.0451992,-26.6958,2.5,-1.77012,0,20170628,2.5615
116,2017-06-28,2017/6/28 14:56,2.5517,10000804,0.0,0.0,0.0001,0.176799,0.0,1.0,0.0,0.0,0.0,0.0,0.0,0.0,0.025,0.05,2.5e-05,-1e-06,0.0,2.4,-48.9196,0,20170628,2.5495
117,2017-06-29,2017-06-29 14:56:07,2.5683,10000909,0.00644464,0.0062,0.0063,0.14821700000000002,0.146484,0.147196,-0.123726,0.00142241,1.97738,-0.149794,-0.262835,-0.217663,0.025,0.0460444,0.07357739999999999,-0.155949,-1.09189,2.45,-0.672553,0,20170726,2.5645
118,2017-06-30,2017-06-30 14:56:05,2.5589,10000909,0.00624523,0.0057,0.006,0.14338900000000002,0.139452,0.14163599999999998,-0.126577,0.00140971,2.13009,-0.14677,-0.261654,-0.216824,0.025,0.0359325,0.0704873,-0.15753399999999998,-1.0758,2.45,-0.643612,0,20170726,2.5585
119,2017-07-03,2017-07-03 14:56:05,2.5427,10000908,0.00213415,0.0021,0.0022,0.143724,0.143236,0.144654,-0.0539371,0.0007026389999999999,1.18729,-0.0795072,-0.192311,-0.164468,0.025,0.0270306,0.0636877,-0.0906486,-1.50872,2.4,-0.913416,0,20170726,2.5425
120,2017-07-04,2017-07-04 14:56:01,2.5169,10000908,0.00233343,0.0025,0.0026,0.132846,0.134948,0.136176,-0.0642442,0.0007784710000000001,1.52653,-0.0809553,-0.20724,-0.176246,0.0277409,0.00108678,0.0605979,-0.0970234,-1.38901,2.4,-0.7990430000000001,0,20170726,2.5195
121,2017-07-05,2017-07-05 14:56:04,2.5606,10000909,0.00404032,0.0035,0.0038,0.145075,0.139714,0.142734,-0.0953299,0.00104032,1.90181,-0.127916,-0.21390100000000006,-0.18184,0.025,0.0118668,0.0575073,-0.12936199999999998,-1.48844,2.45,-0.749084,0,20170726,2.5605
122,2017-07-06,2017-07-06 14:56:00,2.5651,10000909,0.00308523,0.0025,0.0027,0.143452,0.136437,0.138917,-0.0785077,0.000876887,1.7072200000000002,-0.112248,-0.198091,-0.169802,0.025,0.00883844,0.0544175,-0.115219,-1.6588599999999998,2.45,-0.802294,0,20170726,2.5675
123,2017-07-07,2017-07-07 14:56:10,2.5613,10000909,0.00316868,0.0023,0.0024,0.141577,0.13105799999999998,0.132358,-0.08332460000000001,0.000889138,1.86517,-0.125101,-0.196137,-0.168423,0.025,0.0369532,0.0513261,-0.123644,-1.88453,2.45,-0.773567,0,20170726,2.5605
124,2017-07-10,2017-07-10 14:56:05,2.5747,10000909,0.00208143,0.0017,0.0018,0.14919200000000002,0.142903,0.144619,-0.059053,0.000638887,1.45077,-0.110309,-0.15800799999999998,-0.13842000000000002,0.025,0.0468927,0.044527099999999986,-0.100303,-2.4334,2.45,-0.922593,0,20170726,2.5745
125,2017-07-11,2017-07-11 14:56:09,2.6036,10000909,0.00131641,0.001,0.0011,0.16819,0.160138,0.162828,-0.036606699999999985,0.000424777,0.899144,-0.08634910000000001,-0.112759,-0.100759,0.025,0.0268216,0.041436400000000005,-0.0774485,-2.51845,2.45,-1.19339,0,20170726,2.6055
126,2017-07-12,2017-07-12 14:56:06,2.5929,10000909,0.00150652,0.0013,0.0014,0.169517,0.164829,0.167148,-0.0424447,0.000459015,1.05031,-0.101593,-0.112774,-0.100988,0.025,0.0265786,0.0383464,-0.0853768,-2.77286,2.45,-1.15673,0,20170726,2.5955
127,2017-07-13,2017-07-13 14:56:03,2.6354,10000910,0.00215536,0.0018,0.002,0.175791,0.169233,0.173001,-0.0572474,0.0005678780000000001,1.31925,-0.146771,-0.117521,-0.10537,0.025,0.05980990000000001,0.0352565,-0.104746,-3.22051,2.5,-1.09746,0,20170726,2.6365
128,2017-07-14,2017-07-14 14:56:02,2.6597,10000912,0.00362394,0.0038,0.004,0.177559,0.179792,0.182272,-0.0908998,0.000780188,1.93102,-0.216163,-0.13478099999999998,-0.120365,0.025,0.0288088,0.0321663,-0.138626,-3.40542,2.55,-0.936659,0,20170726,2.6605
129,2017-07-17,2017-07-17 14:56:00,2.6739,10000912,0.00414788,0.0043,0.0045,0.226155,0.228314,0.231102,-0.0912681,0.000698666,1.70335,-0.312243,-0.08953860000000001,-0.08186489999999999,0.025,0.0287121,0.0253669,-0.132503,-4.30819,2.55,-1.18919,0,20170726,2.6715
130,2017-07-18,2017-07-18 14:56:08,2.6581,10000910,0.000711293,0.0006,0.0008,0.207567,0.202118,0.211539,-0.0228817,0.000215223,0.6587970000000001,-0.100044,-0.0424745,-0.0396353,0.025,0.0215448,0.0222758,-0.0544635,-3.57427,2.5,-1.64549,0,20170726,2.6575
131,2017-07-19,2017-07-19 14:56:04,2.7067,10000912,0.000619304,0.0009,0.001,0.207961,0.220972,0.224991,-0.0212543,0.000191063,0.653622,-0.108465,-0.0380255,-0.035680300000000005,0.025,0.110741,0.019186,-0.0559809,-4.2861400000000005,2.55,-1.6746900000000002,0,20170726,2.7015
132,2017-07-20,2017-07-20 14:56:00,2.7103,10000912,0.000522117,0.0004,0.0005,0.226248,0.217644,0.224795,-0.0183008,0.000154344,0.576962,-0.11278,-0.0240546,-0.0227885,0.025,0.112109,0.0160962,-0.047643300000000006,-3.98241,2.55,-1.87794,0,20170726,2.7055
133,2017-07-21,2017-07-21 14:56:11,2.689,10000912,0.000324421,0.0003,0.0004,0.204045,0.20183,0.210271,-0.014557399999999996,0.00011313,0.589616,-0.0965763,-0.0261053,-0.024811700000000003,0.025,0.225124,0.0130047,-0.0542953,-5.99139,2.55,-1.7704099999999998,0,20170726,2.682
134,2017-07-24,2017-07-24 14:56:02,2.7103,10000928,0.00100698,0.0007,0.0008,0.163441,0.15111,0.155394,-0.06561739999999999,0.000272514,3.65738,-0.4497020000000001,-0.054657500000000005,-0.0519635,0.025,0.536084,0.00620607,-0.12045,-25.0392,2.65,-0.981365,0,20170726,2.7015
135,2017-07-25,2017-07-25 14:56:10,2.6905,10000928,0.000640751,0.0007,0.0008,0.142555,0.145502,0.15020899999999998,-0.0678005,0.000196574,6.1148,-0.645255,-0.0430832,-0.041443699999999986,0.025,1.09676,0.00311495,-0.151366,-57.4387,2.65,-0.8477049999999999,0,20170726,2.6825
136,2017-07-26,2017-07-26 14:56:13,2.6804,10000928,0.0,0.0,0.0001,0.238287,0.0,1.0,-0.0,2.4485100000000004e-25,5.84445e-19,-1.1921099999999998e-19,0.0,0.0,0.025,0.03,2.43641e-05,-5.26484e-06,-0.215143,2.65,-9.22305,0,20170726,2.6765
137,2017-07-27,2017-07-27 14:56:03,2.6822,10000940,0.00502845,0.005,0.0051,0.14703,0.146804,0.147597,-0.0980239,0.00125791,1.61626,-0.124884,-0.257948,-0.215184,0.02,0.0173422,0.0735778,-0.130168,-1.08922,2.55,-0.7482260000000001,0,20170823,2.6775
138,2017-07-28,2017-07-28 14:56:12,2.6845,10000940,0.00408133,0.0039,0.004,0.145384,0.143726,0.144644,-0.0846331,0.00110532,1.49671,-0.11101,-0.24322800000000006,-0.204329,0.02,0.00724368,0.07048660000000001,-0.118122,-1.16379,2.55,-0.787972,0,20170823,2.6841
139,2017-07-31,2017-07-31 14:56:08,2.6879,10000940,0.00356865,0.0033,0.0034,0.150835,0.148025,0.149084,-0.0764295,0.00097406,1.40347,-0.111991,-0.216705,-0.184417,0.02,0.00401353,0.0636874,-0.110355,-1.39425,2.55,-0.850915,0,20170823,2.6825
140,2017-08-01,2017-08-01 14:56:01,2.7328,10000941,0.00445601,0.0045,0.0046,0.152315,0.15270999999999998,0.153603,-0.0919464,0.00110936,1.60937,-0.142372,-0.224905,-0.191246,0.02,0.0321031,0.0605979,-0.128671,-1.55618,2.6,-0.797539,0,20170823,2.7225
141,2017-08-02,2017-08-02 14:56:13,2.738,10000941,0.0040523,0.004,0.0041,0.15725799999999998,0.15674100000000002,0.157726,-0.08438589999999999,0.00101573,1.49824,-0.141074,-0.207647,-0.178022,0.02,0.0298401,0.0575064,-0.123428,-1.70765,2.6,-0.8532,0,20170823,2.7265
142,2017-08-03,2017-08-03 14:56:14,2.7,10000940,0.002196,0.0022,0.0023,0.152434,0.15249300000000002,0.153935,-0.0534155,0.000684397,1.1318,-0.0970765,-0.17591500000000002,-0.152695,0.02,0.028746299999999995,0.054416,-0.0953404,-1.89458,2.55,-0.971953,0,20170823,2.6915
143,2017-08-04,2017-08-04 14:56:11,2.6817,10000940,0.00277117,0.0027,0.0028,0.14823599999999998,0.147346,0.148593,-0.0688312,0.0008048360000000001,1.47094,-0.120133,-0.187733,-0.162392,0.02,0.041481800000000006,0.051326,-0.112251,-2.02945,2.55,-0.869643,0,20170823,2.6715
144,2017-08-07,2017-08-07 14:56:01,2.6881,10000940,0.00231897,0.0021,0.0022,0.15698299999999998,0.153644,0.15519000000000002,-0.059729099999999986,0.000672926,1.33228,-0.124904,-0.157521,-0.13838599999999998,0.02,0.059424800000000014,0.0445275,-0.102605,-2.52924,2.55,-0.966483,0,20170823,2.678
145,2017-08-08,2017-08-08 14:56:12,2.6923,10000940,0.00179272,0.0017,0.0018,0.157519,0.155833,0.15765,-0.0492068,0.000557756,1.17892,-0.111955,-0.14147,-0.125289,0.02,0.0651055,0.0414361,-0.0940674,-2.76632,2.55,-1.03034,0,20170823,2.6805
146,2017-08-09,2017-08-09 14:56:12,2.6736,10000940,0.0019891,0.0021,0.0022,0.148779,0.150561,0.15212699999999998,-0.0588107,0.0006135590000000001,1.50454,-0.128052,-0.15112,-0.133547,0.02,0.0776428,0.0383458,-0.106128,-3.0562400000000003,2.55,-0.921703,0,20170823,2.6655
147,2017-08-10,2017-08-10 14:56:03,2.6643,10000939,0.0007554819999999999,0.0005,0.0006,0.16476300000000002,0.15456099999999998,0.158878,-0.0241046,0.000283398,0.687276,-0.07178179999999999,-0.0928319,-0.0840074,0.02,0.10685,0.0352565,-0.07104830000000001,-3.18285,2.5,-1.29072,0,20170823,2.6565
148,2017-08-11,2017-08-11 14:56:02,2.6251,10000939,0.00151992,0.0013,0.0014,0.155426,0.150643,0.152869,-0.049274,0.000479567,1.3919700000000002,-0.128779,-0.121812,-0.109265,0.02,0.120105,0.0321663,-0.104021,-3.90637,2.5,-1.01719,0,20170823,2.6175
149,2017-08-14,2017-08-14 14:56:15,2.6427,10000939,0.0008870010000000002,0.0008,0.0009,0.17786300000000002,0.174751,0.178313,-0.0302428,0.000288141,0.914491,-0.109749,-0.07385019999999999,-0.0678822,0.02,0.129412,0.0253653,-0.07297510000000001,-4.4654300000000005,2.5,-1.32446,0,20170823,2.6355
150,2017-08-15,2017-08-15 14:56:03,2.6599,10000939,0.000488133,0.0004,0.0005,0.189993,0.184576,0.190673,-0.017716700000000002,0.0001733,0.5787399999999999,-0.0797988,-0.0467421,-0.043545,0.02,0.145325,0.0222764,-0.054399800000000005,-4.15129,2.5,-1.58673,0,20170823,2.6505
151,2017-08-16,2017-08-16 14:56:07,2.6474,10000939,0.000456236,0.0004,0.0005,0.188942,0.185328,0.191559,-0.0180046,0.000162291,0.638774,-0.0868294,-0.0439642,-0.041143300000000015,0.02,0.16531300000000002,0.0191857,-0.0580778,-4.94624,2.5,-1.57384,0,20170823,2.6395
152,2017-08-17,2017-08-17 14:56:07,2.6607,10000940,0.00042744,0.0003,0.0004,0.155141,0.147068,0.153548,-0.0218299,0.00017592,0.995162,-0.0956394,-0.0650943,-0.0606724,0.02,0.207067,0.0160954,-0.07921619999999999,-7.789239999999999,2.55,-1.24491,0,20170823,2.6505
153,2017-08-18,2017-08-18 14:56:08,2.6762,10000940,0.000289019,0.0003,0.0004,0.179059,0.180008,0.187751,-0.014828,0.000114368,0.685733,-0.0913665,-0.0377697,-0.035728,0.02,0.338514,0.013005,-0.06881439999999997,-8.13915,2.55,-1.54901,0,20170823,2.6645
154,2017-08-21,2017-08-21 14:56:12,2.6734,10000941,0.000459154,0.0004,0.0005,0.159845,0.156001,0.162331,-0.0343711,0.00016017,2.2595,-0.280793,-0.0442601,-0.0422584,0.02,0.830757,0.006205,-0.0925358,-26.5752,2.6,-1.15823,0,20170823,2.6605
155,2017-08-22,2017-08-22 14:56:11,2.6973,10000942,0.000458442,0.0006,0.0006,0.14195,0.15029,0.15029,-0.0509872,0.000157543,4.89727,-0.570248,-0.040186300000000015,-0.0387182,0.02,1.55636,0.00311484,-0.145958,-65.2923,2.65,-0.924964,0,20170823,2.6855
156,2017-08-23,2017-08-23 14:56:15,2.7105,10000942,0.0,0.0,0.0001,0.16030899999999998,0.0,1.0,-0.0,1.746239999999999e-182,6.112439999999996e-176,-5.770309999999996e-177,0.0,0.0,0.02,0.08,2.41494e-05,-8.07903e-17,-3.33064e-12,2.65,-18.3322,0,20170823,2.7075
157,2017-08-24,2017-08-24 14:56:05,2.6985,10000914,0.00374089,0.0032,0.0033,0.133607,0.12877,0.129693,-0.07485850000000001,0.00116127,1.2870700000000002,-0.08104019999999999,-0.29393600000000003,-0.240767,0.025,0.0125383,0.0927383,-0.101514,-0.722528,2.55,-0.758657,0,20170927,2.6945
158,2017-08-25,2017-08-25 14:56:08,2.7632,10000922,0.00405418,0.0036,0.0037,0.144904,0.14088399999999998,0.14179,-0.07431549999999999,0.00116258,1.17213,-0.0919914,-0.277499,-0.229424,0.025,0.015915600000000002,0.0896477,-0.104663,-0.8393149999999999,2.6,-0.8241790000000001,0,20170927,2.7565
159,2017-08-28,2017-08-28 14:56:13,2.7938,10000930,0.00572757,0.0051,0.0052,0.146703,0.14216099999999998,0.142901,-0.100593,0.00141664,1.49331,-0.124631,-0.290396,-0.23965,0.025,0.0226746,0.0828475,-0.128938,-0.8938,2.65,-0.737035,0,20170927,2.7865
160,2017-08-29,2017-08-29 14:56:06,2.7969,10000930,0.00563562,0.0049,0.0051,0.151075,0.145533,0.147075,-0.098299,0.00136829,1.45163,-0.128797,-0.276958,-0.229943,0.025,0.0226327,0.07975800000000001,-0.128719,-0.981936,2.65,-0.766828,0,20170927,2.7885
161,2017-08-30,2017-08-30 14:56:01,2.7859,10000930,0.00576272,0.0051,0.0052,0.144804,0.139979,0.140724,-0.10583900000000003,0.00140969,1.63606,-0.136062,-0.282979,-0.234437,0.025,0.035450800000000005,0.0766683,-0.13702899999999998,-1.03124,2.65,-0.710896,0,20170927,2.7735
162,2017-08-31,2017-08-31 14:56:06,2.782,10000930,0.00481888,0.0047,0.0048,0.137659,0.136735,0.13751300000000002,-0.0970018,0.00129397,1.6506599999999998,-0.124113,-0.277398,-0.230431,0.035,0.0469871,0.0735775,-0.129207,-1.0913,2.65,-0.703825,0,20170927,2.7665
163,2017-09-01,2017-09-01 14:56:01,2.7743,10000922,0.00202483,0.0022,0.0023,0.14526,0.147699,0.149043,-0.045322,0.000701785,0.890509,-0.0730075,-0.208727,-0.178014,0.035,0.0411023,0.0704878,-0.0843796,-1.35725,2.6,-0.971118,0,20170927,2.7605
164,2017-09-04,2017-09-04 14:56:05,2.7725,10000930,0.00457318,0.0045,0.0046,0.14035,0.13974,0.140572,-0.0974033,0.00120381,1.75205,-0.132227,-0.25190300000000004,-0.211925,0.035,0.0340535,0.0636877,-0.129066,-1.30121,2.65,-0.717218,0,20170927,2.7615
165,2017-09-05,2017-09-05 14:56:03,2.7902,10000930,0.00362413,0.0037,0.0038,0.148504,0.14926099999999998,0.150247,-0.0776438,0.000997663,1.42403,-0.123259,-0.222136,-0.189434,0.035,0.0402606,0.0605977,-0.114393,-1.55724,2.65,-0.832525,0,20170927,2.7815
166,2017-09-06,2017-09-06 14:56:08,2.7723,10000930,0.00448171,0.0045,0.0046,0.146813,0.146974,0.14785,-0.0962793,0.0011342,1.74793,-0.144154,-0.23026,-0.195833,0.035,0.033251800000000005,0.057506899999999986,-0.131598,-1.54472,2.65,-0.754246,0,20170927,2.7635
167,2017-09-07,2017-09-07 14:56:08,2.7521,10000922,0.00239961,0.0025,0.0027,0.15153699999999998,0.15289,0.155505,-0.0569703,0.000733713,1.17475,-0.106866,-0.183885,-0.15933,0.035,0.06555,0.0544166,-0.100507,-1.96735,2.6,-0.946361,0,20170927,2.7415
168,2017-09-08,2017-09-08 14:56:12,2.7475,10000922,0.00171508,0.0017,0.0018,0.144395,0.14414200000000002,0.145797,-0.0457369,0.000597487,1.06798,-0.08531380000000001,-0.174524,-0.151978,0.035,0.0455725,0.0513259,-0.0892218,-2.03252,2.6,-0.964675,0,20170927,2.7385
169,2017-09-11,2017-09-11 14:56:13,2.7405,10000922,0.00202659,0.0022,0.0024,0.154294,0.157005,0.159994,-0.0531427,0.000625753,1.21276,-0.110338,-0.157329,-0.138389,0.035,0.0486686,0.0445262,-0.0941491,-2.41912,2.6,-0.986107,0,20170927,2.7295
170,2017-09-12,2017-09-12 14:56:03,2.7527,10000922,0.00139371,0.0016,0.0018,0.158923,0.163157,0.166977,-0.0385228,0.000468145,0.938175,-0.0908073,-0.13153800000000002,-0.117041,0.035,0.0452108,0.041437,-0.08062860000000001,-2.59628,2.6,-1.11313,0,20170927,2.7425
171,2017-09-13,2017-09-13 14:56:02,2.7488,10000922,0.00133901,0.0015,0.0016,0.163274,0.166803,0.16888699999999998,-0.0376429,0.000441416,0.933067,-0.0920448,-0.120441,-0.107822,0.035,0.016814,0.0383469,-0.0794198,-2.69817,2.6,-1.15104,0,20170927,2.7405
172,2017-09-14,2017-09-14 14:56:15,2.7306,10000922,0.00122781,0.0014,0.0015,0.148836,0.15262699999999998,0.15470799999999998,-0.0395177,0.000437357,1.11786,-0.0933124,-0.130597,-0.116718,0.035,0.0446109,0.035255199999999993,-0.08563989999999999,-3.1274,2.6,-1.03686,0,20170927,2.7225
173,2017-09-15,2017-09-15 14:56:11,2.7383,10000922,0.00100464,0.0011,0.0012,0.147223,0.14968399999999998,0.152137,-0.0347788,0.00037714,1.06213,-0.0990714,-0.121013,-0.108789,0.035,0.169373,0.0321654,-0.0913522,-4.0370300000000015,2.6,-1.05948,0,20170927,2.7215
174,2017-09-18,2017-09-18 14:56:02,2.7485,10000922,0.000610739,0.0008,0.0009,0.163071,0.170434,0.173895,-0.0227121,0.000235834,0.7546970000000001,-0.08555510000000001,-0.0798212,-0.0732895,0.035,0.191567,0.0253667,-0.0679887,-4.73061,2.6,-1.29522,0,20170927,2.7305
175,2017-09-19,2017-09-19 14:56:00,2.7351,10000922,0.000648578,0.0006,0.0008,0.16231199999999998,0.16026700000000002,0.16814400000000002,-0.0255945,0.000243152,0.8989360000000001,-0.100374,-0.07808419999999999,-0.0719598,0.035,0.203774,0.0222767,-0.0746935,-5.55617,2.6,-1.25683,0,20170927,2.7215
176,2017-09-20,2017-09-20 14:56:10,2.7309,10000922,0.0005596280000000001,0.0006,0.0007,0.168043,0.16994,0.174319,-0.0233167,0.000208377,0.866656,-0.101586,-0.06548630000000001,-0.06083580000000001,0.035,0.197518,0.0191853,-0.0729807,-6.13028,2.6,-1.32846,0,20170927,2.7175
177,2017-09-21,2017-09-21 14:56:05,2.7428,10000922,0.000431513,0.0005,0.0006,0.188138,0.192372,0.197938,-0.0180301,0.00015416399999999998,0.676721,-0.101636,-0.0419833,-0.0394941,0.035,0.268594,0.0160956,-0.0639231,-6.22912,2.6,-1.56723,0,20170927,2.7295
178,2017-09-22,2017-09-22 14:56:01,2.7409,10000930,0.000469847,0.0003,0.0004,0.138654,0.129024,0.135011,-0.0280767,0.000201153,1.48481,-0.128987,-0.07532389999999999,-0.0702602,0.035,0.318011,0.0130058,-0.101215,-11.0254,2.65,-1.05385,0,20170927,2.7285
179,2017-09-25,2017-09-25 14:56:01,2.7365,10000930,0.000187421,0.0002,0.0003,0.170095,0.171656,0.182238,-0.0144127,7.88502e-05,0.997428,-0.126698,-0.029328700000000006,-0.0281806,0.035,0.50798,0.00620618,-0.055034900000000005,-18.5483,2.65,-1.48181,0,20170927,2.7285
180,2017-09-26,2017-09-26 14:56:09,2.733,10000950,0.0007657380000000001,0.0002,0.0002,0.14341099999999998,0.109047,0.109047,-0.0774373,0.000221195,6.62897,-0.563353,-0.0451833,-0.043432,0.035,0.291148,0.00311506,-0.137431,-41.2427,2.7,-0.813451,0,20170927,2.7305
181,2017-09-27,2017-09-27 14:56:08,2.7095,10000930,0.0,0.0,0.0001,0.14437,0.0,1.0,-0.0,2.9323299999999972e-211,1.111079999999999e-204,-8.500579999999994e-206,0.0,0.0,0.035,0.09,2.49007e-05,-2.48805e-16,-9.99189e-12,2.65,-17.7979,0,20170927,2.7105
182,2017-09-28,2017-09-28 14:56:09,2.7304,10000996,0.0013563,0.0015,0.0016,0.109998,0.112184,0.11363800000000003,-0.0422772,0.000638714,1.15562,-0.052277099999999986,-0.248759,-0.209032,0.02,0.0215948,0.06739919999999999,-0.08652710000000001,-1.26025,2.6,-0.752336,0,20171025,2.7135
183,2017-09-29,2017-09-29 14:56:03,2.7413,10000996,0.00108255,0.0011,0.0012,0.115466,0.115798,0.117645,-0.0338717,0.000522786,0.936873,-0.0467318,-0.225091,-0.191196,0.02,0.0180758,0.0643096,-0.0826755,-1.41961,2.6,-0.836686,0,20171025,2.7265
184,2017-10-09,2017-10-09 14:56:04,2.7594,10000996,0.000892885,0.0008,0.001,0.147329,0.144682,0.15018299999999998,-0.0269719,0.000362567,0.725849,-0.0601006,-0.13506500000000002,-0.119794,0.02,0.0218328,0.0445272,-0.06700439999999999,-2.36155,2.6,-1.12637,0,20171025,2.7485
185,2017-10-10,2017-10-10 14:56:10,2.7559,10000996,0.0008601889999999999,0.0008,0.0009,0.148136,0.146368,0.149265,-0.0268467,0.000347925,0.746306,-0.0631183,-0.128476,-0.114445,0.025,0.0378068,0.0414363,-0.0689822,-2.59826,2.6,-1.13386,0,20171025,2.7455
186,2017-10-11,2017-10-11 14:56:08,2.7707,10000996,0.000582956,0.0005,0.0006,0.155342,0.151846,0.15602,-0.0187886,0.000249052,0.544626,-0.051542099999999993,-0.102351,-0.0922157,0.025,0.0463337,0.0383462,-0.0608207,-2.71478,2.6,-1.2822,0,20171025,2.7605
187,2017-10-12,2017-10-12 14:56:06,2.7801,10000997,0.000458854,0.0004,0.0005,0.12185,0.119371,0.123465,-0.0195485,0.000247826,0.746388,-0.0443606,-0.13848,-0.123509,0.025,0.0534449,0.035256199999999994,-0.0670181,-3.2186,2.65,-0.999634,0,20171025,2.7725
188,2017-10-13,2017-10-13 14:56:09,2.7787,10000997,0.000375352,0.0004,0.0005,0.123435,0.124593,0.12887,-0.0168458,0.00020843,0.679902,-0.0409531,-0.125628,-0.11284,0.025,0.0457272,0.0321656,-0.06607110000000001,-3.5126,2.65,-1.04282,0,20171025,2.7715
189,2017-10-16,2017-10-16 14:56:11,2.7906,10000998,0.000638736,0.0006,0.0007,0.109633,0.108432,0.111448,-0.033160400000000013,0.0003284130000000001,1.51647,-0.0749987,-0.141215,-0.126677,0.025,0.0686947,0.0253658,-0.076066,-4.48338,2.7,-0.801084,0,20171025,2.7835
190,2017-10-17,2017-10-17 14:56:06,2.7882,10000998,0.000496838,0.0004,0.0005,0.109041,0.105213,0.109159,-0.0283273,0.000269891,1.42926,-0.07054989999999997,-0.128417,-0.116101,0.025,0.0820619,0.022276,-0.0750066,-5.2828,2.7,-0.827415,0,20171025,2.7815
191,2017-10-18,2017-10-18 14:56:06,2.8071,10000999,0.000953087,0.0009,0.001,0.0916812,0.09054,0.0926626,-0.0615087,0.000472097,3.4060900000000003,-0.122284,-0.146301,-0.131202,0.025,0.0800773,0.0191858,-0.102782,-5.09435,2.75,-0.5629609999999999,0,20171025,2.8025
192,2017-10-19,2017-10-19 14:56:04,2.8065,10000999,0.000829998,0.0008,0.0009,0.0968638,0.096112,0.0985641,-0.0562233,0.000402913,3.2809699999999995,-0.130178,-0.128629,-0.116681,0.025,0.08181050000000001,0.0160957,-0.103611,-6.43173,2.75,-0.61237,0,20171025,2.8045
193,2017-10-20,2017-10-20 14:56:04,2.7958,10000999,0.00115625,0.0012,0.0013,0.0945201,0.0954061,0.0973759,-0.0835578,0.000489561,5.09501,-0.208326,-0.121017,-0.110256,0.025,0.155368,0.0130055,-0.13692,-8.04461,2.75,-0.519877,0,20171025,2.7905
194,2017-10-23,2017-10-23 14:56:01,2.7955,10000999,0.000767586,0.0003,0.0004,0.11983599999999997,0.0991736,0.104611,-0.0661443,0.000282888,4.86715,-0.34033,-0.0712952,-0.0672612,0.025,0.388627,0.00620618,-0.11582,-22.6832,2.75,-0.7186239999999999,0,20171025,2.7895
195,2017-10-24,2017-10-24 14:56:04,2.8082,10000999,6.61931e-05,0.0,0.0001,0.138922,0.0,0.146548,-0.00904291,3.82457e-05,1.1205,-0.106871,-0.026983799999999995,-0.0261663,0.025,0.8757659999999999,0.00311559,-0.07420800000000001,-44.7812,2.75,-1.31085,0,20171025,2.8045
196,2017-10-25,2017-10-25 14:56:04,2.803,10000999,0.0,0.0,0.0001,0.198385,0.0,1.0,-0.0,6.888749999999998e-79,1.7448199999999994e-72,-2.6976299999999995e-73,0.0,0.0,0.025,26.4427,2.533e-05,-2.1646500000000004e-09,-8.545780000000001e-05,2.75,-14.6398,0,20171025,2.8015
197,2017-10-26,2017-10-26 14:56:09,2.8341,10001018,0.00227045,0.0021,0.0022,0.115665,0.113734,0.114876,-0.058774,0.000900725,1.3177,-0.07048439999999999,-0.280058,-0.232925,0.025,0.023459,0.0735772,-0.0898852,-1.05424,2.7,-0.7164729999999999,0,20171122,2.8265
198,2017-10-27,2017-10-27 14:56:07,2.8703,10001019,0.00303242,0.0027,0.0028,0.112904,0.109805,0.110756,-0.0772865,0.00110293,1.68218,-0.0902459,-0.295306,-0.244509,0.03,0.039036400000000006,0.07048710000000001,-0.107594,-1.05321,2.75,-0.635474,0,20171122,2.8655
199,2017-10-30,2017-10-30 14:56:03,2.8505,10001018,0.00166803,0.002,0.0021,0.130071,0.134856,0.13621,-0.0431327,0.0006589069999999999,0.978914,-0.0642959,-0.222443,-0.1898,0.03,0.00609785,0.063688,-0.0769052,-1.38792,2.7,-0.883878,0,20171122,2.8545
200,2017-10-31,2017-10-31 14:56:03,2.854,10001018,0.00127691,0.0015,0.0017,0.127604,0.131477,0.134679,-0.035502099999999995,0.000549141,0.8718809999999999,-0.0565528,-0.210087,-0.180291,0.03,0.0178944,0.0605977,-0.0721212,-1.55174,2.7,-0.913259,0,20171122,2.8505
201,2017-11-01,2017-11-01 14:56:06,2.8473,10001018,0.00112789,0.0013,0.0015,0.122357,0.125568,0.129005,-0.033899,0.00051377,0.900646,-0.054596300000000014,-0.209032,-0.17966500000000002,0.03,0.029722700000000005,0.05750710000000001,-0.0725113,-1.68878,2.7,-0.8863040000000001,0,20171122,2.8415
202,2017-11-02,2017-11-02 14:56:06,2.8529,10001018,0.00117539,0.0013,0.0014,0.130441,0.132851,0.13469,-0.0339744,0.000501679,0.868374,-0.060141699999999985,-0.191444,-0.165853,0.03,0.0305075,0.0544168,-0.07487689999999997,-1.84831,2.7,-0.944067,0,20171122,2.8465
203,2017-11-03,2017-11-03 14:56:06,2.8537,10001018,0.000907523,0.0011,0.0012,0.129652,0.134028,0.136122,-0.027936900000000004,0.00041451,0.764885,-0.051781500000000015,-0.177773,-0.155004,0.035,0.0282306,0.051326599999999986,-0.0700806,-1.96976,2.7,-0.983643,0,20171122,2.8535
204,2017-11-06,2017-11-06 14:56:09,2.8473,10001018,0.000873192,0.0011,0.0012,0.13327,0.138721,0.14091199999999998,-0.028126599999999998,0.000387406,0.805281,-0.0576672,-0.15943,-0.140444,0.03,0.0264747,0.0445266,-0.06801180000000001,-2.35292,2.7,-1.00991,0,20171122,2.8425
205,2017-11-07,2017/11/7 14:56,2.8725,10001019,0.00102346,0.001,0.0011,0.12485399999999999,0.124332,0.12650899999999998,-0.0350846,0.00045270900000000003,1.0605200000000001,-0.0630029,-0.174025,-0.152864,0.0515614,0.000470009,0.0414358,-0.07180800000000001,-2.26457,2.75,-0.898,0,20171122,0.0
206,2017-11-08,2017-11-08 14:56:13,2.8725,10001019,0.00102349,0.001,0.0012,0.129451,0.128909,0.13330999999999998,-0.035165800000000004,0.000436331,1.0653,-0.06839939999999999,-0.161391,-0.142701,0.051458300000000005,0.0,0.0383457,-0.07416189999999999,-2.51875,2.75,-0.930544,0,20171122,0.0
207,2017-11-09,2017-11-09 14:56:08,2.8815,10001019,0.000859878,0.0009,0.001,0.13685899999999998,0.137942,0.14052,-0.0297495,0.000365586,0.912525,-0.0675532,-0.139922,-0.124968,0.0404736,0.00116665,0.035256,-0.0725077,-2.89917,2.75,-1.02459,0,20171122,0.0
208,2017-11-10,2017-11-10 14:56:13,2.9194,10001019,0.000695795,0.0007,0.0008,0.164693,0.164848,0.16838599999999998,-0.0215496,0.000269986,0.5979869999999999,-0.0700473,-0.0929551,-0.0845863,0.03,0.045083,0.0321652,-0.0662501,-3.18982,2.75,-1.3224,0,20171122,2.9165
209,2017-11-13,2017-11-13 14:56:06,2.9313,10001020,0.000608076,0.0004,0.0005,0.144601,0.13558599999999998,0.140218,-0.0238006,0.000261774,0.830571,-0.07592230000000001,-0.10437,-0.0952217,0.03,0.0490388,0.0253663,-0.0663336,-4.4442,2.8,-1.1388,0,20171122,2.9275
210,2017-11-14,2017-11-14 14:56:11,2.9195,10001019,0.00049037,0.0005,0.0006,0.187345,0.187877,0.193047,-0.016583700000000003,0.000179816,0.505523,-0.077032,-0.051518,-0.0479923,0.03,0.0595573,0.0222755,-0.0509225,-3.88638,2.75,-1.58534,0,20171122,2.9145
211,2017-11-15,2017-11-15 14:56:09,2.9047,10001020,0.000524032,0.0004,0.0005,0.136234,0.13053299999999998,0.135202,-0.025121,0.00023608,1.07052,-0.0836028,-0.0975616,-0.08975269999999999,0.03,0.0272587,0.0191855,-0.0729433,-5.90287,2.8,-1.06166,0,20171122,2.9025
212,2017-11-16,2017-11-16 14:56:02,2.9383,10001022,0.000525994,0.0005,0.0006,0.119489,0.118457,0.122272,-0.0302787,0.000255484,1.53859,-0.106945,-0.106859,-0.09829,0.03,0.16636099999999998,0.0160959,-0.09006610000000001,-8.11455,2.85,-0.8927959999999999,0,20171122,2.9305
213,2017-11-17,2017-11-17 14:56:07,2.9866,10001024,0.000589741,0.0003,0.0006,0.132546,0.118605,0.132953,-0.0330828,0.000251167,1.63352,-0.141512,-0.089942,-0.08364400000000001,0.03,0.16701300000000002,0.013005100000000002,-0.0995073,-10.0142,2.9,-0.969584,0,20171122,2.9895
214,2017-11-20,2017-11-20 14:56:04,2.9935,10001036,0.0011702,0.001,0.001,0.129905,0.12501700000000002,0.12501700000000002,-0.0832836,0.000361315,5.0015,-0.399751,-0.0766278,-0.0722857,0.03,0.116731,0.00620586,-0.123728,-18.4717,2.95,-0.715936,0,20171122,2.9935
215,2017-11-21,2017-11-21 14:56:09,3.0499,10001036,3.62294e-05,0.0001,0.0002,0.206044,0.230502,0.251935,-0.00337524,1.73125e-05,0.28996700000000003,-0.06460890000000001,-0.0057002,-0.00557977,0.03,0.744532,0.00311506,-0.023228,-13.6468,2.95,-2.22725,0,20171122,3.0445
216,2017-11-22,2017-11-22 14:56:11,3.0615,10001044,8.204249999999999e-10,0.0,0.0001,0.859432,0.0,1.0,-3.37117e-07,2.6401400000000004e-10,0.000132768,-0.000421247,0.0,0.0,37.1068,0.0,2.45787e-05,-3.37117e-07,0.0,3.0,-17.0745,0,20171122,3.0625
217,2017-11-23,2017-11-23 14:56:13,2.9872,10000984,0.00776212,0.0075,0.0078,0.143297,0.14183800000000002,0.143506,-0.118988,0.0018089,1.52544,-0.125947,-0.353594,-0.28675900000000004,0.0380181,0.0,0.0927374,-0.13801,-0.515622,2.85,-0.6638890000000001,0,20171227,2.9875
218,2017-11-24,2017-11-24 14:56:12,2.9957,10000984,0.00836204,0.0083,0.0085,0.153027,0.152683,0.153788,-0.121139,0.00180622,1.4671299999999998,-0.14311500000000002,-0.336769,-0.275052,0.03,0.000256398,0.08964730000000001,-0.144258,-0.639423,2.85,-0.7017140000000001,0,20171227,2.9935
219,2017-11-27,2017-11-27 14:56:10,2.9678,10000968,0.00742261,0.0074,0.0075,0.172193,0.172046,0.17269500000000002,-0.103626,0.00153854,1.22446,-0.14819000000000002,-0.27773600000000004,-0.231686,0.037136800000000005,0.0,0.08284789999999999,-0.13136099999999998,-0.8745430000000001,2.8,-0.8515799999999999,0,20171227,2.9685
220,2017-11-28,2017-11-28 14:56:16,2.906,10001090,0.0145502,0.0147,0.0148,0.159685,0.16034500000000002,0.16078399999999998,-0.195737,0.00226614,2.107,-0.223515,-0.347136,-0.281177,0.03,0.024893400000000003,0.07975700000000001,-0.21555900000000006,-0.6398590000000001,2.8,-0.532064,0,20171227,2.8965
221,2017-11-29,2017-11-29 14:56:15,2.9005,10000960,0.00471975,0.0043,0.0044,0.180696,0.176786,0.177734,-0.07173810000000001,0.00109831,0.942373,-0.128584,-0.212275,-0.180874,0.03,0.0266149,0.07666680000000001,-0.108082,-1.20168,2.7,-1.03856,0,20171227,2.8915
222,2017-11-30,2017-11-30 14:56:01,2.8653,10000960,0.00962094,0.0087,0.0091,0.197313,0.191398,0.193996,-0.123707,0.00158777,1.33212,-0.207722,-0.240607,-0.203262,0.03,0.0162191,0.07357799999999999,-0.15836,-1.17424,2.7,-0.891202,0,20171227,2.8585
223,2017-12-01,2017-12-01 14:56:13,2.8426,10000960,0.0140514,0.0141,0.0146,0.207184,0.207444,0.210095,-0.165118,0.0018732,1.58742,-0.271433,-0.258395,-0.216979,0.03,0.0226613,0.07048650000000001,-0.199002,-1.17753,2.7,-0.783216,0,20171227,2.8355
224,2017-12-04,2017-12-04 14:56:11,2.8655,10000960,0.00742051,0.0073,0.0074,0.193901,0.192998,0.193748,-0.10776,0.00133904,1.32057,-0.204304,-0.210588,-0.180472,0.03,0.032216800000000004,0.0636871,-0.144803,-1.5223799999999998,2.7,-0.940706,0,20171227,2.8575
225,2017-12-05,2017-12-05 14:56:04,2.9155,10001126,0.00465518,0.0048,0.0049,0.174035,0.175374,0.176288,-0.08067139999999999,0.00107342,1.19743,-0.151608,-0.204423,-0.176033,0.03,0.0198257,0.0605976,-0.118057,-1.58424,2.75,-0.959627,0,20171227,2.9135
226,2017-12-06,2017-12-06 14:56:01,2.8782,10001126,0.00846095,0.0085,0.0086,0.177251,0.17751199999999998,0.178179,-0.134437,0.00149372,1.7689400000000002,-0.226597,-0.236274,-0.201185,0.03,0.0213534,0.0575076,-0.169495,-1.53331,2.75,-0.768306,0,20171227,2.8725
227,2017-12-07,2017-12-07 14:56:11,2.8443,10000960,0.00572071,0.0055,0.0057,0.176995,0.175095,0.176818,-0.100905,0.00117151,1.5035,-0.19173,-0.202021,-0.174314,0.03,0.034806800000000006,0.0544163,-0.141454,-1.83237,2.7,-0.8882909999999999,0,20171227,2.8395
228,2017-12-08,2017-12-08 14:56:10,2.8726,10000960,0.00249356,0.0025,0.0026,0.169762,0.169854,0.171265,-0.0527544,0.000700158,0.973792,-0.117154,-0.159395,-0.13988599999999998,0.03,0.0395026,0.0513261,-0.0963849,-2.0393,2.7,-1.08545,0,20171227,2.8645
229,2017-12-11,2017-12-11 14:56:06,2.9036,10001126,0.00224223,0.0022,0.0023,0.159421,0.15878499999999998,0.160281,-0.0536102,0.000667626,1.11555,-0.122116,-0.16138,-0.142213,0.03,0.047137300000000014,0.044527,-0.0949591,-2.43922,2.75,-1.0158,0,20171227,2.8955
230,2017-12-12,2017-12-12 14:56:15,2.8565,10000960,0.00214072,0.0015,0.0016,0.17073,0.159137,0.161108,-0.0507939,0.000607109,1.05175,-0.12526600000000002,-0.137776,-0.122542,0.03,0.031764999999999995,0.0414357,-0.092434,-2.56778,2.7,-1.10577,0,20171227,2.8495
231,2017-12-13,2017-12-13 14:56:10,2.8803,10001126,0.00287089,0.0028,0.003,0.159606,0.158674,0.161275,-0.0710051,0.0007652819999999999,1.50721,-0.164104,-0.162118,-0.14331,0.03,0.0540863,0.038346,-0.115773,-2.89153,2.75,-0.926759,0,20171227,2.8735
232,2017-12-14,2017-12-14 14:56:00,2.8594,10000960,0.00125371,0.0013,0.0014,0.16783199999999998,0.168943,0.171265,-0.0347784,0.000412581,0.852784,-0.100112,-0.111473,-0.100491,0.03,0.0496021,0.035256800000000005,-0.07996139999999999,-3.0634,2.7,-1.20721,0,20171227,2.85
233,2017-12-15,2017-12-15 14:56:16,2.8312,10000960,0.0019771,0.0015,0.0017,0.162331,0.153347,0.157279,-0.0557472,0.00057059,1.36333,-0.15165399999999998,-0.130689,-0.117265,0.03,0.0789691,0.032164799999999986,-0.106926,-3.65224,2.7,-1.02314,0,20171227,2.8215
234,2017-12-18,2017-12-18 14:56:10,2.8426,10000960,0.00109772,0.0009,0.001,0.17019,0.164278,0.167354,-0.0355457,0.000354057,1.01498,-0.130524,-0.0914627,-0.08372439999999999,0.03,0.14660399999999998,0.025365900000000004,-0.0811251,-4.76267,2.7,-1.21832,0,20171227,2.8275
235,2017-12-19,2017-12-19 14:56:06,2.8841,10001126,0.00113151,0.0012,0.0014,0.16751,0.169376,0.174505,-0.0386892,0.00036072,1.16217,-0.15473499999999998,-0.0915537,-0.0841036,0.03,0.201562,0.022276,-0.08999249999999999,-5.8061099999999985,2.75,-1.17359,0,20171227,2.8705
236,2017-12-20,2017-12-20 14:56:02,2.8843,10001126,0.000785847,0.0008,0.0009,0.170017,0.170541,0.17408900000000002,-0.029657,0.00026906900000000004,0.991511,-0.135198,-0.07450330000000001,-0.0690843,0.03,0.217114,0.0191862,-0.0820084,-6.46131,2.75,-1.27326,0,20171227,2.8735
237,2017-12-21,2017-12-21 14:56:15,2.9072,10001126,0.0004883730000000001,0.0005,0.0006,0.196279,0.196973,0.202557,-0.0184011,0.000166257,0.622691,-0.114501,-0.0402682,-0.0379379,0.03,0.275594,0.016094499999999998,-0.0617279,-5.8815800000000005,2.75,-1.62809,0,20171227,2.8925
238,2017-12-22,2017-12-22 14:56:08,2.8928,10001126,0.000379682,0.0003,0.0005,0.194785,0.1884,0.202942,-0.0163644,0.000134547,0.634699,-0.113382,-0.0343954,-0.0326125,0.03,0.296893,0.013005,-0.0634562,-7.0998199999999985,2.75,-1.6539099999999998,0,20171227,2.8775
239,2017-12-25,2017-12-25 14:56:13,2.8928,10001090,0.000504735,0.0002,0.0003,0.187136,0.161933,0.171926,-0.030335300000000006,0.00015634200000000002,1.60893,-0.307809,-0.0350396,-0.0336172,0.03,0.851268,0.00620489,-0.0796208,-22.5183,2.8,-1.3969200000000002,0,20171227,2.8775
240,2017-12-26,2017-12-26 14:56:05,2.9041,10001091,0.00126616,0.0012,0.0013,0.191629,0.189036,0.192932,-0.0878742,0.000258296,5.12969,-1.15519,-0.0388793,-0.0375341,0.03,1.44415,0.00311549,-0.176378,-60.8196,2.85,-1.03184,0,20171227,2.8905
241,2017-12-27,2017-12-27 14:56:01,2.8287,10001090,0.00010019,0.0,0.0001,0.790721,0.0,0.790482,-0.0235079,7.96532e-06,4.88733,-18.0048,-1.7039e-11,-1.75231e-11,0.03,86.9439,2.5652e-05,-0.177022,-5959.54,2.8,-6.27263,0,20171227,2.8295
242,2017-12-28,2017-12-28 14:56:07,2.8587,10001136,0.00355732,0.0036,0.0038,0.155637,0.156065,0.15803699999999998,-0.066682,0.000994401,1.08074,-0.0939757,-0.23077,-0.195679,0.0669107,0.0,0.0723418,-0.0981208,-1.02637,2.7,-0.921396,0,20180124,2.8535
243,2017-12-29,2017-12-29 14:56:11,2.861,10001136,0.0018204,0.0021,0.0022,0.138698,0.142655,0.143999,-0.042257800000000005,0.000678335,0.8628020000000001,-0.060171,-0.219372,-0.186982,0.0632185,0.0,0.06925110000000001,-0.0760543,-1.13046,2.7,-0.946926,0,20180124,2.8565
244,2018-01-02,2018-01-02 14:56:06,2.9111,10001128,0.00212534,0.002,0.0021,0.146553,0.144774,0.146198,-0.0480786,0.0007162910000000001,0.951758,-0.0808912,-0.203227,-0.175068,0.0418689,0.00159714,0.0605974,-0.08282260000000001,-1.4723,2.75,-0.964725,0,20180124,2.9075
245,2018-01-03,2018-01-03 14:56:05,2.9192,10001128,0.00206199,0.0019,0.002,0.152055,0.149614,0.151134,-0.0462889,0.0006786810000000001,0.910785,-0.0874468,-0.187912,-0.162971,0.03,0.0135997,0.0575072,-0.0848835,-1.6880000000000002,2.75,-1.01168,0,20180124,2.9115
246,2018-01-04,2018-01-04 14:56:14,2.9223,10001128,0.00173027,0.0015,0.0017,0.153091,0.149048,0.152578,-0.0404647,0.000592897,0.833399,-0.08137430000000001,-0.173197,-0.151194,0.03,0.013296700000000002,0.054416,-0.0806003,-1.81373,2.75,-1.0576299999999998,0,20180124,2.9185
247,2018-01-05,2018-01-05 14:56:00,2.9371,10001100,0.0031836,0.0031,0.0032,0.146546,0.145628,0.146725,-0.0723931,0.000916374,1.41256,-0.130638,-0.210751,-0.181967,0.03,0.0294675,0.0513161,-0.113195,-1.90676,2.8,-0.844577,0,20180124,2.9315
248,2018-01-08,2018-01-08 14:56:13,2.9465,10001100,0.00219101,0.0022,0.0024,0.153221,0.153353,0.156225,-0.0537359,0.0006788419999999999,1.14636,-0.114974,-0.171138,-0.150446,0.03,0.0187146,0.0445159,-0.0929184,-2.31118,2.8,-0.976378,0,20180124,2.9425
249,2018-01-09,2018-01-09 14:56:08,2.9742,10001100,0.0010694,0.0011,0.0011,0.15650799999999998,0.15726700000000002,0.15726700000000002,-0.028955400000000006,0.00039984,0.697149,-0.0764897,-0.131455,-0.117366,0.03,0.0415415,0.041427,-0.07056110000000003,-2.56517,2.8,-1.17674,0,20180124,2.9695
250,2018-01-10,2018-01-10 14:56:14,2.9979,10001101,0.00190788,0.0019,0.002,0.156855,0.156723,0.158379,-0.0491453,0.000596941,1.10454,-0.123265,-0.15170999999999998,-0.134911,0.03,0.0381742,0.038337,-0.0932058,-2.8455,2.85,-1.02717,0,20180124,2.994
251,2018-01-11,2018-01-11 14:56:12,2.9955,10001101,0.00194549,0.0018,0.002,0.162726,0.160173,0.163655,-0.0502445,0.000582147,1.13111,-0.134731,-0.139807,-0.125098,0.03,0.0327405,0.0352478,-0.0958964,-3.09504,2.85,-1.05879,0,20180124,2.9905
252,2018-01-12,2018-01-12 14:56:06,3.0224,10001101,0.00144351,0.0013,0.0014,0.181061,0.177648,0.180048,-0.0364954,0.000433257,0.814537,-0.12561,-0.101081,-0.091841,0.03,0.0634302,0.032159,-0.0829981,-3.3178300000000003,2.85,-1.28606,0,20180124,3.0165
253,2018-01-15,2018-01-15 14:56:01,3.0454,10001102,0.00271085,0.003,0.0031,0.199967,0.204635,0.206196,-0.0634803,0.0006035109999999999,1.28314,-0.244351,-0.0995661,-0.0911023,0.03,0.06363669999999999,0.0253608,-0.105751,-4.41576,2.9,-1.20736,0,20180124,3.0435
254,2018-01-16,2018-01-16 14:56:08,3.0655,10001102,0.00112119,0.0011,0.0012,0.199817,0.199154,0.202221,-0.031167200000000006,0.000321216,0.768116,-0.14568599999999998,-0.0641681,-0.0595831,0.03,0.0469526,0.0222707,-0.0686019,-4.2360000000000015,2.9,-1.47748,0,20180124,3.0585
255,2018-01-17,2018-01-17 14:56:16,3.0784,10001102,0.00161057,0.0016,0.0017,0.241211,0.240914,0.243683,-0.038533,0.000356271,0.812591,-0.23154,-0.0422068,-0.0396182,0.03,0.093798,0.0191804,-0.072259,-4.16275,2.9,-1.6889,0,20180124,3.0745
256,2018-01-18,2018-01-18 14:56:04,3.1073,10001103,0.00163081,0.0016,0.0017,0.239525,0.238649,0.241461,-0.0420011,0.000353371,0.949494,-0.262231,-0.0423009,-0.0398653,0.03,0.0245944,0.0160923,-0.0790768,-5.0316,2.95,-1.6407900000000002,0,20180124,3.1035
257,2018-01-19,2018-01-19 14:56:03,3.1139,10001103,0.00200307,0.002,0.0021,0.281805,0.281718,0.284519,-0.0476816,0.000352483,0.99205,-0.393495,-0.0255996,-0.024373500000000003,0.03,0.108147,0.013003,-0.08107710000000001,-5.03399,2.95,-1.86106,0,20180124,3.1085
258,2018-01-22,2018-01-22 14:56:14,3.1296,10001104,0.00046035,0.0009,0.001,0.259987,0.290034,0.29551700000000003,-0.0194927,0.000116763,0.739202,-0.24699,-0.0101348,-0.00982607,0.03,0.0679554,0.00620307,-0.034691,-6.942989999999999,3.0,-2.13597,0,20180124,3.1265
259,2018-01-23,2018-01-23 14:56:06,3.1732,10001154,0.00166438,0.0011,0.0012,0.274753,0.25009000000000003,0.254866,-0.07574960000000001,0.000252497,2.9303,-1.22758,-0.0210043,-0.0204351,0.03,0.504012,0.00311452,-0.123391,-32.7366,3.1,-1.56692,0,20180124,3.1675
260,2018-01-24,2018-01-24 14:56:02,3.1656,10001154,5.6121400000000005e-15,0.0,0.0001,0.577308,0.0,1.0,-4.34481e-12,4.82546e-15,3.2516e-09,-5.95639e-09,0.0,0.0,0.03,38.3067,2.55447e-05,-1.0966600000000002e-09,-4.2582e-05,3.1,-15.7627,0,20180124,3.1655
261,2018-01-25,2018-01-25 14:56:07,3.1496,10001161,0.0145935,0.0151,0.0152,0.183199,0.185438,0.185877,-0.159518,0.00224998,1.43056,-0.216714,-0.344292,-0.282316,0.041447500000000005,0.0,0.0865438,-0.187066,-0.648225,3.0,-0.710444,0,20180228,3.1465
262,2018-01-26,2018-01-26 14:56:11,3.1782,10001161,0.00743531,0.0077,0.0078,0.16778900000000002,0.16942100000000002,0.170031,-0.0999158,0.00161031,1.13851,-0.149168,-0.300848,-0.250653,0.0391204,0.0,0.083454,-0.135424,-0.850234,3.0,-0.8441790000000001,0,20180228,3.1715
263,2018-01-29,2018-01-29 14:56:10,3.1332,10001150,0.00756332,0.0073,0.0074,0.171811,0.17011600000000002,0.170763,-0.104109,0.00156599,1.21121,-0.182182,-0.280656,-0.235465,0.03,0.0511913,0.0766553,-0.148917,-1.20067,2.95,-0.84698,0,20180228,3.1145
264,2018-01-30,2018-01-30 14:56:07,3.0955,10001149,0.00429959,0.0041,0.0042,0.161025,0.159242,0.160141,-0.0705195,0.00113263,0.997825,-0.129768,-0.248275,-0.21045100000000005,0.03,0.05721030000000001,0.0735662,-0.119535,-1.3398,2.9,-0.932591,0,20180228,3.0775
265,2018-01-31,2018-01-31 14:56:13,3.1297,10001150,0.00631515,0.0061,0.0062,0.168323,0.166773,0.167497,-0.0946098,0.00139869,1.20373,-0.173375,-0.261987,-0.221602,0.03,0.0520702,0.07047619999999999,-0.143502,-1.36383,2.95,-0.8675290000000001,0,20180228,3.1135
266,2018-02-01,2018-02-01 14:56:15,3.1475,10001161,0.00883529,0.0091,0.0092,0.161944,0.163464,0.16403299999999998,-0.13062200000000002,0.00173214,1.60219,-0.218537,-0.296053,-0.247873,0.03,0.055946900000000015,0.0673866,-0.17672100000000002,-1.31282,3.0,-0.712629,0,20180228,3.1355
267,2018-02-02,2018-02-02 14:56:15,3.1626,10001161,0.00738148,0.0074,0.0076,0.167579,0.1677,0.169008,-0.111329,0.00151928,1.40973,-0.208511,-0.267623,-0.226663,0.03,0.0605231,0.0642972,-0.163503,-1.51757,3.0,-0.801669,0,20180228,3.1435
268,2018-02-05,2018-02-05 14:56:03,3.198,10001161,0.00486433,0.005,0.0051,0.183948,0.185184,0.186085,-0.0755077,0.00109025,1.00788,-0.181074,-0.199082,-0.172978,0.03,0.0582784,0.0574997,-0.130905,-1.85045,3.0,-1.03903,0,20180228,3.1775
269,2018-02-06,2018-02-06 14:56:08,3.1073,10001150,0.0130815,0.0131,0.0132,0.225627,0.225737,0.22632600000000005,-0.150633,0.00169437,1.42946,-0.341878,-0.21645100000000006,-0.187047,0.03,0.0106857,0.054409800000000015,-0.201648,-1.74695,2.95,-0.908857,0,20180228,3.1055
270,2018-02-07,2018-02-07 14:56:14,3.0275,10001148,0.011222,0.0109,0.011,0.24367800000000006,0.24145300000000006,0.242146,-0.13065,0.00145521,1.26957,-0.345018,-0.171713,-0.150527,0.03,0.0296778,0.0513197,-0.187775,-2.0066900000000003,2.85,-1.0671,0,20180228,3.022
271,2018-02-08,2018-02-08 14:56:06,2.9544,10001147,0.0170713,0.0172,0.0176,0.266008,0.26677,0.26912600000000003,-0.177853,0.00168787,1.50722,-0.481791,-0.184139,-0.16080999999999998,0.03,0.0620747,0.0482312,-0.240898,-2.27321,2.8,-0.949457,0,20180228,2.9405
272,2018-02-09,2018-02-09 14:56:03,2.793,10001159,0.036816,0.0358,0.0364,0.387092,0.381742,0.384905,-0.255484,0.00190428,1.39697,-0.848585,-0.167685,-0.147038,0.03,0.0765859,0.0451421,-0.323381,-2.51478,2.65,-0.94986,0,20180228,2.8035
273,2018-02-12,2018-02-12 14:56:10,2.8075,10001159,0.0211997,0.0198,0.02,0.33620300000000003,0.326977,0.328306,-0.199038,0.00153114,1.50693,-0.7367520000000001,-0.132199,-0.117948,0.03,0.148302,0.0383426,-0.27323000000000003,-3.28949,2.65,-1.08673,0,20180228,2.8005
274,2018-02-13,2018-02-13 14:56:06,2.8547,10001160,0.0145922,0.0146,0.0148,0.295694,0.295752,0.297236,-0.168149,0.00134459,1.58233,-0.618514,-0.126501,-0.11343699999999997,0.03,0.145039,0.0352639,-0.245779,-3.55813,2.7,-1.10036,0,20180228,2.8465
275,2018-02-14,2018-02-14 14:56:06,2.8871,10001160,0.0134884,0.0134,0.0137,0.330142,0.329402,0.331908,-0.148392,0.00119548,1.35029,-0.709954,-0.090136,-0.08205189999999997,0.03,0.25638,0.0321728,-0.230168,-3.87868,2.7,-1.33173,0,20180228,2.8685
276,2018-02-22,2018-02-22 14:56:04,2.9334,10001147,0.00749122,0.0075,0.0078,0.297114,0.297225,0.300966,-0.132312,0.000795573,1.93289,-0.8625139999999999,-0.0666528,-0.0622312,0.03,0.361384,0.0160992,-0.193275,-8.2754,2.8,-1.29908,0,20180228,2.9245
277,2018-02-23,2018-02-23 14:56:05,2.9564,10001147,0.00251941,0.0025,0.0026,0.294915,0.29442,0.29695,-0.0583323,0.000392665,1.17108,-0.474075,-0.0415239,-0.039283,0.03,0.198339,0.0130079,-0.107328,-7.38714,2.8,-1.82944,0,20180228,2.9505
278,2018-02-26,2018-02-26 14:56:06,2.9751,10001147,0.000454226,0.0008,0.001,0.339796,0.370446,0.384423,-0.0158334,9.29386e-05,0.497798,-0.281177,-0.00958286,-0.0092909,0.03,0.599405,0.00620736,-0.0326074,-7.662439999999999,2.8,-2.90011,0,20180228,2.9625
279,2018-02-27,2018-02-27 14:56:05,2.9199,10001148,0.00294968,0.0045,0.0046,0.317857,0.362592,0.365258,-0.115674,0.000317409,3.75829,-1.96367,-0.0327946,-0.0317427,0.03,1.0517,0.00311634,-0.184731,-47.4631,2.85,-1.50802,0,20180228,2.9135
280,2018-02-28,2018-02-28 14:56:07,2.8761,10001147,0.0,0.0,0.0001,0.557651,0.0,1.0,-0.0,2.98253e-21,2.56344e-15,-3.2970500000000002e-15,0.0,0.0,0.03,101.774,2.5008e-05,-0.00297655,-118.011,2.8,-19.3138,0,20180228,2.8715
281,2018-03-01,2018-03-01 14:56:07,2.8928,10001130,0.0244523,0.0242,0.0246,0.243133,0.242036,0.243775,-0.216944,0.00230153,1.5370700000000002,-0.391023,-0.27809,-0.231926,0.03,0.048447,0.0735937,-0.251328,-1.16528,2.75,-0.726424,0,20180328,2.8835
282,2018-03-02,2018-03-02 14:56:06,2.8688,10000977,0.018972,0.0186,0.0187,0.249797,0.247917,0.248423,-0.17841500000000002,0.00198474,1.36934,-0.364895,-0.235845,-0.19978,0.03,0.0570796,0.07050269999999999,-0.218483,-1.39257,2.7,-0.884785,0,20180328,2.8575
283,2018-03-05,2018-03-05 14:56:00,2.8659,10000977,0.015576,0.015,0.0153,0.242669,0.239412,0.241113,-0.16303,0.0017795000000000005,1.40153,-0.349428,-0.20865300000000006,-0.17890799999999998,0.03,0.053449,0.06370289999999999,-0.201992,-1.60141,2.7,-0.921365,0,20180328,2.8575
284,2018-03-06,2018-03-06 14:56:01,2.8983,10001130,0.0139896,0.0142,0.0144,0.218499,0.219686,0.220809,-0.164928,0.00176857,1.58975,-0.331598,-0.20662,-0.177668,0.03,0.057699699999999986,0.0606116,-0.205377,-1.71426,2.75,-0.8260870000000001,0,20180328,2.8845
285,2018-03-07,2018-03-07 14:56:04,2.8757,10001130,0.0182291,0.0181,0.0183,0.226361,0.225696,0.226725,-0.202822,0.00194491,1.8063,-0.393652,-0.229043,-0.195512,0.03,0.0497277,0.0575202,-0.241491,-1.69147,2.75,-0.726511,0,20180328,2.8685
286,2018-03-08,2018-03-08 14:56:06,2.9074,10001130,0.011876799999999998,0.0122,0.0123,0.225631,0.227696,0.228331,-0.146927,0.00155795,1.5007700000000002,-0.33752600000000005,-0.179637,-0.156404,0.03,0.0650332,0.0544289,-0.191234,-2.00241,2.75,-0.921585,0,20180328,2.8965
287,2018-03-09,2018-03-09 14:56:02,2.9135,10001130,0.00884752,0.0088,0.0089,0.216565,0.21621,0.216957,-0.12248,0.00133826,1.41802,-0.295984,-0.152542,-0.134239,0.03,0.06918510000000001,0.0513382,-0.168122,-2.13347,2.75,-0.98407,0,20180328,2.9025
288,2018-03-12,2018-03-12 14:56:08,2.915,10001130,0.00771411,0.0079,0.008,0.226785,0.228367,0.229212,-0.111753,0.00116907,1.36216,-0.306399,-0.131707,-0.117213,0.03,0.0575741,0.0445371,-0.15268800000000002,-2.41518,2.75,-1.08115,0,20180328,2.9035
289,2018-03-13,2018-03-13 14:56:01,2.8774,10001130,0.0124881,0.0127,0.0128,0.230406,0.231836,0.232508,-0.169446,0.00147776,1.86904,-0.429388,-0.16846,-0.148265,0.03,0.068999,0.0414467,-0.213759,-2.73279,2.75,-0.858017,0,20180328,2.8695
290,2018-03-14,2018-03-14 14:56:03,2.8753,10000977,0.00615511,0.0068,0.0069,0.239751,0.24637,0.247372,-0.09528939999999997,0.000952944,1.25347,-0.316587,-0.105994,-0.0954962,0.03,0.0991229,0.038355300000000016,-0.13984000000000002,-2.87776,2.7,-1.23065,0,20180328,2.8655
291,2018-03-15,2018-03-15 14:56:07,2.8981,10001130,0.00621226,0.0061,0.0062,0.223522,0.222382,0.223398,-0.1049,0.00098842,1.49301,-0.319433,-0.109736,-0.099026,0.03,0.050924,0.035263800000000005,-0.149841,-3.04755,2.75,-1.1016,0,20180328,2.8905
292,2018-03-16,2018-03-16 14:56:02,2.8671,10000977,0.00463649,0.0052,0.0053,0.241786,0.248913,0.25014000000000003,-0.08068860000000001,0.000769279,1.20301,-0.290952,-0.0844803,-0.0770456,0.03,0.0387853,0.032173200000000006,-0.123655,-3.0662,2.7,-1.33282,0,20180328,2.8635
293,2018-03-19,2018-03-19 14:56:06,2.8963,10001130,0.00582075,0.0057,0.0058,0.253812,0.252341,0.25356,-0.102635,0.000824631,1.5265,-0.429761,-0.0901198,-0.08258439999999999,0.03,0.0887995,0.0253723,-0.14518699999999998,-4.44687,2.75,-1.26416,0,20180328,2.8895
294,2018-03-20,2018-03-20 14:56:26,2.9024,10001130,0.00512458,0.004,0.0041,0.267429,0.25095700000000004,0.25250300000000003,-0.0931636,0.000721262,1.43695,-0.4574760000000001,-0.07823560000000003,-0.0722165,0.03,0.121616,0.022279,-0.137797,-5.05314,2.75,-1.39068,0,20180328,2.8965
295,2018-03-21,2018-03-21 14:56:09,2.8875,10001130,0.00584482,0.0053,0.0054,0.277469,0.269957,0.271359,-0.107714,0.000740341,1.6676400000000002,-0.567004,-0.0800893,-0.0741255,0.03,0.13271,0.0191897,-0.157595,-6.15771,2.75,-1.35191,0,20180328,2.8875
296,2018-03-22,2018-03-22 14:56:10,2.8589,10000977,0.00180535,0.0017,0.0019,0.263622,0.260523,0.266322,-0.0453101,0.000345621,0.996396,-0.292358,-0.036655400000000005,-0.034572900000000004,0.03,0.102773,0.0160985,-0.0825972,-5.06191,2.7,-1.76587,0,20180328,2.8575
297,2018-03-23,2018-03-23 14:56:18,2.7401,10001165,0.0155359,0.0155,0.0156,0.394296,0.393904,0.394996,-0.216121,0.000915748,2.3782,-1.34744,-0.0994712,-0.0917706,0.0883447,0.0221414,0.0130065,-0.267697,-7.777610000000001,2.65,-1.20286,0,20180328,2.7835
298,2018-03-26,2018-03-26 14:56:01,2.7272,10001238,0.00175807,0.0017,0.0018,0.387236,0.384588,0.389119,-0.0501751,0.000221284,1.2482799999999998,-0.657954,-0.0229731,-0.0221316,0.275196,0.0,0.00615487,-0.0774685,-12.5589,2.6,-2.52163,0,20180328,2.7335
299,2018-03-27,2018-03-27 14:56:09,2.7369,10001165,0.000965504,0.001,0.0011,0.339336,0.3417,0.34830700000000003,-0.0452275,0.000144524,1.84645,-0.81919,-0.014830200000000003,-0.0144494,0.03,0.215023,0.00307921,-0.0837095,-26.7565,2.65,-2.28478,0,20180328,2.7375
300,2018-03-28,2018-03-28 14:56:05,2.6707,10001165,9.52771e-10,0.0,0.0001,1.0,0.0,1.0,-8.2612e-07,2.46745e-10,0.0006857660000000001,-0.00114188,-2.45373e-08,-2.45259e-08,590.674,0.0,4.82988e-06,-7.84446e-07,0.00826115,2.65,-19.1641,0,20180328,2.6845
301,2018-03-29,2018-03-29 14:56:14,2.7329,10001268,0.0287626,0.0288,0.029,0.273976,0.274143,0.275034,-0.237003,0.00224285,1.54764,-0.437086,-0.27215900000000004,-0.226304,0.03,0.0363703,0.0708223,-0.272316,-1.1129,2.6,-0.7425189999999999,0,20180425,2.7355
302,2018-03-30,2018-03-30 14:56:06,2.7179,10001268,0.0301782,0.0306,0.0309,0.27109,0.272953,0.274275,-0.253226,0.00226106,1.6666,-0.452247,-0.274746,-0.228134,0.03,0.0311322,0.06774839999999999,-0.286871,-1.08542,2.6,-0.680351,0,20180425,2.7155
303,2018-04-02,2018-04-02 14:56:07,2.6947,10001272,0.0220068,0.021,0.0213,0.282428,0.277021,0.278639,-0.202174,0.0018738,1.49872,-0.429298,-0.2219,-0.188701,0.03,0.022516,0.060964099999999986,-0.241464,-1.47966,2.55,-0.901542,0,20180425,2.7015
304,2018-04-03,2018-04-03 14:56:08,2.6957,10001272,0.0211097,0.0205,0.0207,0.283483,0.28010100000000004,0.281213,-0.199165,0.00180971,1.51755,-0.4460560000000001,-0.213239,-0.182172,0.03,0.0366731,0.0578892,-0.241724,-1.64832,2.55,-0.917338,0,20180425,2.6905
305,2018-04-04,2018-04-04 14:56:14,2.6967,10001272,0.0206112,0.0198,0.0199,0.289731,0.285061,0.285639,-0.196312,0.00174645,1.51219,-0.464262,-0.20476,-0.175754,0.03,0.036267400000000005,0.054813699999999986,-0.24083,-1.7747,2.55,-0.949787,0,20180425,2.6955
306,2018-04-09,2018-04-09 14:56:00,2.7134,10001272,0.0144048,0.0141,0.0143,0.29857100000000003,0.296338,0.29780500000000004,-0.156685,0.00136995,1.40609,-0.468678,-0.156444,-0.13761099999999998,0.03,0.0480696,0.0443218,-0.198047,-2.44258,2.55,-1.16485,0,20180425,2.7085
307,2018-04-10,2018-04-10 14:56:12,2.7816,10001256,0.015221200000000002,0.0153,0.0155,0.265041,0.265569,0.266905,-0.182071,0.00149166,1.7635599999999998,-0.492999,-0.17065,-0.14977200000000002,0.03,0.058022,0.0412457,-0.224956,-2.64758,2.65,-0.93182,0,20180425,2.7755
308,2018-04-11,2018-04-11 14:56:01,2.7823,10001256,0.0149388,0.0151,0.0152,0.274876,0.276006,0.276706,-0.17971199999999998,0.00142381,1.75292,-0.525582,-0.162008,-0.142931,0.03,0.056775,0.038172000000000005,-0.224316,-2.88422,2.65,-0.976498,0,20180425,2.7765
309,2018-04-12,2018-04-12 14:56:08,2.7474,10001268,0.0119835,0.0111,0.0112,0.290975,0.283529,0.284382,-0.150543,0.00120242,1.55988,-0.5016930000000001,-0.135148,-0.120641,0.03,0.038725800000000005,0.0350965,-0.196697,-3.13332,2.6,-1.17086,0,20180425,2.7425
310,2018-04-13,2018-04-13 14:56:10,2.7226,10001268,0.014175299999999997,0.0137,0.014,0.289916,0.286183,0.288544,-0.180418,0.00127978,1.85975,-0.579713,-0.144137,-0.128415,0.03,0.031616700000000005,0.0320214,-0.227527,-3.36597,2.6,-1.02878,0,20180425,2.7195
311,2018-04-16,2018-04-16 14:56:19,2.6627,10001272,0.013346,0.0134,0.0135,0.305596,0.306075,0.30696,-0.184687,0.00112721,2.06149,-0.6996899999999999,-0.125449,-0.113044,0.03,0.06580130000000001,0.0252363,-0.227783,-4.51195,2.55,-1.06619,0,20180425,2.6585
312,2018-04-17,2018-04-17 14:56:08,2.6308,10001278,0.00955421,0.0094,0.0095,0.320591,0.318856,0.319982,-0.14491600000000002,0.000891628,1.81314,-0.673652,-0.0978041,-0.0893592,0.03,0.106218,0.0221627,-0.192659,-5.41404,2.5,-1.32485,0,20180425,2.6275
313,2018-04-18,2018-04-18 14:56:12,2.6523,10001278,0.00404705,0.0042,0.0043,0.300531,0.303322,0.30512100000000003,-0.0797466,0.000543168,1.34601,-0.445628,-0.0584095,-0.054376,0.03,0.11578,0.0190875,-0.124352,-5.51785,2.5,-1.66474,0,20180425,2.6445
314,2018-04-19,2018-04-19 14:56:09,2.6842,10001272,0.00232161,0.0021,0.0023,0.251189,0.24571,0.25066700000000003,-0.0620267,0.000414951,1.43183,-0.3562,-0.0441755,-0.0415128,0.03,0.215074,0.016013,-0.108855,-6.37116,2.55,-1.52757,0,20180425,2.6745
315,2018-04-23,2018-04-23 14:56:07,2.6659,10001272,0.000919605,0.001,0.0011,0.29243,0.29704200000000003,0.302491,-0.0373047,0.000170137,1.3302,-0.466467,-0.0176217,-0.017010499999999998,0.03,0.6561939999999999,0.00615423,-0.067373,-13.8406,2.55,-2.06986,0,20180425,2.6565
316,2018-04-24,2018-04-24 14:56:11,2.7291,10001256,0.000974406,0.0015,0.0016,0.287716,0.316375,0.321207,-0.0527124,0.00016276,2.46673,-0.934206,-0.0167141,-0.0162717,0.03,1.23819,0.00307899,-0.10468,-36.1412,2.65,-1.85203,0,20180425,2.7175
317,2018-04-25,2018-04-25 14:56:04,2.6971,10001256,0.0,0.0,0.0001,0.721079,0.0,1.0,-0.0,1.60669e-28,6.072040000000001e-22,-1.14832e-21,0.0,0.0,0.03,175.851,4.93721e-06,-0.02696,-5344.39,2.65,-29.7961,0,20180425,2.6935
318,2018-04-26,2018-04-26 14:56:01,2.6621,10001292,0.0143626,0.0141,0.0142,0.240906,0.239354,0.239946,-0.155894,0.00169691,1.39753,-0.286925,-0.200173,-0.170678,0.03,0.029910400000000007,0.0711215,-0.197746,-1.31824,2.5,-0.942395,0,20180523,2.6525
319,2018-04-27,2018-04-27 14:56:05,2.6568,10001292,0.0152674,0.0151,0.0152,0.24667600000000006,0.245695,0.24628200000000006,-0.163735,0.00171038,1.44394,-0.309539,-0.201619,-0.172044,0.03,0.029784,0.0680299,-0.206808,-1.38886,2.5,-0.933135,0,20180523,2.6445
320,2018-05-02,2018-05-02 14:56:06,2.6604,10001292,0.0141711,0.0143,0.0144,0.263679,0.264522,0.265174,-0.156327,0.00152785,1.42329,-0.35283000000000003,-0.177479,-0.153572,0.03,0.0373625,0.05752,-0.196771,-1.76913,2.5,-1.03009,0,20180523,2.6465
321,2018-05-03,2018-05-03 14:56:10,2.6659,10001292,0.0133556,0.013,0.0131,0.26989,0.267417,0.268115,-0.149364,0.00144481,1.38392,-0.364432,-0.16683900000000002,-0.14518,0.03,0.046624,0.0544284,-0.192089,-1.93097,2.5,-1.08609,0,20180523,2.6535
322,2018-05-04,2018-05-04 14:56:06,2.6459,10001292,0.016186700000000002,0.0156,0.0158,0.275772,0.271968,0.27327,-0.17619500000000002,0.0015508,1.56466,-0.422013,-0.179809,-0.155888,0.03,0.042820800000000006,0.051337699999999986,-0.219235,-2.01195,2.5,-0.98972,0,20180523,2.6365
323,2018-05-07,2018-05-07 14:56:02,2.6866,10001293,0.015588299999999998,0.0156,0.0157,0.272957,0.273036,0.273706,-0.180486,0.0014888,1.69671,-0.470172,-0.171138,-0.149553,0.03,0.05974640000000001,0.044537699999999986,-0.221772,-2.43583,2.55,-0.963956,0,20180523,2.6765
324,2018-05-08,2018-05-08 14:56:03,2.7236,10001294,0.015453299999999996,0.0154,0.0156,0.254791,0.254439,0.255757,-0.192887,0.00151616,1.93546,-0.502996,-0.173998,-0.15223499999999998,0.03,0.101256,0.0414465,-0.238505,-2.81327,2.6,-0.854482,0,20180523,2.7125
325,2018-05-09,2018-05-09 14:56:12,2.7176,10001294,0.0129418,0.0128,0.0129,0.24561,0.244587,0.24530900000000005,-0.178698,0.00138898,1.99647,-0.459571,-0.157987,-0.139372,0.03,0.06136030000000001,0.0383544,-0.223717,-2.90821,2.6,-0.878967,0,20180523,2.7095
326,2018-05-10,2018-05-10 14:56:03,2.7357,10001294,0.0075165000000000015,0.0074,0.0076,0.229259,0.228158,0.230044,-0.12586,0.00106145,1.7542799999999998,-0.36972,-0.118511,-0.106379,0.03,0.102361,0.0352642,-0.175791,-3.38584,2.6,-1.02933,0,20180523,2.7225
