,date,timestamp,spot_price,id,OptionPrice,BidPrice,AskPrice,Sigma,BidSigma,AskSigma,Delta,Vega,Gamma,Theta,Rho,RhoB,Risk_free_rate,Borrow_rate,time2expiry,Delta_time_decay,Delta_time,strike,Z,type,expiry,etf_price,tomorrow_bid1,volume
0,2017-12-01,2017-12-01 14:56:13,2.8426,10000960,0.0140514,0.0141,0.0146,0.207184,0.20744400000000002,0.21009499999999998,-0.16511800000000001,0.0018732,1.58742,-0.271433,-0.258395,-0.216979,0.03,0.0226613,0.07048650000000001,-0.19900199999999998,-1.17753,2.7,-0.783216,0,20171227,2.8355,0.0073,-19.0
1,2017-12-04,2017-12-04 14:56:11,2.8655,10000960,0.00742051,0.0073,0.0074,0.193901,0.192998,0.193748,-0.10776,0.00133904,1.32057,-0.20430399999999999,-0.210588,-0.180472,0.03,0.032216800000000004,0.0636871,-0.144803,-1.5223799999999998,2.7,-0.9407059999999999,0,20171227,2.8575,0.0025,0.0
2,2017-12-05,2017-12-05 14:56:04,2.9155,10001126,0.00465518,0.0048,0.0049,0.174035,0.175374,0.176288,-0.08067139999999999,0.00107342,1.19743,-0.151608,-0.204423,-0.176033,0.03,0.0198257,0.0605976,-0.118057,-1.5842399999999999,2.75,-0.959627,0,20171227,2.9135,0.0085,-287.0
3,2017-12-06,2017-12-06 14:56:01,2.8782,10001126,0.00846095,0.0085,0.0086,0.177251,0.17751199999999998,0.178179,-0.134437,0.00149372,1.7689400000000002,-0.226597,-0.23627399999999998,-0.201185,0.03,0.0213534,0.0575076,-0.169495,-1.53331,2.75,-0.768306,0,20171227,2.8725,0.0114,-338.0
4,2017-12-07,2017-12-07 14:56:11,2.8443,10000960,0.00572071,0.0055,0.0057,0.176995,0.175095,0.176818,-0.100905,0.00117151,1.5035,-0.19172999999999998,-0.202021,-0.174314,0.03,0.034806800000000006,0.0544163,-0.141454,-1.83237,2.7,-0.8882909999999999,0,20171227,2.8395,0.0025,-95.0
5,2017-12-08,2017-12-08 14:56:10,2.8726,10000960,0.00249356,0.0025,0.0026,0.169762,0.169854,0.171265,-0.0527544,0.000700158,0.973792,-0.117154,-0.159395,-0.13988599999999998,0.03,0.0395026,0.0513261,-0.0963849,-2.0393,2.7,-1.08545,0,20171227,2.8645,0.0012,-40.0
6,2017-12-11,2017-12-11 14:56:06,2.9036,10001126,0.00224223,0.0022,0.0023,0.159421,0.15878499999999998,0.160281,-0.0536102,0.000667626,1.11555,-0.122116,-0.16138,-0.142213,0.03,0.04713730000000002,0.044527,-0.0949591,-2.43922,2.75,-1.0158,0,20171227,2.8955,0.005,-27.0
7,2017-12-12,2017-12-12 14:56:15,2.8565,10000960,0.00214072,0.0015,0.0016,0.17073,0.159137,0.161108,-0.0507939,0.000607109,1.05175,-0.12526600000000002,-0.137776,-0.12254200000000001,0.03,0.031764999999999995,0.0414357,-0.092434,-2.56778,2.7,-1.1057700000000001,0,20171227,2.8495,0.0013,-369.0
8,2017-12-13,2017-12-13 14:56:10,2.8803,10001126,0.00287089,0.0028,0.003,0.159606,0.158674,0.161275,-0.0710051,0.0007652819999999999,1.50721,-0.164104,-0.162118,-0.14331,0.03,0.054086300000000004,0.038346,-0.115773,-2.89153,2.75,-0.926759,0,20171227,2.8735,0.0033,-458.0
9,2017-12-14,2017-12-14 14:56:00,2.8594,10000960,0.00125371,0.0013,0.0014,0.16783199999999998,0.168943,0.171265,-0.0347784,0.00041258099999999997,0.852784,-0.100112,-0.111473,-0.100491,0.03,0.049602099999999996,0.035256800000000005,-0.07996139999999999,-3.0634,2.7,-1.2072100000000001,0,20171227,2.85,0.0015,-401.0
10,2017-12-15,2017-12-15 14:56:16,2.8312,10000960,0.0019771,0.0015,0.0017,0.162331,0.153347,0.157279,-0.0557472,0.00057059,1.36333,-0.15165399999999998,-0.130689,-0.11726500000000001,0.03,0.0789691,0.03216479999999998,-0.106926,-3.65224,2.7,-1.02314,0,20171227,2.8215,0.0009,-256.0
11,2017-12-18,2017-12-18 14:56:10,2.8426,10000960,0.00109772,0.0009,0.001,0.17019,0.164278,0.167354,-0.0355457,0.00035405699999999996,1.01498,-0.130524,-0.0914627,-0.08372439999999999,0.03,0.14660399999999998,0.025365900000000004,-0.0811251,-4.76267,2.7,-1.21832,0,20171227,2.8275,0.0004,-66.0
12,2017-12-19,2017-12-19 14:56:06,2.8841,10001126,0.00113151,0.0012,0.0014,0.16751,0.169376,0.174505,-0.0386892,0.00036072,1.1621700000000001,-0.15473499999999998,-0.09155369999999999,-0.0841036,0.03,0.201562,0.022276,-0.08999249999999999,-5.806109999999999,2.75,-1.17359,0,20171227,2.8705,0.0008,0.0
13,2017-12-20,2017-12-20 14:56:02,2.8843,10001126,0.000785847,0.0008,0.0009,0.170017,0.170541,0.17408900000000002,-0.029657,0.00026906900000000004,0.991511,-0.135198,-0.07450330000000001,-0.0690843,0.03,0.21711399999999997,0.0191862,-0.0820084,-6.46131,2.75,-1.27326,0,20171227,2.8735,0.0005,-141.0
14,2017-12-21,2017-12-21 14:56:15,2.9072,10001126,0.0004883730000000001,0.0005,0.0006,0.196279,0.196973,0.202557,-0.0184011,0.000166257,0.622691,-0.114501,-0.0402682,-0.037937900000000004,0.03,0.275594,0.016094499999999998,-0.0617279,-5.8815800000000005,2.75,-1.62809,0,20171227,2.8925,0.0003,-437.0
15,2017-12-22,2017-12-22 14:56:08,2.8928,10001126,0.00037968199999999995,0.0003,0.0005,0.19478499999999999,0.1884,0.202942,-0.0163644,0.000134547,0.634699,-0.113382,-0.0343954,-0.0326125,0.03,0.29689299999999996,0.013005000000000001,-0.0634562,-7.099819999999999,2.75,-1.6539099999999998,0,20171227,2.8775,0.0002,-437.0
16,2017-12-25,2017-12-25 14:56:13,2.8928,10001090,0.000504735,0.0002,0.0003,0.187136,0.161933,0.171926,-0.030335300000000006,0.00015634200000000002,1.60893,-0.307809,-0.0350396,-0.0336172,0.03,0.851268,0.00620489,-0.0796208,-22.5183,2.8,-1.3969200000000002,0,20171227,2.8775,0.0001,-174.0
17,2017-12-26,2017-12-26 14:56:05,2.9041,10001091,0.00126616,0.0012,0.0013,0.191629,0.18903599999999998,0.192932,-0.0878742,0.000258296,5.12969,-1.15519,-0.0388793,-0.0375341,0.03,1.44415,0.00311549,-0.176378,-60.8196,2.85,-1.0318399999999999,0,20171227,2.8905,0.0249,-206.0
18,2017-12-27,2017-12-27 14:56:01,2.8287,10001090,0.00010019,0.0,0.0001,0.790721,0.0,0.790482,-0.0235079,7.96532e-06,4.88733,-18.0048,-1.7039e-11,-1.75231e-11,0.03,86.9439,2.5651999999999998e-05,-0.177022,-5959.54,2.8,-6.27263,0,20171227,2.8295,,-200.0
19,2017-12-28,2017-12-28 14:56:07,2.8587,10001136,0.00355732,0.0036,0.0038,0.155637,0.156065,0.15803699999999998,-0.066682,0.000994401,1.08074,-0.0939757,-0.23076999999999998,-0.195679,0.0669107,0.0,0.0723418,-0.09812080000000001,-1.02637,2.7,-0.9213959999999999,0,20180124,2.8535,0.0021,-448.0
20,2017-12-29,2017-12-29 14:56:11,2.861,10001136,0.0018204,0.0021,0.0022,0.138698,0.142655,0.143999,-0.042257800000000005,0.000678335,0.8628020000000001,-0.060171,-0.21937199999999998,-0.18698199999999998,0.0632185,0.0,0.06925110000000001,-0.0760543,-1.13046,2.7,-0.946926,0,20180124,2.8565,0.0009,-543.0
21,2018-01-02,2018-01-02 14:56:06,2.9111,10001128,0.00212534,0.002,0.0021,0.146553,0.144774,0.146198,-0.0480786,0.0007162910000000001,0.951758,-0.0808912,-0.203227,-0.175068,0.0418689,0.00159714,0.0605974,-0.08282260000000001,-1.4723,2.75,-0.964725,0,20180124,2.9075,0.0019,-338.0
22,2018-01-03,2018-01-03 14:56:05,2.9192,10001128,0.00206199,0.0019,0.002,0.152055,0.149614,0.151134,-0.0462889,0.0006786810000000001,0.9107850000000001,-0.0874468,-0.187912,-0.162971,0.03,0.013599700000000001,0.0575072,-0.0848835,-1.6880000000000002,2.75,-1.01168,0,20180124,2.9115,0.0015,-295.0
23,2018-01-04,2018-01-04 14:56:14,2.9223,10001128,0.00173027,0.0015,0.0017,0.153091,0.149048,0.152578,-0.0404647,0.000592897,0.833399,-0.08137430000000001,-0.173197,-0.151194,0.03,0.013296700000000002,0.054416,-0.0806003,-1.8137299999999998,2.75,-1.0576299999999998,0,20180124,2.9185,0.0012,-171.0
24,2018-01-05,2018-01-05 14:56:00,2.9371,10001100,0.0031836,0.0031,0.0032,0.146546,0.145628,0.146725,-0.0723931,0.000916374,1.41256,-0.130638,-0.21075100000000002,-0.18196700000000002,0.03,0.0294675,0.051316099999999996,-0.113195,-1.9067599999999998,2.8,-0.844577,0,20180124,2.9315,0.0022,-613.0
25,2018-01-08,2018-01-08 14:56:13,2.9465,10001100,0.00219101,0.0022,0.0024,0.153221,0.153353,0.156225,-0.0537359,0.0006788419999999999,1.14636,-0.114974,-0.171138,-0.150446,0.03,0.018714599999999998,0.0445159,-0.0929184,-2.31118,2.8,-0.9763780000000001,0,20180124,2.9425,0.0011,-582.0
26,2018-01-09,2018-01-09 14:56:08,2.9742,10001100,0.0010694,0.0011,0.0011,0.15650799999999998,0.15726700000000002,0.15726700000000002,-0.028955400000000006,0.00039984,0.697149,-0.0764897,-0.131455,-0.11736600000000001,0.03,0.0415415,0.041427,-0.07056110000000003,-2.56517,2.8,-1.17674,0,20180124,2.9695,0.0008,-672.0
27,2018-01-10,2018-01-10 14:56:14,2.9979,10001101,0.00190788,0.0019,0.002,0.156855,0.156723,0.158379,-0.0491453,0.000596941,1.1045399999999999,-0.12326500000000001,-0.15170999999999998,-0.134911,0.03,0.0381742,0.038337,-0.0932058,-2.8455,2.85,-1.0271700000000001,0,20180124,2.9939999999999998,0.0018,-315.0
28,2018-01-11,2018-01-11 14:56:12,2.9955,10001101,0.00194549,0.0018,0.002,0.162726,0.160173,0.163655,-0.0502445,0.000582147,1.13111,-0.134731,-0.139807,-0.12509800000000001,0.03,0.0327405,0.0352478,-0.09589639999999999,-3.09504,2.85,-1.05879,0,20180124,2.9905,0.0013,-368.0
29,2018-01-12,2018-01-12 14:56:06,3.0224,10001101,0.00144351,0.0013,0.0014,0.181061,0.177648,0.180048,-0.036495400000000004,0.000433257,0.814537,-0.12561,-0.10108099999999999,-0.09184099999999999,0.03,0.0634302,0.032159,-0.0829981,-3.3178300000000003,2.85,-1.28606,0,20180124,3.0165,0.001,-429.0
30,2018-01-15,2018-01-15 14:56:01,3.0454,10001102,0.00271085,0.003,0.0031,0.199967,0.20463499999999998,0.206196,-0.0634803,0.0006035109999999999,1.28314,-0.244351,-0.0995661,-0.0911023,0.03,0.06363669999999999,0.0253608,-0.105751,-4.41576,2.9,-1.20736,0,20180124,3.0435,0.0011,-642.0
31,2018-01-16,2018-01-16 14:56:08,3.0655,10001102,0.00112119,0.0011,0.0012,0.199817,0.199154,0.202221,-0.031167200000000006,0.000321216,0.768116,-0.14568599999999998,-0.0641681,-0.0595831,0.03,0.046952600000000004,0.0222707,-0.0686019,-4.2360000000000015,2.9,-1.47748,0,20180124,3.0585,0.0016,-667.0
32,2018-01-17,2018-01-17 14:56:16,3.0784,10001102,0.00161057,0.0016,0.0017,0.241211,0.240914,0.24368299999999998,-0.038533,0.00035627099999999996,0.812591,-0.23154,-0.0422068,-0.0396182,0.03,0.093798,0.0191804,-0.072259,-4.16275,2.9,-1.6889,0,20180124,3.0745,0.0009,-784.0
33,2018-01-18,2018-01-18 14:56:04,3.1073,10001103,0.00163081,0.0016,0.0017,0.239525,0.23864899999999997,0.241461,-0.0420011,0.000353371,0.9494940000000001,-0.262231,-0.0423009,-0.0398653,0.03,0.024594400000000002,0.0160923,-0.0790768,-5.0316,2.95,-1.6407900000000002,0,20180124,3.1035,0.002,-825.0
34,2018-01-19,2018-01-19 14:56:03,3.1139,10001103,0.00200307,0.002,0.0021,0.281805,0.28171799999999997,0.284519,-0.0476816,0.000352483,0.99205,-0.393495,-0.025599599999999997,-0.024373500000000003,0.03,0.10814700000000001,0.013003,-0.08107710000000001,-5.03399,2.95,-1.86106,0,20180124,3.1085,0.0004,-944.0
35,2018-01-22,2018-01-22 14:56:14,3.1296,10001104,0.00046035,0.0009,0.001,0.25998699999999997,0.290034,0.29551700000000003,-0.0194927,0.00011676299999999999,0.739202,-0.24699000000000002,-0.0101348,-0.00982607,0.03,0.0679554,0.00620307,-0.034691,-6.942989999999999,3.0,-2.13597,0,20180124,3.1265,0.0002,-594.0
36,2018-01-23,2018-01-23 14:56:06,3.1732,10001154,0.00166438,0.0011,0.0012,0.274753,0.25009000000000003,0.254866,-0.07574960000000001,0.000252497,2.9303,-1.22758,-0.0210043,-0.0204351,0.03,0.504012,0.00311452,-0.12339100000000001,-32.7366,3.1,-1.56692,0,20180124,3.1675,0.0,-101.0
37,2018-01-24,2018-01-24 14:56:02,3.1656,10001154,5.6121400000000005e-15,0.0,0.0001,0.577308,0.0,1.0,-4.34481e-12,4.82546e-15,3.2516000000000002e-09,-5.95639e-09,0.0,0.0,0.03,38.3067,2.55447e-05,-1.0966600000000002e-09,-4.2582e-05,3.1,-15.7627,0,20180124,3.1655,,-101.0
38,2018-01-25,2018-01-25 14:56:07,3.1496,10001161,0.0145935,0.0151,0.0152,0.183199,0.18543800000000002,0.185877,-0.159518,0.00224998,1.43056,-0.216714,-0.344292,-0.282316,0.041447500000000005,0.0,0.0865438,-0.187066,-0.648225,3.0,-0.710444,0,20180228,3.1465,0.0077,-317.0
39,2018-01-26,2018-01-26 14:56:11,3.1782,10001161,0.00743531,0.0077,0.0078,0.16778900000000002,0.16942100000000002,0.170031,-0.0999158,0.00161031,1.1385100000000001,-0.149168,-0.300848,-0.250653,0.0391204,0.0,0.083454,-0.135424,-0.850234,3.0,-0.8441790000000001,0,20180228,3.1715,0.0153,-325.0
40,2018-01-29,2018-01-29 14:56:10,3.1332,10001150,0.00756332,0.0073,0.0074,0.171811,0.17011600000000002,0.170763,-0.104109,0.00156599,1.2112100000000001,-0.18218199999999998,-0.280656,-0.235465,0.03,0.0511913,0.0766553,-0.148917,-1.2006700000000001,2.95,-0.84698,0,20180228,3.1145,0.009000000000000001,-433.0
41,2018-01-30,2018-01-30 14:56:07,3.0955,10001149,0.00429959,0.0041,0.0042,0.161025,0.159242,0.160141,-0.0705195,0.00113263,0.997825,-0.129768,-0.248275,-0.21045100000000005,0.03,0.05721030000000001,0.0735662,-0.11953499999999999,-1.3398,2.9,-0.932591,0,20180228,3.0775,0.003,-326.0
42,2018-01-31,2018-01-31 14:56:13,3.1297,10001150,0.00631515,0.0061,0.0062,0.168323,0.166773,0.167497,-0.09460980000000001,0.00139869,1.20373,-0.173375,-0.26198699999999997,-0.221602,0.03,0.0520702,0.07047619999999999,-0.143502,-1.3638299999999999,2.95,-0.8675290000000001,0,20180228,3.1135,0.0039,-304.0
43,2018-02-01,2018-02-01 14:56:15,3.1475,10001161,0.00883529,0.0091,0.0092,0.161944,0.163464,0.16403299999999998,-0.13062200000000002,0.00173214,1.60219,-0.21853699999999998,-0.296053,-0.247873,0.03,0.05594690000000002,0.0673866,-0.17672100000000002,-1.31282,3.0,-0.712629,0,20180228,3.1355,0.0074,-209.0
44,2018-02-02,2018-02-02 14:56:15,3.1626,10001161,0.00738148,0.0074,0.0076,0.167579,0.1677,0.169008,-0.111329,0.00151928,1.40973,-0.208511,-0.267623,-0.226663,0.03,0.060523099999999996,0.0642972,-0.163503,-1.51757,3.0,-0.801669,0,20180228,3.1435,0.005,-295.0
45,2018-02-05,2018-02-05 14:56:03,3.198,10001161,0.00486433,0.005,0.0051,0.183948,0.185184,0.186085,-0.0755077,0.00109025,1.0078799999999999,-0.181074,-0.19908199999999998,-0.172978,0.03,0.0582784,0.057499699999999994,-0.130905,-1.85045,3.0,-1.03903,0,20180228,3.1775,0.0232,-498.0
46,2018-02-06,2018-02-06 14:56:08,3.1073,10001150,0.0130815,0.0131,0.0132,0.225627,0.225737,0.22632600000000005,-0.150633,0.00169437,1.42946,-0.341878,-0.2164510000000001,-0.187047,0.03,0.010685700000000001,0.05440980000000002,-0.201648,-1.74695,2.95,-0.908857,0,20180228,3.1055,0.0331,-481.0
47,2018-02-07,2018-02-07 14:56:14,3.0275,10001148,0.011222,0.0109,0.011000000000000001,0.2436780000000001,0.2414530000000001,0.242146,-0.13065,0.00145521,1.26957,-0.345018,-0.171713,-0.150527,0.03,0.0296778,0.0513197,-0.187775,-2.0066900000000003,2.85,-1.0671,0,20180228,3.022,0.0281,-856.0
48,2018-02-08,2018-02-08 14:56:06,2.9544,10001147,0.0170713,0.0172,0.0176,0.26600799999999997,0.26677,0.26912600000000003,-0.177853,0.00168787,1.50722,-0.48179099999999997,-0.184139,-0.16080999999999998,0.03,0.0620747,0.048231199999999995,-0.240898,-2.2732099999999997,2.8,-0.949457,0,20180228,2.9405,0.0959,-731.0
49,2018-02-09,2018-02-09 14:56:03,2.793,10001159,0.036816,0.0358,0.0364,0.387092,0.381742,0.384905,-0.255484,0.00190428,1.39697,-0.848585,-0.167685,-0.147038,0.03,0.0765859,0.0451421,-0.323381,-2.51478,2.65,-0.94986,0,20180228,2.8035,0.0198,-320.0
50,2018-02-12,2018-02-12 14:56:10,2.8075,10001159,0.021199700000000002,0.0198,0.02,0.33620300000000003,0.326977,0.328306,-0.19903800000000002,0.00153114,1.5069299999999999,-0.7367520000000001,-0.132199,-0.117948,0.03,0.148302,0.0383426,-0.27323000000000003,-3.2894900000000002,2.65,-1.08673,0,20180228,2.8005,0.0094,-222.0
51,2018-02-13,2018-02-13 14:56:06,2.8547,10001160,0.0145922,0.0146,0.0148,0.295694,0.295752,0.297236,-0.168149,0.00134459,1.58233,-0.618514,-0.126501,-0.11343699999999995,0.03,0.145039,0.0352639,-0.245779,-3.5581300000000002,2.7,-1.10036,0,20180228,2.8465,0.0134,-268.0
52,2018-02-14,2018-02-14 14:56:06,2.8871,10001160,0.0134884,0.0134,0.0137,0.330142,0.329402,0.331908,-0.148392,0.00119548,1.35029,-0.709954,-0.09013600000000001,-0.08205189999999997,0.03,0.25638,0.0321728,-0.23016799999999998,-3.87868,2.7,-1.3317299999999999,0,20180228,2.8685,0.002,-294.0
53,2018-02-22,2018-02-22 14:56:04,2.9334,10001147,0.00749122,0.0075,0.0078,0.297114,0.297225,0.300966,-0.13231199999999999,0.000795573,1.9328900000000002,-0.8625139999999999,-0.0666528,-0.0622312,0.03,0.36138400000000004,0.0160992,-0.193275,-8.2754,2.8,-1.29908,0,20180228,2.9245,0.0025,-104.0
54,2018-02-23,2018-02-23 14:56:05,2.9564,10001147,0.00251941,0.0025,0.0026,0.294915,0.29441999999999996,0.29695,-0.0583323,0.000392665,1.17108,-0.474075,-0.0415239,-0.039283,0.03,0.19833900000000002,0.013007900000000001,-0.10732799999999999,-7.38714,2.8,-1.8294400000000002,0,20180228,2.9505,0.0008,-104.0
55,2018-02-26,2018-02-26 14:56:06,2.9751,10001147,0.000454226,0.0008,0.001,0.339796,0.370446,0.384423,-0.0158334,9.293860000000001e-05,0.49779799999999996,-0.281177,-0.00958286,-0.0092909,0.03,0.599405,0.00620736,-0.0326074,-7.662439999999999,2.8,-2.9001099999999997,0,20180228,2.9625,0.0008,0.0
56,2018-02-27,2018-02-27 14:56:05,2.9199,10001148,0.00294968,0.0045,0.0046,0.317857,0.362592,0.36525799999999997,-0.115674,0.000317409,3.75829,-1.96367,-0.0327946,-0.0317427,0.03,1.0517,0.00311634,-0.184731,-47.4631,2.85,-1.5080200000000001,0,20180228,2.9135,0.0,-163.0
57,2018-02-28,2018-02-28 14:56:07,2.8761,10001147,0.0,0.0,0.0001,0.557651,0.0,1.0,-0.0,2.98253e-21,2.56344e-15,-3.2970500000000002e-15,0.0,0.0,0.03,101.774,2.5008000000000002e-05,-0.00297655,-118.01100000000001,2.8,-19.3138,0,20180228,2.8715,,-79.0
58,2018-03-01,2018-03-01 14:56:07,2.8928,10001130,0.0244523,0.0242,0.0246,0.243133,0.242036,0.243775,-0.216944,0.00230153,1.5370700000000002,-0.391023,-0.27809,-0.23192600000000002,0.03,0.048447000000000004,0.0735937,-0.251328,-1.1652799999999999,2.75,-0.726424,0,20180328,2.8835,0.0284,-24.0
59,2018-03-02,2018-03-02 14:56:06,2.8688,10000977,0.018972,0.0186,0.0187,0.249797,0.247917,0.248423,-0.17841500000000002,0.00198474,1.36934,-0.36489499999999997,-0.23584499999999997,-0.19977999999999999,0.03,0.057079599999999994,0.07050269999999999,-0.21848299999999998,-1.39257,2.7,-0.884785,0,20180328,2.8575,0.015,-14.0
60,2018-03-05,2018-03-05 14:56:00,2.8659,10000977,0.015576,0.015,0.0153,0.242669,0.23941199999999999,0.24111300000000002,-0.16303,0.0017795000000000005,1.40153,-0.349428,-0.2086530000000001,-0.17890799999999998,0.03,0.053449,0.06370289999999999,-0.201992,-1.60141,2.7,-0.921365,0,20180328,2.8575,0.009000000000000001,0.0
61,2018-03-06,2018-03-06 14:56:01,2.8983,10001130,0.013989600000000001,0.0142,0.0144,0.21849899999999997,0.21968600000000002,0.220809,-0.164928,0.00176857,1.58975,-0.331598,-0.20661999999999997,-0.177668,0.03,0.057699699999999986,0.0606116,-0.205377,-1.71426,2.75,-0.8260870000000001,0,20180328,2.8845,0.0181,0.0
62,2018-03-07,2018-03-07 14:56:04,2.8757,10001130,0.018229099999999998,0.0181,0.0183,0.226361,0.225696,0.226725,-0.202822,0.00194491,1.8063,-0.393652,-0.229043,-0.195512,0.03,0.0497277,0.0575202,-0.24149099999999998,-1.69147,2.75,-0.726511,0,20180328,2.8685,0.0122,-2.0
63,2018-03-08,2018-03-08 14:56:06,2.9074,10001130,0.011876799999999998,0.0122,0.0123,0.225631,0.227696,0.228331,-0.146927,0.00155795,1.5007700000000002,-0.33752600000000005,-0.179637,-0.156404,0.03,0.0650332,0.054428899999999995,-0.191234,-2.00241,2.75,-0.921585,0,20180328,2.8965,0.0088,-24.0
64,2018-03-09,2018-03-09 14:56:02,2.9135,10001130,0.00884752,0.0088,0.0089,0.216565,0.21620999999999999,0.216957,-0.12247999999999999,0.00133826,1.41802,-0.295984,-0.152542,-0.134239,0.03,0.06918510000000001,0.051338199999999994,-0.168122,-2.13347,2.75,-0.9840700000000001,0,20180328,2.9025,0.0079,0.0
65,2018-03-12,2018-03-12 14:56:08,2.915,10001130,0.00771411,0.0079,0.008,0.226785,0.22836700000000001,0.229212,-0.11175299999999999,0.00116907,1.36216,-0.306399,-0.131707,-0.11721300000000001,0.03,0.057574099999999996,0.044537099999999996,-0.15268800000000002,-2.41518,2.75,-1.08115,0,20180328,2.9035,0.0127,-86.0
66,2018-03-13,2018-03-13 14:56:01,2.8774,10001130,0.0124881,0.0127,0.0128,0.230406,0.23183600000000001,0.232508,-0.169446,0.00147776,1.86904,-0.429388,-0.16846,-0.148265,0.03,0.068999,0.041446699999999996,-0.213759,-2.73279,2.75,-0.858017,0,20180328,2.8695,0.0109,-95.0
67,2018-03-14,2018-03-14 14:56:03,2.8753,10000977,0.00615511,0.0068,0.0069,0.23975100000000002,0.24636999999999998,0.24737199999999998,-0.09528939999999997,0.000952944,1.25347,-0.316587,-0.105994,-0.0954962,0.03,0.09912289999999999,0.038355300000000016,-0.13984000000000002,-2.87776,2.7,-1.23065,0,20180328,2.8655,0.0037,-50.0
68,2018-03-15,2018-03-15 14:56:07,2.8981,10001130,0.00621226,0.0061,0.0062,0.22352199999999997,0.22238200000000002,0.223398,-0.1049,0.00098842,1.49301,-0.31943299999999997,-0.10973599999999999,-0.099026,0.03,0.050924000000000004,0.035263800000000005,-0.149841,-3.04755,2.75,-1.1016,0,20180328,2.8905,0.0091,-110.0
69,2018-03-16,2018-03-16 14:56:02,2.8671,10000977,0.00463649,0.0052,0.0053,0.241786,0.24891300000000002,0.25014000000000003,-0.08068860000000001,0.000769279,1.2030100000000001,-0.290952,-0.0844803,-0.0770456,0.03,0.0387853,0.032173200000000006,-0.123655,-3.0662,2.7,-1.3328200000000001,0,20180328,2.8635,0.0035,-51.0
70,2018-03-19,2018-03-19 14:56:06,2.8963,10001130,0.00582075,0.0057,0.0058,0.253812,0.252341,0.25356,-0.10263499999999999,0.000824631,1.5265,-0.42976099999999995,-0.0901198,-0.08258439999999999,0.03,0.0887995,0.025372299999999997,-0.14518699999999998,-4.44687,2.75,-1.26416,0,20180328,2.8895,0.004,-158.0
71,2018-03-20,2018-03-20 14:56:26,2.9024,10001130,0.00512458,0.004,0.0041,0.267429,0.25095700000000004,0.25250300000000003,-0.09316360000000001,0.000721262,1.43695,-0.4574760000000001,-0.07823560000000003,-0.0722165,0.03,0.121616,0.022279,-0.137797,-5.05314,2.75,-1.39068,0,20180328,2.8965,0.0053,-167.0
72,2018-03-21,2018-03-21 14:56:09,2.8875,10001130,0.00584482,0.0053,0.0054,0.277469,0.269957,0.271359,-0.107714,0.000740341,1.6676400000000002,-0.567004,-0.0800893,-0.0741255,0.03,0.13271,0.0191897,-0.157595,-6.15771,2.75,-1.35191,0,20180328,2.8875,0.0039,-146.0
73,2018-03-22,2018-03-22 14:56:10,2.8589,10000977,0.00180535,0.0017,0.0019,0.26362199999999997,0.260523,0.266322,-0.0453101,0.000345621,0.996396,-0.292358,-0.036655400000000005,-0.034572900000000004,0.03,0.102773,0.0160985,-0.0825972,-5.06191,2.7,-1.76587,0,20180328,2.8575,0.027000000000000003,-64.0
74,2018-03-23,2018-03-23 14:56:18,2.7401,10001165,0.0155359,0.0155,0.0156,0.394296,0.393904,0.394996,-0.216121,0.0009157480000000001,2.3782,-1.34744,-0.0994712,-0.09177060000000001,0.0883447,0.022141400000000002,0.013006499999999999,-0.26769699999999996,-7.777610000000001,2.65,-1.20286,0,20180328,2.7835,0.005,-30.0
75,2018-03-26,2018-03-26 14:56:01,2.7272,10001238,0.00175807,0.0017,0.0018,0.387236,0.384588,0.389119,-0.0501751,0.000221284,1.2482799999999998,-0.657954,-0.0229731,-0.022131599999999998,0.275196,0.0,0.00615487,-0.0774685,-12.5589,2.6,-2.52163,0,20180328,2.7335,0.0001,-7.0
76,2018-03-27,2018-03-27 14:56:09,2.7369,10001165,0.000965504,0.001,0.0011,0.339336,0.3417,0.34830700000000003,-0.0452275,0.000144524,1.84645,-0.81919,-0.014830200000000003,-0.0144494,0.03,0.215023,0.00307921,-0.0837095,-26.7565,2.65,-2.28478,0,20180328,2.7375,0.0,-135.0
77,2018-03-28,2018-03-28 14:56:05,2.6707,10001165,9.527710000000001e-10,0.0,0.0001,1.0,0.0,1.0,-8.2612e-07,2.46745e-10,0.0006857660000000001,-0.00114188,-2.4537299999999996e-08,-2.4525900000000002e-08,590.674,0.0,4.82988e-06,-7.84446e-07,0.00826115,2.65,-19.1641,0,20180328,2.6845,,-140.0
78,2018-03-29,2018-03-29 14:56:14,2.7329,10001268,0.0287626,0.0288,0.028999999999999998,0.273976,0.27414299999999997,0.275034,-0.23700300000000002,0.00224285,1.54764,-0.437086,-0.27215900000000004,-0.226304,0.03,0.0363703,0.0708223,-0.272316,-1.1129,2.6,-0.7425189999999999,0,20180425,2.7355,0.0306,-28.0
79,2018-03-30,2018-03-30 14:56:06,2.7179,10001268,0.0301782,0.0306,0.0309,0.27109,0.272953,0.274275,-0.253226,0.00226106,1.6666,-0.452247,-0.274746,-0.228134,0.03,0.0311322,0.06774839999999999,-0.286871,-1.08542,2.6,-0.680351,0,20180425,2.7155,0.0321,-32.0
80,2018-04-02,2018-04-02 14:56:07,2.6947,10001272,0.0220068,0.021,0.0213,0.282428,0.277021,0.27863899999999997,-0.202174,0.0018738,1.49872,-0.42929799999999996,-0.2219,-0.188701,0.03,0.022516,0.060964099999999986,-0.24146399999999998,-1.47966,2.55,-0.901542,0,20180425,2.7015,0.0205,-32.0
81,2018-04-03,2018-04-03 14:56:08,2.6957,10001272,0.021109700000000002,0.0205,0.0207,0.283483,0.28010100000000004,0.281213,-0.199165,0.00180971,1.51755,-0.4460560000000001,-0.21323899999999998,-0.182172,0.03,0.0366731,0.057889199999999995,-0.24172399999999997,-1.64832,2.55,-0.9173379999999999,0,20180425,2.6905,0.0198,-32.0
82,2018-04-04,2018-04-04 14:56:14,2.6967,10001272,0.0206112,0.0198,0.0199,0.289731,0.285061,0.285639,-0.196312,0.00174645,1.51219,-0.464262,-0.20476,-0.175754,0.03,0.036267400000000005,0.05481369999999999,-0.24083000000000002,-1.7747,2.55,-0.949787,0,20180425,2.6955,0.0141,-32.0
83,2018-04-09,2018-04-09 14:56:00,2.7134,10001272,0.0144048,0.0141,0.0143,0.29857100000000003,0.296338,0.29780500000000004,-0.156685,0.00136995,1.40609,-0.468678,-0.156444,-0.13761099999999998,0.03,0.0480696,0.0443218,-0.198047,-2.44258,2.55,-1.16485,0,20180425,2.7085,0.0048,-32.0
84,2018-04-10,2018-04-10 14:56:12,2.7816,10001256,0.015221200000000002,0.0153,0.0155,0.26504099999999997,0.265569,0.266905,-0.182071,0.00149166,1.7635599999999998,-0.49299899999999997,-0.17065,-0.14977200000000002,0.03,0.058022000000000004,0.041245699999999996,-0.224956,-2.64758,2.65,-0.9318200000000001,0,20180425,2.7755,0.0151,-95.0
85,2018-04-11,2018-04-11 14:56:01,2.7823,10001256,0.0149388,0.0151,0.0152,0.274876,0.276006,0.276706,-0.17971199999999998,0.00142381,1.75292,-0.525582,-0.16200799999999999,-0.142931,0.03,0.056775,0.038172000000000005,-0.224316,-2.88422,2.65,-0.976498,0,20180425,2.7765,0.0199,-95.0
86,2018-04-12,2018-04-12 14:56:08,2.7474,10001268,0.0119835,0.0111,0.0112,0.290975,0.283529,0.284382,-0.150543,0.00120242,1.55988,-0.5016930000000001,-0.135148,-0.12064100000000001,0.03,0.038725800000000005,0.035096499999999996,-0.196697,-3.13332,2.6,-1.17086,0,20180425,2.7425,0.0137,-34.0
87,2018-04-13,2018-04-13 14:56:10,2.7226,10001268,0.014175299999999997,0.0137,0.013999999999999999,0.289916,0.28618299999999997,0.288544,-0.180418,0.00127978,1.85975,-0.579713,-0.144137,-0.128415,0.03,0.031616700000000005,0.0320214,-0.227527,-3.36597,2.6,-1.02878,0,20180425,2.7195,0.0241,-34.0
88,2018-04-16,2018-04-16 14:56:19,2.6627,10001272,0.013346,0.0134,0.0135,0.305596,0.306075,0.30696,-0.184687,0.00112721,2.06149,-0.6996899999999999,-0.125449,-0.113044,0.03,0.06580130000000001,0.0252363,-0.22778299999999999,-4.51195,2.55,-1.06619,0,20180425,2.6585,0.0168,-20.0
89,2018-04-17,2018-04-17 14:56:08,2.6308,10001278,0.00955421,0.0094,0.0095,0.32059099999999996,0.318856,0.319982,-0.14491600000000002,0.000891628,1.8131400000000002,-0.673652,-0.0978041,-0.0893592,0.03,0.106218,0.0221627,-0.192659,-5.41404,2.5,-1.32485,0,20180425,2.6275,0.0042,-20.0
90,2018-04-18,2018-04-18 14:56:12,2.6523,10001278,0.00404705,0.0042,0.0043,0.300531,0.303322,0.30512100000000003,-0.0797466,0.000543168,1.34601,-0.44562799999999997,-0.0584095,-0.054376,0.03,0.11578,0.0190875,-0.124352,-5.51785,2.5,-1.66474,0,20180425,2.6445,0.0007,-20.0
91,2018-04-19,2018-04-19 14:56:09,2.6842,10001272,0.00232161,0.0021,0.0023,0.251189,0.24570999999999998,0.25066700000000003,-0.0620267,0.000414951,1.43183,-0.3562,-0.0441755,-0.0415128,0.03,0.215074,0.016013,-0.108855,-6.37116,2.55,-1.52757,0,20180425,2.6745,0.001,-14.0
92,2018-04-23,2018-04-23 14:56:07,2.6659,10001272,0.000919605,0.001,0.0011,0.29243,0.29704200000000003,0.302491,-0.037304699999999996,0.000170137,1.3302,-0.466467,-0.0176217,-0.017010499999999998,0.03,0.6561939999999999,0.00615423,-0.067373,-13.8406,2.55,-2.06986,0,20180425,2.6565,0.0003,-17.0
93,2018-04-24,2018-04-24 14:56:11,2.7291,10001256,0.000974406,0.0015,0.0016,0.28771599999999997,0.316375,0.321207,-0.0527124,0.00016276,2.46673,-0.934206,-0.0167141,-0.0162717,0.03,1.23819,0.00307899,-0.10468,-36.1412,2.65,-1.8520299999999998,0,20180425,2.7175,0.0,-136.0
94,2018-04-25,2018-04-25 14:56:04,2.6971,10001256,0.0,0.0,0.0001,0.721079,0.0,1.0,-0.0,1.60669e-28,6.072040000000001e-22,-1.14832e-21,0.0,0.0,0.03,175.851,4.93721e-06,-0.02696,-5344.39,2.65,-29.7961,0,20180425,2.6935,,-136.0
95,2018-04-26,2018-04-26 14:56:01,2.6621,10001292,0.0143626,0.0141,0.0142,0.24090599999999998,0.23935399999999998,0.239946,-0.155894,0.00169691,1.39753,-0.286925,-0.200173,-0.170678,0.03,0.029910400000000007,0.0711215,-0.197746,-1.3182399999999999,2.5,-0.9423950000000001,0,20180523,2.6525,0.0151,0.0
96,2018-04-27,2018-04-27 14:56:05,2.6568,10001292,0.0152674,0.0151,0.0152,0.2466760000000001,0.24569499999999997,0.2462820000000001,-0.163735,0.00171038,1.44394,-0.309539,-0.201619,-0.172044,0.03,0.029783999999999998,0.0680299,-0.206808,-1.38886,2.5,-0.933135,0,20180523,2.6445,0.0143,0.0
97,2018-05-02,2018-05-02 14:56:06,2.6604,10001292,0.0141711,0.0143,0.0144,0.263679,0.264522,0.26517399999999997,-0.156327,0.00152785,1.42329,-0.35283000000000003,-0.177479,-0.15357200000000001,0.03,0.0373625,0.05752,-0.196771,-1.7691299999999999,2.5,-1.03009,0,20180523,2.6465,0.013,0.0
98,2018-05-03,2018-05-03 14:56:10,2.6659,10001292,0.0133556,0.013000000000000001,0.0131,0.26989,0.267417,0.268115,-0.149364,0.00144481,1.38392,-0.36443200000000003,-0.16683900000000002,-0.14518,0.03,0.046624,0.0544284,-0.192089,-1.93097,2.5,-1.08609,0,20180523,2.6535,0.0156,0.0
99,2018-05-04,2018-05-04 14:56:06,2.6459,10001292,0.016186700000000002,0.0156,0.0158,0.27577199999999996,0.271968,0.27326999999999996,-0.17619500000000002,0.0015508,1.56466,-0.422013,-0.179809,-0.155888,0.03,0.042820800000000006,0.05133769999999999,-0.21923499999999999,-2.01195,2.5,-0.98972,0,20180523,2.6365,0.0083,0.0
100,2018-05-07,2018-05-07 14:56:02,2.6866,10001293,0.015588299999999998,0.0156,0.0157,0.272957,0.273036,0.273706,-0.18048599999999998,0.0014888,1.69671,-0.47017200000000003,-0.171138,-0.149553,0.03,0.05974640000000001,0.04453769999999999,-0.22177199999999997,-2.4358299999999997,2.55,-0.9639559999999999,0,20180523,2.6765,0.0081,0.0
101,2018-05-08,2018-05-08 14:56:03,2.7236,10001294,0.015453299999999996,0.0154,0.0156,0.254791,0.25443899999999997,0.255757,-0.192887,0.00151616,1.93546,-0.502996,-0.173998,-0.15223499999999998,0.03,0.101256,0.0414465,-0.23850500000000002,-2.81327,2.6,-0.854482,0,20180523,2.7125,0.0128,-69.0
102,2018-05-09,2018-05-09 14:56:12,2.7176,10001294,0.0129418,0.0128,0.0129,0.24561,0.244587,0.24530900000000005,-0.178698,0.00138898,1.99647,-0.459571,-0.157987,-0.139372,0.03,0.06136030000000001,0.038354400000000004,-0.223717,-2.90821,2.6,-0.878967,0,20180523,2.7095,0.0074,-38.0
